scheduler,seed,reward,thr_mbps,sinr_db,comp,miss,retx_drop,total_fail,depth,jain,jain_allk
SUS+CQI,10000,6077.938305853401,63.62499575766389,8.91284370204205,0.7544343713046906,0.1984627512810406,0.044737879385100515,0.24320063066614112,3.975729132946901,0.598134808971411,0.4486011067285583
SUS+DPF,10000,5359.20639856523,59.50421894888528,8.895729763921613,0.7271799060649378,0.207269756994078,0.06289565039820298,0.270165407392281,3.9860101226634512,0.5784168437958899,0.4338126328469174
SUS+PF,10000,5607.296009533558,61.59819169899189,8.977310370285208,0.7333333333333333,0.20514342235410485,0.05875370919881306,0.2638971315529179,3.9854160750954706,0.5787998094562297,0.43409985709217225
SUS+Rnd,10000,4260.769459042579,52.40406770299035,8.330301810207997,0.6874044968347522,0.24536127483082296,0.06461471294477189,0.3099759877755949,3.9909356411218213,0.5768236348937935,0.43261772617034516
SU+CQI,10000,8121.369884883762,79.02541418147601,25.601523805828084,0.8017722349852314,0.19658680669510994,0.0,0.19658680669510994,1.0,0.5559888305006246,0.4169916228754684
SU+DPF,10000,5707.353732083244,60.86442234683895,25.083992807137378,0.7504621072088724,0.24645717806531114,0.0,0.24645717806531114,1.0,0.5601277335066709,0.42009580013000325
SU+PF,10000,5542.711209483,64.1266226854732,25.332711048818094,0.7245958429561201,0.2734795996920708,0.0,0.2734795996920708,1.0,0.5557651915387422,0.4168238936540566
SU+Rnd,10000,2172.1579498486176,41.38325472110472,22.720864496282292,0.5876236368247527,0.40857215318285567,0.0,0.40857215318285567,1.0,0.5975402177157979,0.44815516328684846
PPO,10000,8082.154854001673,78.05106888621015,23.196024299886616,0.8046396023198011,0.19436619718309858,0.0,0.19436619718309858,1.2393655991545562,0.5695795682348804,0.4271846761761603
SUS+CQI,10001,9941.05481092428,87.27738452323221,7.6594341155857215,0.8532749675745784,0.11462386511024643,0.029507133592736705,0.14413099870298313,3.947708978986501,0.7599502233103496,0.6412080009181075
SUS+DPF,10001,8813.074675661197,79.9202140649244,7.399832129170036,0.8238528956865441,0.12338889843615741,0.05018044337515037,0.1735693418113078,3.9734264291449657,0.7450244038271718,0.6286143407291762
SUS+PF,10001,8973.653201361867,81.32898046822885,7.42619617596219,0.8286004056795132,0.12102772143340094,0.0486815415821501,0.16970926301555106,3.967219500579375,0.7466196512540877,0.6299603307456365
SUS+Rnd,10001,7701.678740052376,73.53214410203789,6.991134063592581,0.7942145734163311,0.14976199194434273,0.05272793848407177,0.2024899304284145,3.9839311902856367,0.7530482722805885,0.6353844797367465
SU+CQI,10001,8135.247150874073,82.121637944348,19.951565348475203,0.7825414022597121,0.2159108497136666,0.0,0.2159108497136666,1.0,0.5481887548330461,0.46253426189038266
SU+DPF,10001,6606.6375753072725,62.75158120476335,18.415047664994532,0.7965591397849462,0.19978494623655915,0.0,0.19978494623655915,1.0,0.7469886127726552,0.6302716420269274
SU+PF,10001,5682.483917384716,66.441964247861,18.74863224101088,0.7180076628352491,0.2795019157088123,0.0,0.2795019157088123,1.0,0.7341289517725633,0.6194213030581005
SU+Rnd,10001,2977.484104917375,49.566308166583696,16.640454967281602,0.6065116279069768,0.38813953488372094,0.00023255813953488373,0.3883720930232558,1.0,0.7753460214389281,0.6541982055890954
PPO,10001,10667.07373611863,92.94974060857359,13.59952074634246,0.8650591583046279,0.1328440916579302,0.0001497678598172832,0.1329938595177475,2.193356873024897,0.7003690061283396,0.5909363489207864
SUS+CQI,10002,10797.713320894902,93.65513790459904,7.7194007491602825,0.8627450980392157,0.11339109287125702,0.021583827329381366,0.1349749202006384,3.9700146888632584,0.7699790710897534,0.7218553791466438
SUS+DPF,10002,9735.368997988773,86.80023328356353,7.658659069068045,0.8373708010335917,0.13210594315245477,0.028423772609819122,0.1605297157622739,3.988204159335197,0.754624792376404,0.7074607428528787
SUS+PF,10002,9443.468285868277,86.5324297511529,7.500113331714978,0.822772748928061,0.14387803716055264,0.031284738764491025,0.17516277592504367,3.9822343952984958,0.7654749775493336,0.7176327914525
SUS+Rnd,10002,7470.574233666431,73.73873213381054,6.911275967894647,0.7703874049177428,0.18786485052184682,0.038209800106138336,0.22607465062798515,3.994344231208112,0.7564491320037902,0.7091710612535531
SU+CQI,10002,7590.791949959171,83.10667458262081,20.784145502453413,0.7463500958560684,0.252322666273411,0.0,0.252322666273411,1.0,0.5130053801182975,0.480942543860904
SU+DPF,10002,6484.690170749574,62.995055818373615,19.13311342286687,0.7763819095477387,0.22047738693467336,0.0,0.22047738693467336,1.0,0.7471444830052505,0.7004479528174224
SU+PF,10002,5139.269005493427,67.31912086786464,19.515950106504178,0.6781255654061878,0.3187986249321513,0.0,0.3187986249321513,1.0,0.7313645955698809,0.6856543083467636
SU+Rnd,10002,2530.142990443155,50.51118129896404,17.142303140466666,0.5708003518029904,0.4245822339489886,0.0,0.4245822339489886,1.0,0.7786655422494104,0.7299989458588223
PPO,10002,11408.686598407108,99.09806017266712,12.373431184059278,0.8660462492949803,0.13155668358714043,0.0001410039481105471,0.13169768753525096,2.560729893673989,0.7203632399712886,0.6753405374730826
SUS+CQI,10003,8388.819017404292,78.4628644981627,7.4090616810556975,0.8109660574412533,0.1650130548302872,0.021583986074847693,0.18659704090513488,3.976909180609672,0.7128879255101307,0.6014991871491729
SUS+DPF,10003,7506.872025111758,72.69004840066982,7.282189611726166,0.7867552112156428,0.18871057000553404,0.02305847629588637,0.2117690463014204,3.987394055394905,0.6998765119238426,0.5905208069357426
SUS+PF,10003,7707.851200661909,75.06549074761367,7.458197696644805,0.7897003409294814,0.18212811771038936,0.026018302530055624,0.208146420240445,3.9834671333177853,0.7036071442540166,0.593668527964326
SUS+Rnd,10003,5683.413632102675,63.15684775080091,6.85802739841745,0.7160126833135156,0.24435196195005945,0.0356718192627824,0.2800237812128419,3.993837315175207,0.6849889187338728,0.5779594001817052
SU+CQI,10003,7613.911477983319,79.76236852275426,22.525110961603318,0.7661150512214342,0.23215130023640662,0.0,0.23215130023640662,1.0,0.524183021975711,0.4422794247920059
SU+DPF,10003,5666.5529404692115,59.97905951614376,21.500292481259965,0.7425827107790822,0.2544290288153682,0.0,0.2544290288153682,1.0,0.6721524628100268,0.56712864049596
SU+PF,10003,4995.482796011703,63.55268329075072,21.843666388111004,0.6877133105802048,0.30887372013651876,0.0,0.30887372013651876,1.0,0.6573912318601876,0.5546738518820333
SU+Rnd,10003,1986.406886598759,44.86522805019737,19.328152998578634,0.5531091217033631,0.44277764335833536,0.0,0.44277764335833536,1.0,0.7228843361778371,0.60993365865005
PPO,10003,9263.863232535854,83.84988687184207,14.518129418052911,0.8384131591678762,0.15981293339783906,0.0003225286244154169,0.16013546202225448,2.1352575768132236,0.6597289332231023,0.5566462874069925
SUS+CQI,10004,12592.338815271485,106.15696697699707,11.015717576884576,0.8816114003836668,0.10359002466429158,0.012606193477665114,0.1161962181419567,3.9678775596323472,0.7944940088506075,0.7944940088506075
SUS+DPF,10004,12463.315026989665,105.15742553249282,11.071162773294569,0.8781775246562022,0.10612585081261286,0.014168634532573969,0.12029448534518683,3.9789261562028195,0.7909425715240007,0.7909425715240007
SUS+PF,10004,12106.451096130477,104.03008113448597,10.945595770417182,0.8672873818788216,0.11575875486381323,0.01584213451917732,0.13160088938299055,3.9775165619579766,0.8006370051221402,0.8006370051221402
SUS+Rnd,10004,9439.142330211911,87.07415501974556,10.068285868786845,0.8082127123977344,0.1628382630585274,0.025959723096286972,0.18879798615481436,3.992435692869731,0.7989315626165014,0.7989315626165014
SU+CQI,10004,9347.244597203753,95.74067259940462,26.55802590444146,0.7753651796288985,0.2227924726937755,0.0,0.2227924726937755,1.0,0.535199381711069,0.535199381711069
SU+DPF,10004,7803.089359051401,74.29923799800746,25.20608929163215,0.7899251688264282,0.2062420149662347,0.0,0.2062420149662347,1.0,0.7482435336492667,0.7482435336492667
SU+PF,10004,6639.418353859151,78.74277353396567,25.576169649524925,0.7120578778135048,0.2853697749196141,0.0,0.2853697749196141,1.0,0.7288628081937045,0.7288628081937045
SU+Rnd,10004,3442.9546930520896,57.93186039528095,23.236521939221724,0.605127186009539,0.3914944356120827,0.0,0.3914944356120827,1.0,0.8098818899412304,0.8098818899412304
PPO,10004,12855.351414709126,109.27897016302153,16.022591535790852,0.8800518134715026,0.11826424870466322,0.00038860103626943003,0.11865284974093265,2.5798871697585963,0.7242980593737323,0.7242980593737323
SUS+CQI,10005,8218.744225654471,68.50064575966648,9.937727908322097,0.8957253886010362,0.09067357512953368,0.011873920552677029,0.10254749568221071,3.800162950823464,0.795365809091704,0.47224844914819925
SUS+DPF,10005,8022.647011255167,67.41515299822615,9.593287737315272,0.8882839721254355,0.09603658536585366,0.014590592334494773,0.11062717770034844,3.821724938775959,0.801059656453012,0.47562917101897584
SUS+PF,10005,7950.1862284948165,66.97041106720425,9.756891178051296,0.88638353765324,0.09632224168126094,0.01466725043782837,0.11098949211908932,3.8030446081600666,0.7998723633377338,0.47492421573177945
SUS+Rnd,10005,7260.6319941839865,62.33177609250238,9.241312250863452,0.8676232353621847,0.11015968525804212,0.01967137236750752,0.12983105762554964,3.859637110135055,0.8002111546422763,0.4751253730688514
SU+CQI,10005,8994.424194681491,77.16503170819966,28.280823225025877,0.8823091247672253,0.11657355679702049,0.0,0.11657355679702049,1.0,0.7085828016673872,0.4207210384900109
SU+DPF,10005,8220.043303381504,69.36872444441953,27.9797643879812,0.8863873254117156,0.11215342922659996,0.0,0.11215342922659996,1.0,0.7213852020742264,0.42832246373157173
SU+PF,10005,8008.715214800077,71.3829478809547,28.081118599606164,0.8578558594529846,0.1407466560191655,0.0,0.1407466560191655,1.0,0.7223723758674623,0.4289085981713058
SU+Rnd,10005,4982.726345378208,51.221636488727945,26.090707274737326,0.7721619476051865,0.2259857105054247,0.0,0.2259857105054247,1.0,0.7858722825110458,0.4666116677409334
PPO,10005,9497.74940274219,79.02545394827557,22.825390097557637,0.9017775334432838,0.09730621220450797,0.0,0.09730621220450797,1.545104837851705,0.7456334955296682,0.4427198879707406
SUS+CQI,10006,6088.132692178285,56.84221765242852,6.924172699815461,0.8165467625899281,0.13573141486810553,0.04460431654676259,0.1803357314148681,3.84479238639875,0.6926358822022448,0.41125255505758274
SUS+DPF,10006,5679.5914669687545,55.68535647097062,6.862511092577426,0.7896370582617,0.1518624641833811,0.05659025787965616,0.20845272206303725,3.8779498238001717,0.668798466533398,0.39709908950420514
SUS+PF,10006,5613.110867526602,55.68500136346182,6.732472363793976,0.7826809015421115,0.1568208778173191,0.05907473309608541,0.2158956109134045,3.8936019438071803,0.6753664461106186,0.4009988273781798
SUS+Rnd,10006,5111.4118302880415,51.4382902712221,6.362921843627635,0.7704876822523882,0.16993464052287582,0.05681246857717446,0.22674710910005028,3.8931546166914934,0.678635826769237,0.40294002214423463
SU+CQI,10006,7698.930624844612,70.96126926971475,19.852591209015927,0.8363742236024845,0.1622670807453416,0.0,0.1622670807453416,1.0,0.6265761677266937,0.37202959958772436
SU+DPF,10006,6295.908009885926,59.97162525414836,19.404231820588123,0.8110557317625736,0.1866787494336203,0.0,0.1866787494336203,1.0,0.6438311408107366,0.38227473985637483
SU+PF,10006,6359.2975605726715,62.20550513422402,19.625228455229426,0.8022978538911771,0.1959679167569911,0.0,0.1959679167569911,1.0,0.6360007529842568,0.3776254470844025
SU+Rnd,10006,3348.5329267640454,42.373269104752076,17.399477549587637,0.6880255146419252,0.3090750942302117,0.00028993911278631486,0.309365033342998,1.0,0.6712000532170548,0.3985250315976263
PPO,10006,7686.443333434071,68.8369632327026,17.831613563448258,0.8498600559776089,0.1485405837664934,0.0,0.1485405837664934,1.2999402348942566,0.6419720909249617,0.38117092898669586
SUS+CQI,10007,7108.604436970391,58.892938670614626,6.845557950043739,0.9014368540458785,0.08016133098058986,0.016637257373329974,0.09679858835391983,3.3973119201088653,0.8390393806085006,0.445739670948266
SUS+DPF,10007,6903.9489813461905,57.50065130471207,6.65959746001996,0.8932958034800409,0.0834186284544524,0.020726714431934492,0.1041453428863869,3.420765515457372,0.840373267436805,0.44644829832580263
SUS+PF,10007,7016.937743071442,58.670831828945325,6.561915943110571,0.8918783002263012,0.0857430223786774,0.020618556701030927,0.10636157907970832,3.45369958654767,0.8386593175896639,0.4455377624695088
SUS+Rnd,10007,6546.587674788042,55.528635890115574,6.379275568349474,0.881544156530936,0.0898995240613432,0.026705446853516657,0.11660497091485986,3.4865998123505166,0.837248826077285,0.44478843885355757
SU+CQI,10007,7583.021350049461,65.16787383192148,18.344507635942552,0.8789139478870156,0.11955331727611124,0.0,0.11955331727611124,1.0,0.7267065049310011,0.38606283074459413
SU+DPF,10007,7079.727607194003,59.51450692194628,18.343473143925767,0.889763779527559,0.10826771653543307,0.0,0.10826771653543307,1.0,0.7696896833509846,0.4088976442802107
SU+PF,10007,6673.600955857639,60.45299098451238,18.463633671554327,0.8483848149021457,0.14996463098325866,0.0,0.14996463098325866,1.0,0.7643904982996818,0.406082452221706
SU+Rnd,10007,4261.0396343218035,44.46898580959834,16.402216202823034,0.7659969088098918,0.23183925811437403,0.0,0.23183925811437403,1.0,0.8215836181747779,0.43646629715535074
PPO,10007,7959.379883779655,66.08336760389483,14.226373151597837,0.9040671971706454,0.09416445623342175,0.0,0.09416445623342175,1.6301739730064118,0.7783259574993423,0.4134856649215256
SUS+CQI,10008,6699.735448890212,67.52725986833565,8.796667484634963,0.7700905762189246,0.1786471381769127,0.04837155521295047,0.22701869338986316,3.9462106902931366,0.6374983981496765,0.49804562355443477
SUS+DPF,10008,5388.067088650379,60.10951525276534,8.630850199040044,0.718781933374208,0.21438790108318007,0.0639689352135704,0.27835683629675045,3.974607181676059,0.606573580226473,0.47388560955193193
SUS+PF,10008,5453.589145827085,61.19144045972152,8.685552287590328,0.7194143602085841,0.21299638989169675,0.0645808263136783,0.27757721620537507,3.974041984803676,0.6085851932057501,0.4754571821919923
SUS+Rnd,10008,4653.730075588155,55.291425389182876,8.082897155084703,0.6929692539238873,0.23478821758761556,0.0694474306600731,0.3042356482476887,3.983597546625904,0.6106190888767538,0.47704616318496407
SU+CQI,10008,7046.201905538216,73.60015138297078,22.190040841675895,0.7676802186539119,0.2307823710283567,0.0,0.2307823710283567,1.0,0.522770378425661,0.40841435814504756
SU+DPF,10008,4985.788091684772,55.69836764293244,21.268409860932955,0.7247767857142857,0.27299107142857143,0.0,0.27299107142857143,1.0,0.5893102346279634,0.4603986208030965
SU+PF,10008,4541.908583792536,58.8728510461427,21.560617670385188,0.6832754747804779,0.31427404533387787,0.0,0.31427404533387787,1.0,0.5757843209730662,0.449831500760208
SU+Rnd,10008,1532.9355473502355,39.590389210912,19.19282711325348,0.5392259414225942,0.45658995815899583,0.0,0.45658995815899583,1.0,0.6370762865451082,0.49771584886336584
PPO,10008,7671.112493317054,73.74726732828334,17.357350997021616,0.8033421284080915,0.19489885664028145,0.00017590149516270889,0.19507475813544417,1.6339246593375785,0.5951092706497555,0.46492911769512163
SUS+CQI,10009,11151.000432153163,96.67821855651736,10.677254632514487,0.8625439624853458,0.11532825322391559,0.020955451348182885,0.13628370457209849,3.9394354004991388,0.7591973741435376,0.7117475382595662
SUS+DPF,10009,10243.060142144215,90.57327637727924,10.565718949358986,0.8419185687847008,0.13047501542257867,0.025601480567550895,0.15607649599012957,3.968085189688543,0.7457486187679696,0.699139330094972
SUS+PF,10009,10191.95754089607,91.38137393266726,10.601427896110403,0.8361427486712225,0.13591495823842065,0.025816249050873197,0.16173120728929385,3.9615779608233432,0.7511061096085425,0.7041619777580089
SUS+Rnd,10009,8480.61032854386,81.25977265702012,10.04021220246967,0.7911852096401453,0.16936282601518654,0.03697589963684384,0.20633872565203037,3.9852134910334316,0.7378106612873403,0.6916974949568817
SU+CQI,10009,8605.654537794922,88.6792504890083,25.424711237879638,0.7719546742209632,0.22606232294617565,0.0,0.22606232294617565,1.0,0.5424127211340335,0.5085119260631562
SU+DPF,10009,6910.35697864078,67.803627520393,24.184838817577663,0.7734496124031007,0.22364341085271316,0.0,0.22364341085271316,1.0,0.7225303862142504,0.6773722370758598
SU+PF,10009,6056.5554756679185,73.27735862052302,24.698396673106117,0.7057820228551935,0.2920006822445847,0.0,0.2920006822445847,1.0,0.7029076255115844,0.6589758989171103
SU+Rnd,10009,2941.6959627229303,52.89638771994998,22.18792578092536,0.5911403136922425,0.4046206019499788,0.0,0.4046206019499788,1.0,0.7712653215786321,0.7230612389799679
PPO,10009,11999.72372621518,102.86024324096603,16.329115512425922,0.8772820864790666,0.12065888812628689,0.0002745367192862045,0.1209334248455731,2.373905151438857,0.7234019768080874,0.6781893532575821
SUS+CQI,10010,3863.4339127440385,42.03643691195028,6.267127248604951,0.7359122753579044,0.20804142552543406,0.053914102954614684,0.26195552848004877,3.854860455716686,0.6083191263812237,0.3041595631906118
SUS+DPF,10010,3461.6197199892435,39.13406657459349,6.142130904577399,0.7152380952380952,0.22476190476190477,0.05650793650793651,0.2812698412698413,3.855985839300594,0.5978086425724639,0.29890432128623196
SUS+PF,10010,3593.2004407829463,40.41996314549312,6.26037634086499,0.7182014166923314,0.21589159223898985,0.06282722513089005,0.2787188173698799,3.863266033083117,0.5860692582350576,0.2930346291175288
SUS+Rnd,10010,3188.653999633515,38.182175932796845,6.103214888194372,0.6945419725502713,0.23715288860517075,0.06702840727736993,0.30418129588254067,3.8885256914719037,0.5789096391591276,0.2894548195795638
SU+CQI,10010,5442.4915563365785,52.529583021608275,18.563360805161636,0.8081983805668016,0.1902834008097166,0.0,0.1902834008097166,1.0,0.5814554290082888,0.2907277145041444
SU+DPF,10010,4548.765717595203,47.04469891808685,18.4043339038666,0.7709859154929577,0.2264788732394366,0.0,0.2264788732394366,1.0,0.5773460030153363,0.28867300150766817
SU+PF,10010,4491.879999983017,47.688134404738534,18.418245389724827,0.7639118457300276,0.2349862258953168,0.0,0.2349862258953168,1.0,0.5739193202979751,0.28695966014898755
SU+Rnd,10010,2056.8272106586073,31.98941282532302,16.43448182212042,0.6270328876039032,0.3697144922298518,0.0,0.3697144922298518,1.0,0.611459526712376,0.305729763356188
PPO,10010,5189.574900334744,49.987953114366576,16.3369261515454,0.8061036569323862,0.19179163378058406,0.0,0.19179163378058406,1.3195312476547654,0.5932403559240443,0.29662017796202217
SUS+CQI,10011,8777.472347793495,75.55874785382845,10.149506652631837,0.868774853247491,0.09297481537587578,0.03711418291990153,0.1300889982957773,3.8247234812869024,0.7727902539113581,0.5312932995640587
SUS+DPF,10011,8547.377638934558,74.4559154832529,10.177638724217353,0.8568981921979067,0.09819219790675547,0.04319695528068506,0.14138915318744052,3.8502486920773604,0.765985692056358,0.5266151632887461
SUS+PF,10011,8466.691294382594,73.98458044433843,10.084690718442864,0.8577204466692337,0.09664998074701579,0.04389680400462072,0.1405467847516365,3.8536123406708125,0.7667587614250656,0.5271466484797328
SUS+Rnd,10011,8029.156229631674,71.04580320822207,9.760110868661652,0.8441507200631289,0.09962517261787335,0.05306766620635234,0.15269283882422569,3.8968077239773966,0.7595693939756911,0.5222039583582877
SU+CQI,10011,8987.354375288318,81.10155894474342,24.086388536989602,0.846546444368833,0.15175229669955767,0.0,0.15175229669955767,1.0,0.6491963596973591,0.44632249729193446
SU+DPF,10011,7661.736419733167,67.3097213459505,23.65756214135782,0.8551273952411034,0.14213518635502212,0.0,0.14213518635502212,1.0,0.718279647766211,0.49381725783927
SU+PF,10011,7199.182549521489,70.40715320757947,23.807449029391048,0.8023615950445219,0.19628339140534262,0.0,0.19628339140534262,1.0,0.7098472390453848,0.48801997684370224
SU+Rnd,10011,4238.0300200474085,50.116127859876386,21.68887781113002,0.7076689445709947,0.2885345482156416,0.0,0.2885345482156416,1.0,0.7740925394785967,0.5321886208915352
PPO,10011,10009.190309732512,84.44187436722508,19.221501556565382,0.8896236012207528,0.10902000678195999,0.0,0.10902000678195999,1.6562210874365328,0.7247376827041977,0.498257156859136
SUS+CQI,10012,4641.476442838303,47.42893440285475,5.610588235101037,0.7722772277227723,0.17714744447417716,0.048702167514048704,0.22584961198822587,3.858669600952418,0.6103252834745306,0.32423530684584434
SUS+DPF,10012,4548.238496710375,46.58931467527547,5.479103968667918,0.7713347921225383,0.18708971553610504,0.039934354485776806,0.22702407002188185,3.8727404257121596,0.6079809128380417,0.3229898599452096
SUS+PF,10012,4579.58625350113,47.014442748541576,5.648041422358712,0.771041948579161,0.18457374830852502,0.04248985115020298,0.227063599458728,3.875307659745776,0.6053987826704499,0.32161810329367646
SUS+Rnd,10012,4104.348950405209,43.493082304520925,5.1291105514522,0.7531285551763367,0.19197952218430034,0.05233219567690557,0.24431171786120592,3.8946146582083636,0.6058073822824208,0.32183517183753607
SU+CQI,10012,6476.083623776241,60.585505198359385,19.32270324519488,0.824669603524229,0.17400881057268722,0.0,0.17400881057268722,1.0,0.6012777886358756,0.3194288252128089
SU+DPF,10012,5331.2667187629795,52.00011439870189,19.2747831163515,0.7998991935483871,0.19858870967741934,0.0,0.19858870967741934,1.0,0.5948439171341244,0.3160108309775036
SU+PF,10012,5352.872886945594,53.14602575347751,19.21840895708783,0.7924112607099143,0.20563035495716034,0.0,0.20563035495716034,1.0,0.5950682989579453,0.31613003382140836
SU+Rnd,10012,2846.0903603369297,36.35234660473612,17.429825246098,0.6825652594263616,0.31292297776345473,0.0003222687721559781,0.3132452465356107,1.0,0.607040596259678,0.32249031676295403
PPO,10012,6348.007457055204,59.40509523552658,18.550437975197024,0.8258414276033431,0.17280325276711092,0.0,0.17280325276711092,1.1189944805822236,0.5981752216896127,0.3177805865226067
SUS+CQI,10013,10751.331380122645,94.31925482667181,9.901445754649874,0.856690300196108,0.13199577613516367,0.009051138934982652,0.14104691507014633,3.957291723839768,0.7475625678963661,0.6774785771560816
SUS+DPF,10013,10069.556198923952,89.5459509561909,9.83863123410846,0.8419071518193224,0.14601631116687577,0.01019447929736512,0.15621079046424088,3.9803182673187547,0.7340606944326447,0.6652425043295842
SUS+PF,10013,9961.191673720743,89.99422270749591,9.803379217012827,0.835820895522388,0.15111940298507462,0.011194029850746268,0.1623134328358209,3.974600844566917,0.7380885651122836,0.6688927621330067
SUS+Rnd,10013,8423.853905594748,79.25810948718501,9.247609127567916,0.8041766518315645,0.17887709688462855,0.013522766175967135,0.1923998630605957,3.989833775852056,0.7304057030264203,0.6619301683676931
SU+CQI,10013,8972.767560202934,89.54569318184897,24.15908888711253,0.7882503921289035,0.21018109225723655,0.0,0.21018109225723655,1.0,0.5543598344226179,0.5023885999454974
SU+DPF,10013,6928.577473835824,67.46321290898403,22.752734178499864,0.7815092848676413,0.21513235875148162,0.0,0.21513235875148162,1.0,0.7052453762854469,0.6391286222586862
SU+PF,10013,6037.845653150108,71.45322625251085,23.09221894121192,0.7140108448486969,0.28371523526324993,0.0,0.28371523526324993,1.0,0.6873867875654116,0.6229442762311542
SU+Rnd,10013,3124.586801597698,53.492934250116306,21.176264161610785,0.6036856598178352,0.3929252277059945,0.0,0.3929252277059945,1.0,0.7482330875386435,0.6780862355818957
PPO,10013,11480.482325274548,99.51340256372345,16.595801375335174,0.8688892001680908,0.12985011906429472,0.0,0.12985011906429472,2.1546486862872865,0.6951494150597008,0.6299791573978539
SUS+CQI,10014,9012.587413679363,82.11827897087343,9.548597745078938,0.8282310110872083,0.13039880853880523,0.03921893099453914,0.16961773953334436,3.975286968542211,0.6984583763678824,0.5893242550604009
SUS+DPF,10014,8110.776433273379,77.26140945665247,9.50933556054833,0.7986565621770582,0.14984498794350673,0.04839820874956941,0.19824319669307613,3.9827014916068353,0.6763174472876141,0.5706428461489245
SUS+PF,10014,8019.590411284582,77.34871048143988,9.420690952745886,0.7930917134592479,0.14837502126935512,0.05632125233962906,0.20469627360898418,3.984538230164225,0.683211366451227,0.5764595904432226
SUS+Rnd,10014,6653.957081701892,68.33308564779101,8.86879633873786,0.7580191333708497,0.17970362033389609,0.059838679422247236,0.23954229975614333,3.991934580975487,0.6796142139699908,0.5734244930371798
SU+CQI,10014,9257.562922133739,89.01663695904855,24.631629928442695,0.8083664751804389,0.1901605538370894,0.0,0.1901605538370894,1.0,0.5815651910750613,0.4906956299695828
SU+DPF,10014,7003.4315095997135,67.47367025459101,23.95330475871503,0.792438121223933,0.20405379068407717,0.0,0.20405379068407717,1.0,0.6590882083901572,0.5561056758291951
SU+PF,10014,6477.574712382405,71.44156075007615,24.19303001214296,0.741565094506271,0.2552552552552553,0.0,0.2552552552552553,1.0,0.649130890680427,0.54770418901161
SU+Rnd,10014,3226.2917361413965,50.17872240023916,21.684093761729603,0.6262287756925826,0.37042001787310097,0.0,0.37042001787310097,1.0,0.6987498998706747,0.589570228015882
PPO,10014,10587.085102938636,93.27198659127008,18.611947089098557,0.8586426142244566,0.1394351619103948,0.0,0.1394351619103948,1.7065681466305602,0.6681678120190387,0.5637665913910638
SUS+CQI,10015,9800.583275530164,87.17731322067199,8.755572655861101,0.846215139442231,0.11872509960159362,0.03346613545816733,0.15219123505976095,3.9382138130440434,0.7257310449301992,0.6350146643139243
SUS+DPF,10015,8713.921208103062,80.72287926776637,8.76235391709603,0.8144466534128562,0.13618290258449303,0.04721669980119284,0.18339960238568587,3.970880887187639,0.7052758487612438,0.6171163676660882
SUS+PF,10015,8701.951423280649,81.5779342298453,8.700844225588204,0.8101099622517643,0.1413096996553422,0.045954373871656,0.1872640735269982,3.970376455785771,0.7102300630663015,0.6214513051830138
SUS+Rnd,10015,7380.908848050565,73.29238857697179,8.103356436676961,0.7757855494407954,0.17344221551571098,0.04864193147523522,0.2220841469909462,3.9800508780496497,0.7007410293090627,0.6131484006454299
SU+CQI,10015,8310.960475633477,84.06508474907123,23.55590603454373,0.7806130152498868,0.2169711611052393,0.0,0.2169711611052393,1.0,0.5596780522970046,0.48971829575987913
SU+DPF,10015,6606.685822228119,63.73883894236564,22.441244613615417,0.7864518793886823,0.2094175960346964,0.0,0.2094175960346964,1.0,0.6896587221538422,0.6034513818846119
SU+PF,10015,5669.607370613006,67.20132327471589,22.751301565119256,0.7124884366327474,0.2858464384828862,0.0,0.2858464384828862,1.0,0.6789141268065664,0.5940498609557456
SU+Rnd,10015,2932.3498365693113,49.904622177748514,20.42610113459995,0.6048241659152389,0.3920198376916141,0.0,0.3920198376916141,1.0,0.7252062539065354,0.6345554721682184
PPO,10015,10973.213837509407,95.92246104264758,15.589043835506303,0.8635836474340388,0.13438677877645694,0.00014496955639315743,0.1345317483328501,2.1130894113913974,0.6974191040250384,0.6102417160219085
SUS+CQI,10016,10238.706182399672,86.03220799476071,10.481747254042656,0.8860068259385665,0.08054607508532423,0.031569965870307165,0.1121160409556314,3.8856117725473616,0.8141408401229338,0.636047531346042
SUS+DPF,10016,9871.175087436231,84.11746386654984,10.326299619162658,0.8729358595515383,0.08465148618112289,0.04119589779245611,0.125847383973579,3.9181447577155692,0.8085400999978452,0.6316719531233165
SUS+PF,10016,9947.834403900897,84.6724288809747,10.264804281618856,0.8729395604395604,0.08482142857142858,0.040521978021978024,0.1253434065934066,3.9097506046571953,0.8079439649566434,0.6312062226223775
SUS+Rnd,10016,8719.812950206007,76.42708148247625,9.767962659995247,0.8466246290801187,0.1025593471810089,0.04896142433234421,0.1515207715133531,3.9527458671400133,0.8028489307904759,0.6272257271800589
SU+CQI,10016,9541.74694432655,88.12686305008718,30.847804076297898,0.8311528397722026,0.16700015391719256,0.0,0.16700015391719256,1.0,0.6226658231041393,0.48645767430010894
SU+DPF,10016,8586.976127158066,75.25778683234867,30.794090530577925,0.8547560280994874,0.1423960508828555,0.0,0.1423960508828555,1.0,0.7226484888794847,0.5645691319370976
SU+PF,10016,7822.225915110384,77.85026277876443,30.762639231343428,0.7935393258426966,0.2052317415730337,0.0,0.2052317415730337,1.0,0.7147085965738695,0.5583660910733356
SU+Rnd,10016,4684.863339566374,56.784449107104166,28.30909981875783,0.6986148346738159,0.29781054512958,0.00022341376228775692,0.29803395889186773,1.0,0.790565540532523,0.6176293285410339
PPO,10016,11157.614992010675,93.07165376196535,20.663006545254625,0.895610361408407,0.10175275321855126,0.0006204436171862882,0.10237319683573755,2.0540530667262544,0.763126746463481,0.5961927706745944
SUS+CQI,10017,7462.013208367217,60.846563869808,9.757156763877296,0.9124845488257107,0.06699629171817058,0.01903584672435105,0.08603213844252162,3.503443326912078,0.861934888224948,0.45790290936950373
SUS+DPF,10017,7523.684911564604,61.120561126280634,9.955552578448241,0.91431377363123,0.061870856862263686,0.022342253866928553,0.08421311072919224,3.4693331032064822,0.8603077181909616,0.4570384752889484
SUS+PF,10017,7386.009942512875,60.47190274104469,9.835052632269228,0.9078947368421053,0.06727904667328699,0.023088381330685203,0.0903674280039722,3.518230005203077,0.8582329331108975,0.4559362457151644
SUS+Rnd,10017,7064.949157167978,58.6898375446235,9.235177498132513,0.8974751338944147,0.0767661310890079,0.02448355011476664,0.10124968120377453,3.552831382609606,0.8553980529354676,0.45443021562196717
SU+CQI,10017,7821.425582608584,68.21062891476765,28.77557357847747,0.8738110336081166,0.1253434791798774,0.0,0.1253434791798774,1.0,0.7166110455954733,0.38069961797259516
SU+DPF,10017,7627.119244059266,63.75505952154834,28.88110670605732,0.8998589562764457,0.09873060648801128,0.0,0.09873060648801128,1.0,0.7551635565284134,0.4011806394057196
SU+PF,10017,7430.305167194926,64.94677545184507,28.66762344597991,0.8717488789237668,0.1266816143497758,0.0,0.1266816143497758,1.0,0.7569302177215063,0.40211917816455023
SU+Rnd,10017,4935.706980962267,47.48658679219077,27.157087160100318,0.8054899645808736,0.19067296340023612,0.0,0.19067296340023612,1.0,0.8269073939102114,0.4392945530147999
PPO,10017,8317.015025738832,67.24708335526786,20.720004899591252,0.9213259668508287,0.07756906077348066,0.0,0.07756906077348066,1.8594388306084115,0.81116559936119,0.4309317246606322
SUS+CQI,10018,8050.792693688818,76.77770627906891,10.470441617709385,0.7993031358885018,0.16777003484320557,0.03048780487804878,0.19825783972125435,3.9883447577992555,0.6952904086748218,0.6083791075904693
SUS+DPF,10018,6851.907998736203,69.50761893045909,10.814959058023,0.7591874422899354,0.18965835641735918,0.049307479224376734,0.2389658356417359,3.993119373775476,0.6706229911407651,0.5867951172481694
SUS+PF,10018,6980.785058728802,71.42844195805061,11.073829343375273,0.7602022390754785,0.19321054532322138,0.043156374142289636,0.23636691946551103,3.9911267615697517,0.6757173572482937,0.5912526875922572
SUS+Rnd,10018,4963.175788608112,59.26633371811533,10.287156235615566,0.6868176304084108,0.2561665992721391,0.05357864941366761,0.3097452486858067,3.996704934435122,0.6796542246524001,0.5946974465708499
SU+CQI,10018,7252.925385557109,77.31196984767494,27.09689586714555,0.7563171193935565,0.2417877447883765,0.0,0.2417877447883765,1.0,0.5211181719156374,0.4559784004261827
SU+DPF,10018,5473.515238761327,57.95537698939708,26.771572473387852,0.737619461337967,0.25890529973935705,0.0,0.25890529973935705,1.0,0.6549692618379789,0.5730981041082315
SU+PF,10018,4492.790418193987,62.1027441871122,27.235820625876247,0.6626900134693092,0.33442370598422166,0.0,0.33442370598422166,1.0,0.633204005179939,0.5540535045324464
SU+Rnd,10018,1700.4553285886818,43.88580435573369,24.24874160548974,0.5374491505144772,0.4587221823402728,0.0,0.4587221823402728,1.0,0.7099745269804889,0.6212277111079276
PPO,10018,8927.718008654165,84.20063214223988,19.305022260710597,0.8148493320907114,0.1831314072693383,0.0,0.1831314072693383,1.9257251295724154,0.6188368401932831,0.5414822351691226
SUS+CQI,10019,10145.007107653433,91.5762529741348,9.864458251133057,0.8324105940445907,0.13616639233877,0.029178512644022145,0.16534490498279214,3.9844589659574994,0.7280099112232014,0.705259601497476
SUS+DPF,10019,8763.008345251075,82.99453612029203,9.764722616872675,0.7922286448298009,0.1642581888246628,0.04094412331406551,0.2052023121387283,3.994118310490857,0.7112833819000718,0.6890557762156948
SUS+PF,10019,8912.090186867208,86.38982814707443,10.048311908709902,0.7876202295997518,0.168631709587341,0.04111076636673906,0.20974247595408008,3.9922517842505956,0.711671244886136,0.6894315184834442
SUS+Rnd,10019,6671.94143101816,71.66222674425558,9.060741525267185,0.7313749778800213,0.2190762696867811,0.046717395151300654,0.26579366483808176,3.9981742265192586,0.7193353914733249,0.6968561604897835
SU+CQI,10019,8565.629672517953,89.56958888373252,32.50146795180677,0.7656903765690377,0.23235704323570433,0.0,0.23235704323570433,1.0,0.5358130772308867,0.5190689185674212
SU+DPF,10019,6912.65775253357,69.23829237934979,32.21597456562365,0.7619225037257824,0.23453800298062594,0.0,0.23453800298062594,1.0,0.6523832313516539,0.6319962553719146
SU+PF,10019,5976.212614714993,74.89043677398283,32.70153219278042,0.6942434210526316,0.30328947368421055,0.0,0.30328947368421055,1.0,0.629827004487047,0.6101449105968271
SU+Rnd,10019,2308.007635165495,51.82026782333105,28.881027459964102,0.5556481867444769,0.4403918299291371,0.0,0.4403918299291371,1.0,0.7466376402806715,0.7233052140219007
PPO,10019,11544.272710511961,101.7569515433475,18.486052104706026,0.8573172385731724,0.1411908314119083,0.0001356300013563,0.1413264614132646,2.4395595337844695,0.6919606103117133,0.6703368412394727
