seed,n_active,mean_speed,sched,reward,throughput_mbps,mean_sinr_db,completion_rate,deadline_miss_rate,retx_drop_rate,total_fail_rate,mu_depth,jain
10010,16,18.7,PPO-L2b,5561.3,52.42,16.06,0.8197,0.1783,0.0,0.1783,1.31,0.6077
10010,16,18.7,SUS+CQI,4174.9,43.16,6.46,0.7577,0.1903,0.0496,0.2399,3.988,0.6333
10010,16,18.7,SUS+Deadline-PF,3838.4,41.31,6.37,0.7346,0.2105,0.0524,0.263,3.992,0.6012
10010,16,18.7,SUS+PF,3780.4,41.26,6.44,0.731,0.2158,0.0504,0.2662,3.994,0.6065
10010,16,18.7,SUS+Random,3348.0,38.64,6.33,0.7062,0.2383,0.0527,0.291,3.992,0.5951
10010,16,18.7,SU+CQI,5917.7,55.77,18.0,0.8225,0.1763,0.0,0.1763,1.0,0.6014
10010,16,18.7,SU+Deadline-PF,5131.8,50.75,18.12,0.7967,0.202,0.0,0.202,1.0,0.5891
10010,16,18.7,SU+PF,4963.2,51.05,18.0,0.7792,0.2187,0.0,0.2187,1.0,0.5941
10010,16,18.7,SU+Random,2636.8,35.39,16.42,0.67,0.3265,0.0,0.3265,1.0,0.6247
10011,22,18.1,PPO-L2b,10284.9,86.14,19.38,0.8946,0.1044,0.0,0.1044,1.663,0.7333
10011,22,18.1,SUS+CQI,9193.5,78.23,11.45,0.8754,0.0822,0.0406,0.1228,3.979,0.7776
10011,22,18.1,SUS+Deadline-PF,8911.7,76.75,11.59,0.8619,0.0863,0.0488,0.1351,3.984,0.7641
10011,22,18.1,SUS+PF,8769.3,76.01,11.47,0.861,0.087,0.0503,0.1373,3.977,0.7691
10011,22,18.1,SUS+Random,7981.0,70.61,11.3,0.8424,0.1001,0.0552,0.1552,3.984,0.7637
10011,22,18.1,SU+CQI,9510.3,84.85,23.68,0.8551,0.1441,0.0,0.1441,1.0,0.6601
10011,22,18.1,SU+Deadline-PF,8197.1,71.65,23.33,0.864,0.1342,0.0,0.1342,1.0,0.7272
10011,22,18.1,SU+PF,7795.6,73.9,23.36,0.8204,0.1781,0.0,0.1781,1.0,0.7211
10011,22,18.1,SU+Random,5235.3,56.52,21.68,0.7487,0.2481,0.0,0.2481,1.0,0.7796
10012,17,18.9,PPO-L2b,6799.4,62.73,18.63,0.8337,0.1657,0.0,0.1657,1.106,0.6015
10012,17,18.9,SUS+CQI,4990.6,49.65,7.76,0.7851,0.1762,0.0371,0.2133,3.992,0.6124
10012,17,18.9,SUS+Deadline-PF,4812.4,48.35,7.67,0.7798,0.1823,0.0364,0.2187,3.993,0.6062
10012,17,18.9,SUS+PF,4933.6,49.33,7.76,0.7833,0.1746,0.0403,0.2148,3.991,0.6091
10012,17,18.9,SUS+Random,4190.0,43.83,7.37,0.7578,0.2058,0.0347,0.2405,3.994,0.6049
10012,17,18.9,SU+CQI,6995.1,64.45,19.41,0.8361,0.1625,0.0,0.1625,1.0,0.6073
10012,17,18.9,SU+Deadline-PF,5789.5,55.46,19.1,0.811,0.1873,0.0,0.1873,1.0,0.5982
10012,17,18.9,SU+PF,5891.1,57.39,19.23,0.8043,0.1948,0.0,0.1948,1.0,0.5981
10012,17,18.9,SU+Random,3474.9,40.34,17.58,0.7196,0.2782,0.0,0.2782,1.0,0.6163
10013,29,17.6,PPO-L2b,11914.5,102.64,17.56,0.8745,0.1246,0.0,0.1246,2.226,0.7036
10013,29,17.6,SUS+CQI,11654.5,98.93,11.85,0.8782,0.1054,0.0146,0.12,3.999,0.7561
10013,29,17.6,SUS+Deadline-PF,10414.7,91.57,11.93,0.8464,0.1312,0.0203,0.1515,4.0,0.729
10013,29,17.6,SUS+PF,10366.1,93.23,11.97,0.8385,0.1377,0.0221,0.1598,3.998,0.7356
10013,29,17.6,SUS+Random,8335.5,78.75,11.07,0.8006,0.1747,0.0216,0.1963,3.999,0.7546
10013,29,17.6,SU+CQI,9481.8,93.09,23.68,0.797,0.2016,0.0,0.2016,1.0,0.5645
10013,29,17.6,SU+Deadline-PF,7580.6,71.82,22.47,0.8036,0.1937,0.0,0.1937,1.0,0.7126
10013,29,17.6,SU+PF,6540.5,75.34,22.88,0.7255,0.2716,0.0,0.2716,1.0,0.6912
10013,29,17.6,SU+Random,4052.1,58.57,20.88,0.6445,0.3522,0.0,0.3522,1.0,0.7739
10014,27,18.4,PPO-L2b,11065.0,97.51,19.63,0.8612,0.1378,0.0,0.1378,1.666,0.6663
10014,27,18.4,SUS+CQI,9957.2,88.9,12.22,0.8417,0.1188,0.0378,0.1566,3.999,0.6992
10014,27,18.4,SUS+Deadline-PF,8756.8,81.72,12.28,0.8115,0.1378,0.0484,0.1862,4.0,0.674
10014,27,18.4,SUS+PF,8682.7,82.29,12.22,0.806,0.1412,0.0515,0.1927,4.0,0.6774
10014,27,18.4,SUS+Random,7153.7,71.8,11.58,0.7684,0.1725,0.056,0.2285,4.0,0.6779
10014,27,18.4,SU+CQI,9743.6,91.96,24.1,0.819,0.1796,0.0,0.1796,1.0,0.5963
10014,27,18.4,SU+Deadline-PF,7623.1,72.39,23.6,0.8077,0.1898,0.0,0.1898,1.0,0.6615
10014,27,18.4,SU+PF,7060.3,75.99,23.84,0.7546,0.2432,0.0,0.2432,1.0,0.6513
10014,27,18.4,SU+Random,4074.4,55.91,21.42,0.6614,0.3358,0.0,0.3358,1.0,0.7085
10015,28,16.4,PPO-L2b,11572.3,100.15,17.13,0.873,0.1261,0.0,0.1261,2.166,0.7034
10015,28,16.4,SUS+CQI,10617.4,92.45,11.2,0.8584,0.1054,0.0347,0.1401,3.997,0.739
10015,28,16.4,SUS+Deadline-PF,8522.0,79.13,11.32,0.8124,0.1297,0.0564,0.1861,3.998,0.6989
10015,28,16.4,SUS+PF,8317.4,80.27,11.31,0.794,0.1444,0.0595,0.2039,3.999,0.7015
10015,28,16.4,SUS+Random,7436.8,73.01,10.51,0.7786,0.1553,0.0633,0.2186,3.999,0.7292
10015,28,16.4,SU+CQI,8864.7,88.4,23.36,0.7892,0.2089,0.0,0.2089,1.0,0.5651
10015,28,16.4,SU+Deadline-PF,7429.0,68.82,22.47,0.8153,0.1819,0.0,0.1819,1.0,0.6973
10015,28,16.4,SU+PF,6324.2,72.08,22.7,0.7303,0.2687,0.0,0.2687,1.0,0.6871
10015,28,16.4,SU+Random,3841.3,54.95,20.49,0.6483,0.3478,0.0,0.3478,1.0,0.7405
10016,25,17.5,PPO-L2b,11755.7,97.92,24.55,0.8996,0.0996,0.0,0.0996,1.97,0.7485
10016,25,17.5,SUS+CQI,11362.6,94.11,17.9,0.8958,0.0748,0.028,0.1028,3.975,0.7903
10016,25,17.5,SUS+Deadline-PF,11047.9,92.29,17.74,0.8867,0.0731,0.0385,0.1116,3.979,0.7845
10016,25,17.5,SUS+PF,10956.0,92.63,18.11,0.8794,0.0821,0.0367,0.1189,3.98,0.7786
10016,25,17.5,SUS+Random,9728.6,83.64,17.62,0.8611,0.0934,0.0436,0.1371,3.989,0.7768
10016,25,17.5,SU+CQI,9976.4,91.44,30.03,0.8378,0.1607,0.0,0.1607,1.0,0.6346
10016,25,17.5,SU+Deadline-PF,9195.2,79.58,30.24,0.8685,0.1289,0.0,0.1289,1.0,0.7251
10016,25,17.5,SU+PF,8476.7,81.96,30.32,0.8113,0.187,0.0,0.187,1.0,0.7205
10016,25,17.5,SU+Random,5373.5,61.09,28.03,0.7266,0.2701,0.0,0.2701,1.0,0.8099
10017,17,16.1,PPO-L2b,8896.4,71.04,23.56,0.932,0.0667,0.0,0.0667,1.858,0.8133
10017,17,16.1,SUS+CQI,8262.5,66.28,16.89,0.9248,0.0531,0.0203,0.0734,3.735,0.8407
10017,17,16.1,SUS+Deadline-PF,8327.0,66.59,17.0,0.928,0.0461,0.0233,0.0694,3.706,0.8482
10017,17,16.1,SUS+PF,8106.8,65.18,16.99,0.9234,0.0506,0.0244,0.075,3.72,0.8508
10017,17,16.1,SUS+Random,7959.4,64.16,16.7,0.9201,0.0534,0.0253,0.0788,3.736,0.8326
10017,17,16.1,SU+CQI,8335.7,71.02,28.44,0.888,0.111,0.0,0.111,1.0,0.7411
10017,17,16.1,SU+Deadline-PF,8164.7,66.98,28.26,0.9143,0.0848,0.0,0.0848,1.0,0.7836
10017,17,16.1,SU+PF,7797.3,67.73,28.26,0.8781,0.1208,0.0,0.1208,1.0,0.7856
10017,17,16.1,SU+Random,5741.7,52.46,26.89,0.8433,0.1539,0.0,0.1539,1.0,0.845
10018,28,15.4,PPO-L2b,9556.4,88.47,21.32,0.8269,0.1713,0.0,0.1713,1.883,0.6166
10018,28,15.4,SUS+CQI,9198.6,83.85,14.47,0.8261,0.1521,0.0197,0.1718,3.998,0.7007
10018,28,15.4,SUS+Deadline-PF,7533.7,73.52,14.33,0.7801,0.1719,0.0458,0.2177,4.0,0.6756
10018,28,15.4,SUS+PF,7411.9,75.16,14.45,0.7667,0.1838,0.0466,0.2304,4.0,0.6818
10018,28,15.4,SUS+Random,5529.5,62.35,13.67,0.7101,0.2365,0.0501,0.2866,4.0,0.6846
10018,28,15.4,SU+CQI,7986.6,83.07,27.22,0.7684,0.2298,0.0,0.2298,1.0,0.5298
10018,28,15.4,SU+Deadline-PF,6156.3,63.74,26.86,0.7582,0.2389,0.0,0.2389,1.0,0.6538
10018,28,15.4,SU+PF,5173.9,66.05,26.83,0.6887,0.3089,0.0,0.3089,1.0,0.6481
10018,28,15.4,SU+Random,2513.7,49.17,24.45,0.5787,0.4185,0.0,0.4185,1.0,0.7209
10019,31,18.9,PPO-L2b,12822.5,110.75,25.0,0.8735,0.1252,0.0,0.1252,2.284,0.6801
10019,31,18.9,SUS+CQI,12066.8,104.62,19.33,0.8601,0.1099,0.0282,0.1381,4.0,0.716
10019,31,18.9,SUS+Deadline-PF,10291.0,93.37,19.68,0.8221,0.1441,0.032,0.1761,3.999,0.6781
10019,31,18.9,SUS+PF,10201.5,95.69,19.52,0.8093,0.1537,0.0347,0.1884,3.999,0.6879
10019,31,18.9,SUS+Random,7685.6,78.08,18.45,0.7584,0.1979,0.0412,0.2391,4.0,0.7145
10019,31,18.9,SU+CQI,9088.7,93.48,32.29,0.7749,0.2233,0.0,0.2233,1.0,0.5448
10019,31,18.9,SU+Deadline-PF,7702.8,74.8,32.08,0.789,0.2081,0.0,0.2081,1.0,0.6525
10019,31,18.9,SU+PF,6523.9,78.18,32.22,0.7107,0.2869,0.0,0.2869,1.0,0.6353
10019,31,18.9,SU+Random,3257.5,57.3,29.1,0.5976,0.3992,0.0,0.3992,1.0,0.7567
