seed,sched,reward,throughput_mbps,mean_sinr_db,completion_rate,deadline_miss_rate,retx_drop_rate,mu_depth,jain
10000,PPO,8534.3855,79.1072,20.9181,0.8251,0.1737,0.0,1.8632,0.593
10000,SU+CQI,8307.7309,79.9555,25.3734,0.8076,0.1913,0.0,1.0,0.5716
10000,SU+DPF,6211.6082,64.9517,25.1188,0.7628,0.2345,0.0,1.0,0.5706
10000,SU+PF,6168.4353,67.8418,25.2313,0.7457,0.2518,0.0,1.0,0.566
10000,SU+Rnd,2832.1009,45.4728,23.0363,0.6226,0.374,0.0,1.0,0.6062
10000,SUS+CQI,7249.9543,71.4482,13.5014,0.7893,0.1895,0.0199,3.9978,0.6042
10000,SUS+DPF,6545.5898,67.3259,13.6569,0.765,0.2053,0.0285,3.9991,0.5755
10000,SUS+PF,6684.0152,68.7302,13.5858,0.7674,0.1978,0.0322,3.999,0.577
10000,SUS+Rnd,4913.5696,56.7944,12.7356,0.7111,0.2542,0.0319,3.9999,0.5794
10001,PPO,11370.1752,95.5634,11.6069,0.8903,0.108,0.0,2.8756,0.758
10001,SU+CQI,8719.3348,85.5073,19.5237,0.7968,0.2021,0.0,1.0,0.5624
10001,SU+DPF,7267.2949,67.0739,18.2088,0.819,0.1779,0.0,1.0,0.7543
10001,SU+PF,6226.943,70.3209,18.4572,0.7337,0.2643,0.0,1.0,0.7374
10001,SU+Rnd,3818.991,54.5093,16.4927,0.6474,0.349,0.0,1.0,0.7938
10001,SUS+CQI,10576.3087,90.6099,8.2837,0.8703,0.1085,0.0195,3.9888,0.7723
10001,SUS+DPF,9593.2873,84.5123,8.2992,0.8472,0.1141,0.0365,3.9934,0.7527
10001,SUS+PF,9404.0891,84.7657,8.2272,0.8356,0.1232,0.039,3.9923,0.7573
10001,SUS+Rnd,8069.762,75.7331,7.7029,0.8044,0.1516,0.0409,3.9978,0.7568
10002,PPO,12647.8114,105.5148,11.3245,0.8962,0.1016,0.0001,3.2906,0.7717
10002,SU+CQI,8384.8821,88.396,20.645,0.7634,0.2351,0.0,1.0,0.5169
10002,SU+DPF,7299.3988,68.2549,19.1141,0.8055,0.1905,0.0,1.0,0.7519
10002,SU+PF,5950.9361,71.5495,19.4657,0.7089,0.2881,0.0,1.0,0.7322
10002,SU+Rnd,3425.8107,56.0684,17.1646,0.6136,0.3836,0.0,1.0,0.795
10002,SUS+CQI,11843.1566,100.1089,9.1613,0.884,0.1052,0.0094,3.9947,0.7833
10002,SUS+DPF,10285.6288,90.0763,9.1387,0.849,0.1212,0.0275,3.9971,0.7546
10002,SUS+PF,10158.8324,91.3238,9.0514,0.8377,0.1329,0.027,3.9967,0.7637
10002,SUS+Rnd,8095.5678,77.7885,8.3276,0.7893,0.1839,0.0247,3.9986,0.7682
10003,PPO,10244.4717,88.955,13.7503,0.865,0.1331,0.0,2.8795,0.7011
10003,SU+CQI,8168.6023,82.9651,22.195,0.7806,0.2177,0.0,1.0,0.5449
10003,SU+DPF,6401.8573,64.5721,21.4799,0.7722,0.2247,0.0,1.0,0.6801
10003,SU+PF,5537.1965,67.7108,21.8155,0.7047,0.294,0.0,1.0,0.6594
10003,SU+Rnd,2899.6713,50.4179,19.4471,0.5998,0.3956,0.0,1.0,0.7407
10003,SUS+CQI,9517.2827,84.9134,10.5996,0.8446,0.1453,0.0088,3.9958,0.7214
10003,SUS+DPF,8393.7673,78.4869,10.5675,0.8061,0.1749,0.0158,3.998,0.6943
10003,SUS+PF,8178.1962,79.1955,10.7168,0.7948,0.1842,0.0183,3.9985,0.6916
10003,SUS+Rnd,6261.1714,65.8432,9.9331,0.7436,0.2373,0.0159,3.9993,0.6983
10004,PPO,14365.5707,117.2924,15.6333,0.9105,0.0873,0.0004,3.4537,0.7869
10004,SU+CQI,9707.7624,98.3342,26.2149,0.7812,0.217,0.0,1.0,0.5416
10004,SU+DPF,8574.3765,78.7255,24.9034,0.819,0.1783,0.0,1.0,0.7545
10004,SU+PF,7205.9821,82.9703,25.2989,0.726,0.2713,0.0,1.0,0.7285
10004,SU+Rnd,4486.1888,63.9517,23.1928,0.647,0.349,0.0,1.0,0.8223
10004,SUS+CQI,14157.8694,116.3442,14.1294,0.904,0.0898,0.0044,3.9909,0.8003
10004,SUS+DPF,13566.5699,112.2337,14.1856,0.8943,0.0965,0.0078,3.9955,0.796
10004,SUS+PF,13524.8801,113.369,14.1717,0.8911,0.0989,0.0086,3.9958,0.8048
10004,SUS+Rnd,10333.2018,91.9869,13.3243,0.8322,0.1512,0.0145,3.998,0.8051
10005,PPO,9634.2646,79.0185,23.0989,0.9101,0.0888,0.0,1.9234,0.7718
10005,SU+CQI,9438.7439,79.5558,27.7338,0.8919,0.107,0.0,1.0,0.7233
10005,SU+DPF,8711.9663,73.0166,28.016,0.8963,0.1021,0.0,1.0,0.732
10005,SU+PF,8391.9723,74.5492,27.7824,0.863,0.1357,0.0,1.0,0.7322
10005,SU+Rnd,5887.9685,56.5392,26.5148,0.8106,0.1864,0.0,1.0,0.794
10005,SUS+CQI,8905.8835,73.7606,16.4108,0.904,0.0879,0.0067,3.8745,0.7915
10005,SUS+DPF,8760.8833,72.3679,16.0473,0.9073,0.0869,0.005,3.879,0.7997
10005,SUS+PF,8713.1062,72.0477,15.9291,0.9033,0.087,0.0081,3.8887,0.8006
10005,SUS+Rnd,8090.4546,68.3901,15.8226,0.8851,0.1059,0.0073,3.9252,0.7903
10006,PPO,7502.0922,66.326,14.7218,0.8562,0.1422,0.0,1.8883,0.6749
10006,SU+CQI,8092.976,73.3938,19.3551,0.8469,0.1518,0.0,1.0,0.6349
10006,SU+DPF,6803.614,63.6232,19.0544,0.8252,0.1733,0.0,1.0,0.6475
10006,SU+PF,6782.859,65.6649,19.1445,0.81,0.1881,0.0,1.0,0.6414
10006,SU+Rnd,3909.9125,46.3787,17.183,0.713,0.2851,0.0,1.0,0.6803
10006,SUS+CQI,6548.7078,60.4404,7.8989,0.8243,0.1466,0.0271,3.957,0.6912
10006,SUS+DPF,6032.3696,57.9991,7.8707,0.7998,0.1534,0.0458,3.9686,0.671
10006,SUS+PF,6017.0904,58.06,7.821,0.7995,0.1471,0.0511,3.9659,0.6741
10006,SUS+Rnd,5360.2474,52.9711,7.3076,0.7817,0.1701,0.046,3.9781,0.6813
10007,PPO,8409.5865,67.9625,13.1417,0.9223,0.0764,0.0,2.0947,0.8068
10007,SU+CQI,8250.4213,69.887,18.1622,0.8908,0.1086,0.0,1.0,0.7396
10007,SU+DPF,7691.281,63.9257,18.1639,0.9049,0.0935,0.0,1.0,0.7846
10007,SU+PF,7379.9782,64.8947,18.1315,0.8697,0.129,0.0,1.0,0.7863
10007,SU+Rnd,5315.8982,50.015,16.5194,0.8234,0.1743,0.0,1.0,0.8275
10007,SUS+CQI,7341.7665,60.4011,7.7331,0.906,0.0735,0.0185,3.6639,0.8393
10007,SUS+DPF,7362.3086,60.9625,7.8851,0.9014,0.0744,0.022,3.6643,0.8365
10007,SUS+PF,7361.1646,61.3125,7.8483,0.8968,0.0751,0.0262,3.6721,0.8372
10007,SUS+Rnd,7033.6568,58.596,7.4708,0.8935,0.0756,0.0291,3.727,0.8351
10008,PPO,8348.1326,76.4193,14.3717,0.8322,0.1664,0.0,2.5428,0.6452
10008,SU+CQI,7601.5772,77.4067,21.629,0.7807,0.218,0.0,1.0,0.545
10008,SU+DPF,5689.6754,60.3636,21.0494,0.7527,0.2456,0.0,1.0,0.595
10008,SU+PF,5134.5134,61.7784,21.2013,0.7105,0.2881,0.0,1.0,0.5912
10008,SU+Rnd,2511.2828,45.2435,19.1415,0.5951,0.4009,0.0,1.0,0.6549
10008,SUS+CQI,7471.8472,71.7505,9.9944,0.7961,0.1754,0.0264,3.991,0.6537
10008,SUS+DPF,5926.5618,62.7866,9.9572,0.7447,0.2039,0.049,3.9969,0.6108
10008,SUS+PF,5848.3264,63.6207,9.9319,0.7358,0.2141,0.047,3.9971,0.6156
10008,SUS+Rnd,4721.7012,55.5111,9.2813,0.6989,0.2511,0.0479,3.9978,0.6234
10009,PPO,13090.9465,108.7935,16.1909,0.8992,0.0997,0.0,2.9596,0.7628
10009,SU+CQI,9318.8488,92.9012,25.1158,0.7883,0.2098,0.0,1.0,0.5581
10009,SU+DPF,8011.2473,74.3151,24.285,0.8141,0.1837,0.0,1.0,0.7277
10009,SU+PF,6728.0834,77.7585,24.5671,0.7256,0.2727,0.0,1.0,0.7093
10009,SU+Rnd,4002.8089,59.0554,22.4466,0.6382,0.3577,0.0,1.0,0.7892
10009,SUS+CQI,12237.6624,103.8504,13.2326,0.8788,0.1048,0.0147,3.9825,0.7654
10009,SUS+DPF,11297.1356,97.4186,13.2273,0.8627,0.1158,0.0195,3.993,0.7545
10009,SUS+PF,11291.2864,98.8416,13.2926,0.8568,0.123,0.0186,3.9889,0.7564
10009,SUS+Rnd,9189.7457,84.9562,12.7469,0.8152,0.1544,0.0283,3.9978,0.7494
10010,PPO,5210.9618,49.1586,13.7487,0.8162,0.1819,0.0,1.8592,0.6239
10010,SU+CQI,5917.728,55.7722,17.9991,0.8225,0.1763,0.0,1.0,0.6014
10010,SU+DPF,5131.8485,50.7521,18.1235,0.7967,0.202,0.0,1.0,0.5891
10010,SU+PF,4963.2282,51.0526,18.0046,0.7792,0.2187,0.0,1.0,0.5941
10010,SU+Rnd,2638.4217,35.8595,16.469,0.6664,0.3305,0.0,1.0,0.6273
10010,SUS+CQI,4202.7147,43.2088,6.7371,0.7616,0.2014,0.0348,3.9489,0.6269
10010,SUS+DPF,3986.4107,41.9605,6.7762,0.7508,0.2167,0.0304,3.957,0.6076
10010,SUS+PF,3946.5948,41.8795,6.6961,0.7461,0.2133,0.0373,3.9587,0.6131
10010,SUS+Rnd,3334.6827,38.733,6.4474,0.7043,0.2551,0.0368,3.9757,0.5964
10011,PPO,10420.0078,85.8653,17.3095,0.9075,0.0916,0.0,2.2622,0.7682
10011,SU+CQI,9510.325,84.8476,23.6786,0.8551,0.1441,0.0,1.0,0.6601
10011,SU+DPF,8197.0904,71.6456,23.3321,0.864,0.1342,0.0,1.0,0.7272
10011,SU+PF,7795.5685,73.9032,23.3579,0.8204,0.1781,0.0,1.0,0.7211
10011,SU+Rnd,5302.921,56.4315,21.6567,0.7565,0.2414,0.0,1.0,0.7827
10011,SUS+CQI,9395.634,79.6368,11.9204,0.8814,0.0895,0.0279,3.9196,0.7755
10011,SUS+DPF,8971.9988,76.7403,11.8484,0.8718,0.0921,0.0339,3.9275,0.7731
10011,SUS+PF,9134.6792,78.0869,11.9516,0.875,0.0908,0.0329,3.9356,0.7676
10011,SUS+Rnd,8237.6121,72.2976,11.5873,0.8523,0.1074,0.0384,3.9472,0.7646
10012,PPO,6475.3708,59.8372,17.8698,0.8306,0.1678,0.0,1.2912,0.6039
10012,SU+CQI,6995.0689,64.4495,19.4134,0.8361,0.1625,0.0,1.0,0.6073
10012,SU+DPF,5789.549,55.4595,19.0989,0.811,0.1873,0.0,1.0,0.5982
10012,SU+PF,5891.0679,57.3908,19.2287,0.8043,0.1948,0.0,1.0,0.5981
10012,SU+Rnd,3598.1239,40.5623,17.6295,0.7318,0.2661,0.0,1.0,0.6157
10012,SUS+CQI,4900.1041,48.6796,7.7871,0.7871,0.1908,0.02,3.9582,0.6159
10012,SUS+DPF,4881.5015,48.7413,7.8752,0.7838,0.1905,0.0236,3.9678,0.6085
10012,SUS+PF,4961.8109,49.2396,7.9671,0.787,0.1882,0.023,3.9533,0.6092
10012,SUS+Rnd,4342.4991,44.7457,7.5244,0.7663,0.2044,0.0271,3.9734,0.6063
10013,PPO,12675.7123,106.527,15.4737,0.8906,0.1083,0.0,2.8755,0.7393
10013,SU+CQI,9481.8039,93.0946,23.6765,0.797,0.2016,0.0,1.0,0.5645
10013,SU+DPF,7580.6434,71.8214,22.4671,0.8036,0.1937,0.0,1.0,0.7126
10013,SU+PF,6540.5186,75.3443,22.8756,0.7255,0.2716,0.0,1.0,0.6912
10013,SU+Rnd,4237.7945,59.2234,20.9949,0.6544,0.3427,0.0,1.0,0.7706
10013,SUS+CQI,11811.1399,100.284,11.9267,0.88,0.1143,0.0043,3.9938,0.7583
10013,SUS+DPF,10775.4606,93.9452,12.0282,0.8565,0.1353,0.0062,3.9972,0.7408
10013,SUS+PF,10902.9297,95.7651,12.0308,0.8552,0.1365,0.0068,3.9958,0.7483
10013,SUS+Rnd,8559.9227,80.7629,11.3281,0.8042,0.1865,0.0074,3.9989,0.7475
10014,PPO,11250.3873,96.486,17.5147,0.8743,0.1236,0.0,2.3378,0.6987
10014,SU+CQI,9743.6248,91.9583,24.0963,0.819,0.1796,0.0,1.0,0.5963
10014,SU+DPF,7623.1015,72.3885,23.6037,0.8077,0.1898,0.0,1.0,0.6615
10014,SU+PF,7060.2789,75.9885,23.8406,0.7546,0.2432,0.0,1.0,0.6513
10014,SU+Rnd,4079.7911,54.8987,21.3053,0.6666,0.3304,0.0,1.0,0.7137
10014,SUS+CQI,9773.9606,87.9269,12.1827,0.8416,0.1305,0.0263,3.9964,0.7077
10014,SUS+DPF,9353.727,85.1483,12.4807,0.8311,0.1357,0.0317,3.9967,0.6762
10014,SUS+PF,9084.4815,84.4282,12.3196,0.8191,0.1449,0.0344,3.9971,0.684
10014,SUS+Rnd,7171.8823,71.3121,11.5537,0.7747,0.1832,0.0401,3.9989,0.6854
10015,PPO,11840.654,100.4073,15.4684,0.8848,0.1136,0.0,2.6053,0.7357
10015,SU+CQI,8864.689,88.3968,23.3604,0.7892,0.2089,0.0,1.0,0.5651
10015,SU+DPF,7428.9589,68.8185,22.4706,0.8153,0.1819,0.0,1.0,0.6973
10015,SU+PF,6324.2386,72.0841,22.7032,0.7303,0.2687,0.0,1.0,0.6871
10015,SU+Rnd,3788.1056,54.946,20.4871,0.644,0.3523,0.0,1.0,0.7463
10015,SUS+CQI,11016.9225,95.1104,11.5494,0.8694,0.1064,0.023,3.9819,0.7397
10015,SUS+DPF,9540.877,85.9024,11.5043,0.8362,0.1229,0.0386,3.9946,0.7108
10015,SUS+PF,9373.0002,86.0264,11.4477,0.8275,0.1311,0.0392,3.9929,0.717
10015,SUS+Rnd,8115.5258,77.1696,10.9202,0.7994,0.1602,0.0375,3.998,0.7216
10016,PPO,12333.9596,99.8444,21.6638,0.9218,0.0765,0.0006,2.8263,0.7909
10016,SU+CQI,9976.355,91.4363,30.0303,0.8378,0.1607,0.0,1.0,0.6346
10016,SU+DPF,9195.1601,79.5786,30.2399,0.8685,0.1289,0.0,1.0,0.7251
10016,SU+PF,8476.7304,81.9563,30.3183,0.8113,0.187,0.0,1.0,0.7205
10016,SU+Rnd,5395.8802,61.0075,27.9566,0.7294,0.2682,0.0,1.0,0.8092
10016,SUS+CQI,11539.0868,95.4386,18.1727,0.9003,0.0793,0.0185,3.9494,0.7985
10016,SUS+DPF,11465.4023,95.1223,18.1676,0.8958,0.0752,0.0277,3.9575,0.787
10016,SUS+PF,11035.8329,92.795,17.8451,0.8861,0.0808,0.0314,3.9561,0.7974
10016,SUS+Rnd,9790.7369,84.2855,17.7758,0.8645,0.1034,0.0302,3.9719,0.785
10017,PPO,9026.5693,70.7783,21.2237,0.9464,0.0519,0.0,2.417,0.8513
10017,SU+CQI,8335.7214,71.0195,28.4358,0.888,0.111,0.0,1.0,0.7411
10017,SU+DPF,8164.6899,66.9833,28.2631,0.9143,0.0848,0.0,1.0,0.7836
10017,SU+PF,7797.2854,67.7298,28.2558,0.8781,0.1208,0.0,1.0,0.7856
10017,SU+Rnd,5854.6342,53.4605,27.0352,0.8434,0.1547,0.0,1.0,0.8408
10017,SUS+CQI,8398.7532,66.5445,17.2115,0.9372,0.0509,0.0103,3.608,0.8535
10017,SUS+DPF,8535.6038,68.0798,17.4024,0.9346,0.0537,0.0097,3.5819,0.8446
10017,SUS+PF,8416.9253,66.5759,17.3141,0.9394,0.0459,0.0133,3.5841,0.8529
10017,SUS+Rnd,8160.5375,65.8001,17.1089,0.922,0.061,0.0159,3.6711,0.8367
10018,PPO,9975.7481,88.6063,17.9822,0.8495,0.1488,0.0,2.8682,0.682
10018,SU+CQI,7986.6499,83.0676,27.2179,0.7684,0.2298,0.0,1.0,0.5298
10018,SU+DPF,6156.3225,63.7402,26.8555,0.7582,0.2389,0.0,1.0,0.6538
10018,SU+PF,5173.9278,66.0548,26.8342,0.6887,0.3089,0.0,1.0,0.6481
10018,SU+Rnd,2616.8177,49.3305,24.2783,0.5841,0.412,0.0,1.0,0.722
10018,SUS+CQI,9327.7072,84.7537,14.5621,0.831,0.1542,0.013,3.9967,0.6992
10018,SUS+DPF,7956.891,76.5801,14.4919,0.7915,0.1736,0.0323,3.9989,0.683
10018,SUS+PF,7830.8994,77.893,14.6197,0.7801,0.1823,0.0358,3.9989,0.6852
10018,SUS+Rnd,5573.9706,63.1009,14.043,0.7101,0.25,0.0366,3.9993,0.6878
10019,PPO,13091.8776,111.3351,22.9923,0.8831,0.115,0.0001,2.8425,0.7173
10019,SU+CQI,9088.7372,93.4793,32.2857,0.7749,0.2233,0.0,1.0,0.5448
10019,SU+DPF,7702.7565,74.7991,32.0787,0.789,0.2081,0.0,1.0,0.6525
10019,SU+PF,6523.94,78.18,32.2168,0.7107,0.2869,0.0,1.0,0.6353
10019,SU+Rnd,3427.8098,57.435,29.108,0.608,0.3879,0.0,1.0,0.7607
10019,SUS+CQI,12125.3507,105.1451,19.1862,0.8649,0.1161,0.0176,3.9972,0.7306
10019,SUS+DPF,10747.004,96.0461,19.5279,0.8351,0.1433,0.0195,3.9988,0.6993
10019,SUS+PF,10642.0847,97.4839,19.5773,0.8243,0.1498,0.0235,3.9992,0.7049
10019,SUS+Rnd,7863.8866,79.0445,18.6908,0.7634,0.2045,0.0293,3.9995,0.7154
