world,baseline,seed,reward,throughput_mbps,completion_rate,deadline_miss_rate,retx_drop_rate,mu_depth,jain,first_ack_rate,attempts_per_acked,pinned_fraction,goodput_mbps,acks_m1,acks_m2,acks_m3,acks_m4,units_m1,units_m2,units_m3,units_m4
betam,SUS+CQI,10000,2739.3714734949626,74.32255363154766,0.5561825934286431,0.4405568096313017,0.0,3.9955220721956426,0.5979365634135713,0.9780072243710641,1.0213896894012169,0.021152101129572266,70.759634,0,14,80,30501,0,14,81,31188
betam,SUS+CQI,10001,6265.374950501904,87.05750690709928,0.664855775449489,0.3325572370974001,0.0,3.9909234064228865,0.747213278510592,0.989722020176465,1.00949697679572,0.009584364331130392,81.843552,0,6,197,31093,0,6,200,31415
betam,SUS+CQI,10002,6322.389077602504,74.63396692240305,0.7157877709479133,0.28162406988029764,0.0,3.981100045876009,0.8068689999329949,0.9834254143646409,1.0166144801584767,0.016335249583765275,70.209126,0,15,447,30332,0,16,451,30846
betam,SUS+CQI,10003,3660.097551268094,84.02662506709518,0.568735362997658,0.42669789227166277,0.0,3.9985801658266316,0.6852612345531404,0.9804040275299516,1.019168819570695,0.01891275125824502,76.985274,0,2,24,30743,0,2,24,31358
betam,SUS+CQI,10004,6650.092255409878,109.47832337504514,0.6233452507488646,0.3732727799787419,0.0,3.999564318377005,0.737682600667201,0.9737568174526788,1.026329309016183,0.025724377207514144,101.87121,0,2,15,30335,0,2,15,31153
betam,SUS+CQI,10005,4032.4937499176713,41.127684125692895,0.7827216628775576,0.2159792140305294,0.0,3.7621732921693023,0.885737725434109,0.9898580861697859,1.0100342990586002,0.009932818030773677,38.323542,141,1729,5871,19392,170,1734,5897,19610
betam,SUS+CQI,10006,2629.8369071226603,44.92401300972667,0.6172363986519018,0.37987481945113144,0.00024073182474723158,3.91716708654521,0.7317604667868874,0.9904652686762778,1.0090837541811504,0.00918741681005097,41.152288,8,254,2702,27265,8,254,2730,27528
betam,SUS+CQI,10007,6253.341297495749,71.37085986917485,0.7280879864636209,0.2708967851099831,0.0,3.886320888190542,0.7967051875569322,0.9798057089626722,1.0200765773264524,0.01966667753824076,68.106592,3,320,2896,26232,3,327,2947,26781
betam,SUS+Deadline-PF,10000,696.8799465391302,66.82219866510881,0.48645598194130923,0.5095309756709305,0.0,3.966424183883328,0.5838391904105494,0.9819209402395556,1.015841329126151,0.01595778297415155,61.840534,0,14,989,29575,0,14,1006,30121
betam,SUS+Deadline-PF,10001,4339.129047835862,81.23344651637223,0.5906092355452076,0.405251584529815,0.0,3.998232834968872,0.7571487382748076,0.9906409529211572,1.0074527884797575,0.007630245793983363,72.16567,0,2,59,31376,0,2,59,31673
betam,SUS+Deadline-PF,10002,4687.731124804859,69.96003147670851,0.6378194758977677,0.3582982853445487,0.0,3.997145977538457,0.8224628722199122,0.986268353788095,1.0135169437745908,0.013391320672069084,61.956788,0,6,99,30995,0,6,99,31428
betam,SUS+Deadline-PF,10003,546.6619734848465,73.90920849748701,0.46662763466042156,0.5282201405152225,0.0,3.999616637002351,0.6893662924687598,0.9888299886406664,1.009513875719072,0.009501187648456057,62.849704,0,0,12,31326,0,0,12,31680
betam,SUS+Deadline-PF,10004,3331.5792708479808,100.67810934085381,0.5254613972364479,0.47028698424968596,0.0,3.999924918119013,0.7828972243555999,0.9814920634920635,1.0157011369788846,0.015594237319916247,84.63357,0,0,3,30914,0,0,3,31497
betam,SUS+Deadline-PF,10005,3960.189828421972,40.917964574072016,0.7759012666450146,0.2224748294900942,0.0,3.781281432507698,0.8848379865285211,0.9910917156562196,1.0088371086423316,0.008758758758758759,37.986792,117,1562,5855,19946,138,1565,5874,20150
betam,SUS+Deadline-PF,10006,2245.55545388573,43.677391540178945,0.5934039480019259,0.40370727010110735,0.00024073182474723158,3.932889067638711,0.7136848873969793,0.9873086484364778,1.0121507876723546,0.01237279922468099,39.596238,4,217,2377,27586,4,220,2406,27942
betam,SUS+Deadline-PF,10007,4915.319585249914,67.40919628703097,0.6620981387478849,0.33587140439932317,0.0,3.960173590323556,0.8122945417550559,0.9833457057095827,1.0152573054047065,0.015224715529845528,61.527362,1,112,1226,29128,2,113,1238,29630
betam,SUS+PF,10000,712.6272031807429,67.5948490827835,0.48846250313518935,0.5079006772009029,0.0,3.9666532441217206,0.5839376991811928,0.9818562007399068,1.017360216439062,0.01738580685949107,62.0285,0,14,1016,29491,0,14,1037,30034
betam,SUS+PF,10001,4301.888693970524,81.68949911441555,0.593325572370974,0.4030526451946708,0.0,3.997674973364889,0.7547506778352583,0.9911677496687906,1.0083036024374072,0.008382858930247107,72.462896,0,0,89,31333,0,0,90,31612
betam,SUS+PF,10002,4594.400484469025,70.01425640634015,0.6371724361048204,0.3592688450339696,0.0,3.9960328008238464,0.8218284670593512,0.986676395013165,1.013484785988514,0.013302867159133593,61.81497,0,6,134,30963,0,6,136,31381
betam,SUS+PF,10003,509.7150547832557,74.83678600673554,0.46873536299765806,0.5263466042154566,0.0,3.9994805187165787,0.6898417539645818,0.989807831876558,1.0095689246802464,0.00947052572357317,62.986582,0,2,12,31354,0,2,12,31677
betam,SUS+PF,10004,3455.8722425625742,101.77916159429273,0.5348342835056528,0.4612039810609721,0.0,3.999924572562142,0.7821221440256071,0.9815798682912862,1.0179589237382582,0.01768805275164849,86.365972,0,0,3,30851,0,0,3,31430
betam,SUS+PF,10005,3962.0995352361783,40.90132363094795,0.7765508281909711,0.2218252679441377,0.0,3.7768639981351324,0.8847495753804211,0.9908419604720191,1.0090507566432554,0.008968288133161141,38.01891,133,1596,5840,19804,157,1600,5860,20009
betam,SUS+PF,10006,2247.0805423618767,43.68774887989501,0.5938854116514203,0.4032258064516129,0.00024073182474723158,3.930527096711376,0.7139447640641988,0.9870678365636459,1.0124893463580935,0.012703235607848208,39.651418,4,221,2403,27521,4,225,2438,27877
betam,SUS+PF,10007,4903.853583116674,67.77868660382728,0.6629441624365482,0.33519458544839253,0.0,3.949652537926364,0.8117986108387106,0.9833652193650897,1.015908057918317,0.015671879987232684,61.581492,3,131,1541,28651,4,132,1563,29140
betam,SUS+Random,10000,715.6431818285818,66.81172774520951,0.4882116879859544,0.5072736393278154,0.0,3.9061410980182316,0.5721213638163302,0.9780899430864888,1.0201873598100013,0.020083816892327532,61.82688,1,12,2767,26951,1,12,2838,27546
betam,SUS+Random,10001,2821.616601968035,76.67530520869725,0.5406803777001682,0.4550510930021989,0.0,3.9997729093687946,0.722605158974417,0.9890775932824042,1.0098327484270764,0.010000625039064941,65.653696,0,0,6,31326,0,0,6,31672
betam,SUS+Random,10002,2854.2037073087768,64.65258260079781,0.5588806211582013,0.4369136201876415,0.0,3.999161939901556,0.7954936500992821,0.9847158802638255,1.014290704690527,0.014099477912902116,53.606844,0,6,21,31027,0,6,21,31509
betam,SUS+Random,10003,-917.1484024942393,69.655629033754,0.4241217798594848,0.5701405152224824,0.0,3.9997412991284826,0.6456626223051738,0.9846675325498147,1.0135864389562568,0.0134387598837391,56.946992,0,0,9,31074,0,0,9,31558
betam,SUS+Random,10004,647.098119839678,92.60004713264507,0.4607208425934873,0.5347376558121557,0.0,4.0,0.7324925449097074,0.9789430091427479,1.019443202860609,0.01903125,73.861434,0,0,0,30730,0,0,0,31391
betam,SUS+Random,10005,3712.2918341760683,40.31114593605896,0.7521922702176032,0.24585904514452744,0.0,3.84555225007999,0.8789171803475931,0.9912624388890815,1.0084975027746947,0.008423296431272776,36.76432,87,1074,4234,23194,108,1077,4243,23413
betam,SUS+Random,10006,2078.721119880335,42.85193517772055,0.5835339431872894,0.41333654309099666,0.00024073182474723158,3.9487191976092384,0.6974324579019349,0.9856068464730291,1.0138961038961039,0.013968355441905066,39.007128,4,111,1717,28572,4,112,1744,28988
betam,SUS+Random,10007,4077.750208972056,64.72488175369497,0.6248730964467005,0.3727580372250423,0.0,3.9735791892364216,0.7917614275775547,0.9832461405141701,1.0161357719134712,0.016042949628927838,57.779094,1,68,752,29814,2,72,760,30323
betam,SUS+MW,10000,2627.869348368239,74.22065758795668,0.5515425131677953,0.4451968898921495,0.0,3.996426300789416,0.5967340252248589,0.9785433762252945,1.0203774792066538,0.020086981008103626,70.267816,0,14,75,30558,0,14,75,31230
betam,SUS+MW,10001,5802.565449460157,86.73644905762787,0.6439011770792912,0.35338248609494244,0.0,3.995327919296295,0.7543849557455571,0.9903096493166251,1.0088160015167313,0.008915722955640368,79.295036,0,2,93,31279,0,2,95,31584
betam,SUS+MW,10002,5404.774237409055,74.2674134333361,0.6651569071497897,0.3311226140407635,0.0,3.9935020245822255,0.8149267615548799,0.9840406930535686,1.0158114083924539,0.015554581872809213,65.367574,0,12,107,30834,0,12,108,31335
betam,SUS+MW,10003,2708.887884828456,82.64584086238884,0.5327868852459017,0.46241217798594847,0.0,3.999416955057951,0.6910926309682924,0.9817759684498442,1.0173885350318472,0.017191797949487372,72.618262,0,2,18,30849,0,2,18,31422
betam,SUS+MW,10004,4837.816878387703,105.99063120283695,0.5686539762295874,0.4275775437240313,0.0,3.9999391217818383,0.7582760597308805,0.9752462581553025,1.0233303422638123,0.022844463889496548,93.676204,0,0,3,30491,0,0,3,31265
betam,SUS+MW,10005,3957.0027466729807,41.06200657773875,0.7749269243260799,0.22377395258200714,0.0,3.784723799840217,0.8854377708376419,0.9906390639063907,1.0091825711199136,0.009097395647520514,37.954334,125,1616,5460,20314,144,1621,5481,20529
betam,SUS+MW,10006,2468.4600076255206,44.69542524407775,0.6054405392392874,0.3916706788637458,0.00024073182474723158,3.924434927739368,0.7287994665133107,0.9896034262922156,1.0101096024865042,0.010193514982849006,40.453136,8,215,2532,27514,8,216,2556,27807
betam,SUS+MW,10007,6155.2678008890425,71.65142039432837,0.7196277495769882,0.27884940778341794,0.0,3.931255171366444,0.7988546568664201,0.9798778296802012,1.0198450322032235,0.019442664958360025,67.293334,3,176,1708,28110,3,181,1735,28694
betam,SUS+EDF,10000,-3256.6473425072777,49.54670242388817,0.3438675696012039,0.6491096062202157,0.0,3.9200563505028967,0.5911640898755814,0.9815799714619277,1.008517887563884,0.00858438092788477,42.993288,1,12,2592,27663,1,12,2631,28192
betam,SUS+EDF,10001,571.306747780109,64.95562763808782,0.4457379381709999,0.5480532919415341,0.0,3.9999052589001542,0.7568635668152891,0.9885956644674835,1.0051225296442687,0.005281415044220132,53.925404,0,0,3,31464,0,0,3,31827
betam,SUS+EDF,10002,1334.4225686046177,56.50682354862648,0.47153024911032027,0.5226463927531543,0.0,3.999015796504921,0.8103948709294975,0.9862542955326461,1.0084326654831346,0.008440401387977118,44.948328,0,4,21,31258,0,4,21,31694
betam,SUS+EDF,10003,-3921.6222009614266,56.25744277628366,0.3156908665105386,0.6771662763466042,0.0,3.9995412401786505,0.6909779576618966,0.9864065449968533,1.0066546249643502,0.006688754141401513,42.063818,0,0,18,31330,0,0,18,31762
betam,SUS+EDF,10004,-3481.4124174083527,72.76548973602154,0.34022610880278287,0.6528166972654362,0.0,4.0,0.8056273250046109,0.9800831967729736,1.0084816019386518,0.008375,53.966548,0,0,0,31100,0,0,0,31732
betam,SUS+EDF,10005,3700.268126143784,39.9399317893623,0.7440727508931472,0.25235466060409223,0.0,3.922771963678911,0.881179253236659,0.9924953095684803,1.0072769180111953,0.007221750212404418,36.368148,56,479,2085,27533,67,480,2092,27742
betam,SUS+EDF,10006,1605.0517466274712,40.10861110529798,0.5380356283100626,0.45594607607125665,0.0,3.9865335257597536,0.7020288152797501,0.9870863343592347,1.0095547487101089,0.009802381476012442,35.847836,0,38,388,30684,0,38,394,31085
betam,SUS+EDF,10007,2465.801637619572,56.877785638024875,0.5402707275803722,0.4548223350253807,0.0,3.997285315548035,0.8138932426875166,0.9837575987841946,1.0117703197073327,0.011981105515062408,49.745316,0,10,67,30994,0,10,69,31505
betam,SU+CQI,10000,2667.383381395703,72.76600811166712,0.5578128918986707,0.43880110358665664,0.0,1.0,0.5798363017582845,0.9438822447102115,1.051560021152829,0.048875,70.968184,7182,0,0,0,7609,0,0,0
betam,SU+CQI,10001,4137.092639484809,76.6254130217267,0.605225714655284,0.39166990040098304,0.0,1.0,0.6503716341494897,0.97201540436457,1.0264883631220265,0.02625,74.519054,7572,0,0,0,7790,0,0,0
betam,SU+CQI,10002,4742.66951704682,67.1301917466326,0.6601423487544484,0.3371077321255257,0.0,1.0,0.7329767693694799,0.9564934219096001,1.0421505937622342,0.040375,64.856918,7343,0,0,0,7677,0,0,0
betam,SU+CQI,10003,1871.9679900613405,74.5058112304477,0.5269320843091335,0.46814988290398124,0.000117096018735363,1.0,0.5921170626313513,0.9541368078175896,1.0419992149679445,0.040625,71.71094,7323,0,0,0,7675,0,0,0
betam,SU+CQI,10004,2115.6252950905678,89.20954070823194,0.525558024929945,0.47057686733017684,0.0,1.0,0.6010611567389141,0.9669890393294649,1.0315164040299665,0.030625,86.23313,7499,0,0,0,7755,0,0,0
betam,SU+CQI,10005,4546.683297595863,42.185860528000795,0.8311139980513154,0.1679116596297499,0.0,1.0,0.8888132737652464,0.9242119382964453,1.071678792778227,0.06660823838737949,40.759962,6890,0,0,0,7455,0,0,0
betam,SU+CQI,10006,3444.0922694817023,46.933524014486096,0.6716417910447762,0.3261916225324988,0.0,1.0,0.7527877363937403,0.951168559864212,1.04472131147541,0.042625,44.897484,7285,0,0,0,7659,0,0,0
betam,SU+CQI,10007,5044.196493190343,65.68769382821819,0.6825719120135364,0.316243654822335,0.0,1.0,0.7436580608538463,0.9414093428345209,1.055864442679375,0.05275,63.869734,7134,0,0,0,7578,0,0,0
betam,SU+Deadline-PF,10000,-477.29006381416224,60.825153243660004,0.44682718836217705,0.5479056935038876,0.0,1.0,0.5803016147780512,0.9389647180015452,1.0309758043073651,0.02925,56.633122,7292,0,0,0,7766,0,0,0
betam,SU+Deadline-PF,10001,1135.345589883342,65.06141864463243,0.47794593196223,0.5159746475229595,0.0,1.0,0.7520382253283974,0.9526785714285714,1.020718594282717,0.02,58.31303,7469,0,0,0,7840,0,0,0
betam,SU+Deadline-PF,10002,2937.502348594351,61.54521902788415,0.5619540601747007,0.43384018117114204,0.0,1.0,0.8002705719725858,0.9511316872427984,1.0293963254593177,0.028,54.597448,7396,0,0,0,7776,0,0,0
betam,SU+Deadline-PF,10003,-1462.8322275416754,62.441700975136676,0.40327868852459015,0.5901639344262295,0.0,1.0,0.6821382670073354,0.945617402431222,1.0244224422442245,0.023125,54.26799,7390,0,0,0,7815,0,0,0
betam,SU+Deadline-PF,10004,-1216.54259220507,77.09813862902578,0.41289013431249394,0.580539182529713,0.0,1.0,0.7537419930982874,0.9545801526717558,1.0181889557707406,0.0175,66.464402,7503,0,0,0,7860,0,0,0
betam,SU+Deadline-PF,10005,4205.090503844407,41.34003043636599,0.7983111399805132,0.20071451770055213,0.0,1.0,0.8945334065864743,0.9299986767235675,1.0582875519228192,0.05442942942942943,39.094868,7028,0,0,0,7557,0,0,0
betam,SU+Deadline-PF,10006,2483.995387197023,44.40652552204039,0.6061627347135291,0.39046701974000964,0.00048146364949446316,1.0,0.7326160693951804,0.9327188940092166,1.052730192719486,0.050625,40.50289,7084,0,0,0,7595,0,0,0
betam,SU+Deadline-PF,10007,3376.1912400804713,60.145862034036796,0.5920473773265651,0.4057529610829103,0.0,1.0,0.8021855284398923,0.9371421134825612,1.0417942233461999,0.0395,55.156084,7201,0,0,0,7684,0,0,0
betam,SU+PF,10000,-384.59917264148527,62.72639873757867,0.4558565337346376,0.5400050163029847,0.0,1.0,0.5806448315762627,0.9496290511518938,1.0416666666666667,0.039625,57.645736,7296,0,0,0,7683,0,0,0
betam,SU+PF,10001,736.7539732410842,67.82256977969107,0.47755788384426334,0.5177855387401371,0.0,1.0,0.744831074178348,0.9653573728267869,1.0304049683012033,0.029375,57.66436,7496,0,0,0,7765,0,0,0
betam,SU+PF,10002,2739.9187711932254,62.52837526175357,0.5658362989323843,0.4309285021028793,0.0,1.0,0.800701999103003,0.9596365996106424,1.0383814728077023,0.036875,54.866776,7394,0,0,0,7705,0,0,0
betam,SU+PF,10003,-1625.1095238181072,65.14335949481577,0.4104215456674473,0.5838407494145199,0.0,1.0,0.6751958138999342,0.9581009210014269,1.0379103699843668,0.036375,54.809396,7386,0,0,0,7709,0,0,0
betam,SU+PF,10004,-1369.4272629562977,81.00900949584242,0.42409894675814086,0.5707797854865204,0.0,1.0,0.7409738965736071,0.9711612407075109,1.025472790428406,0.02475,67.46604,7577,0,0,0,7802,0,0,0
betam,SU+PF,10005,4177.117182295355,41.326514796573655,0.7976615784345567,0.20168886001948685,0.0,1.0,0.8941275231283022,0.9280949839914621,1.0659237379162192,0.06147489670714912,39.113138,6957,0,0,0,7496,0,0,0
betam,SU+PF,10006,2508.307379091223,44.42409956964826,0.610255175734232,0.3863745787193067,0.0007221954742416948,1.0,0.7329007387549252,0.9327229299363057,1.0597294763626623,0.058,40.740642,7029,0,0,0,7536,0,0,0
betam,SU+PF,10007,3246.8461063160566,61.21531824587317,0.5947546531302876,0.4035532994923858,0.0,1.0,0.8033069332051662,0.9443496521853262,1.0501716398204384,0.047625,55.095944,7195,0,0,0,7619,0,0,0
betam,SU+Random,10000,-4889.3138502628035,45.27901879543981,0.31163782292450465,0.6822172059192375,0.0,1.0,0.5886778782426435,0.8850150396499863,1.0953979577563295,0.08575,38.6329,6473,0,0,0,7314,0,0,0
betam,SU+Random,10001,-3467.6462363890555,53.26356245006564,0.33579097141378866,0.658647005562023,0.0,1.0,0.7701031937703567,0.9145769076035939,1.0737716074588268,0.067875,39.711514,6820,0,0,0,7457,0,0,0
betam,SU+Random,10002,-1086.0097987842034,49.78576699295124,0.3990617923002265,0.5964089291491427,0.0,1.0,0.8142005722179991,0.9179823387744179,1.0711189379571933,0.06575,37.333288,6861,0,0,0,7474,0,0,0
betam,SU+Random,10003,-6063.589863203283,49.296201039978044,0.2754098360655738,0.7179156908665105,0.0,1.0,0.7024151593824887,0.9007293354943274,1.0817480011028398,0.0745,35.897818,6669,0,0,0,7404,0,0,0
betam,SU+Random,10004,-6662.09589833209,62.02791432535715,0.2917190066673109,0.7017103101748962,0.0,1.0,0.7914740375327457,0.9097259537882859,1.0758611262985238,0.0695,46.087234,6772,0,0,0,7444,0,0,0
betam,SU+Random,10005,3281.4448469521953,38.649190082889284,0.7119194543683014,0.28613186099382915,0.0,1.0,0.8861858677873776,0.9100957002291414,1.0786240786240786,0.07216108054027014,34.60752,6752,0,0,0,7419,0,0,0
betam,SU+Random,10006,883.9308901697601,38.76837080258838,0.5028887818969667,0.4930187770823303,0.00024073182474723158,1.0,0.7023572755059797,0.9035326086956522,1.0858286187387884,0.08,33.253902,6650,0,0,0,7360,0,0,0
betam,SU+Random,10007,-371.3052784909946,48.46327104381065,0.43147208121827413,0.5642978003384095,0.0,1.0,0.804593870620551,0.8959153209390691,1.086390696386543,0.078875,38.977966,6602,0,0,0,7369,0,0,0
betam,SU+MW,10000,2475.909320990141,72.61767731026991,0.5492851768246803,0.4473288186606471,0.0,1.0,0.5808574783806182,0.9415866333377187,1.0527361865641978,0.049875,70.144784,7157,0,0,0,7601,0,0,0
betam,SU+MW,10001,3156.006394116855,74.66235369671436,0.5621523735609882,0.4339671452593455,0.0,1.0,0.6835098021929606,0.9624516129032258,1.032429627707874,0.03125,70.262506,7459,0,0,0,7750,0,0,0
betam,SU+MW,10002,3881.8624784995377,66.19641725644931,0.6114526043351666,0.3846651569071498,0.0,1.0,0.7705583155093723,0.9549830861306271,1.0410296615706258,0.03925,60.930484,7340,0,0,0,7686,0,0,0
betam,SU+MW,10003,980.7932269597272,72.61528839453099,0.49098360655737705,0.503864168618267,0.0,1.0,0.6307017617734356,0.9465758805813801,1.0475939353988135,0.045375,67.800014,7229,0,0,0,7637,0,0,0
betam,SU+MW,10004,788.0118969068883,85.9815173810659,0.481205913614842,0.5138660740168132,0.0,1.0,0.6592231531517505,0.961960025789813,1.0318016614745587,0.030625,80.50244,7460,0,0,0,7755,0,0,0
betam,SU+MW,10005,4221.906208260707,41.74097766001448,0.7989607015264696,0.20006495615459566,0.0,1.0,0.889910529050959,0.9164195200862766,1.0774867688967296,0.07147327575416197,39.357854,6798,0,0,0,7418,0,0,0
betam,SU+MW,10006,3071.9438972017642,46.35508035655809,0.6437168993740973,0.3538757823784304,0.0,1.0,0.7521738653841664,0.947327146778199,1.045939186520995,0.043625,43.126746,7248,0,0,0,7651,0,0,0
betam,SU+MW,10007,4555.198309868865,64.68629556585371,0.651269035532995,0.34670050761421317,0.0,1.0,0.7641323324333461,0.9360073888375775,1.0560212907518296,0.052625,61.30942,7094,0,0,0,7579,0,0,0
betam,SU+EDF,10000,-12039.576124174459,15.362917038110004,0.09769250062703787,0.8950338600451467,0.0,1.0,0.4822710209529199,0.8341139734582358,1.04627287606011,0.03925,12.132592,6411,0,0,0,7686,0,0,0
betam,SU+EDF,10001,-7427.3462596576655,31.181876344604955,0.2160134523347562,0.7779071271504333,0.0,1.0,0.6691029575280847,0.878550314869554,1.0309044513751062,0.027375,26.268158,6836,0,0,0,7781,0,0,0
betam,SU+EDF,10002,-5095.732925557202,27.796155405101338,0.244257521837593,0.7499191200258816,0.0,1.0,0.7341401564925757,0.8894716643213509,1.0255080588647512,0.022875,23.3892,6953,0,0,0,7817,0,0,0
betam,SU+EDF,10003,-9282.785390936946,30.38999176424904,0.18747072599531617,0.8052693208430913,0.0,1.0,0.5619792551798001,0.8771862139917695,1.0313831297926725,0.028,25.321356,6821,0,0,0,7776,0,0,0
betam,SU+EDF,10004,-9529.889618293057,42.515081952881935,0.2254324089283989,0.7676103971398203,0.0,1.0,0.5838349816434831,0.8947368421052632,1.02397212543554,0.0215,36.44919,7004,0,0,0,7828,0,0,0
betam,SU+EDF,10005,1814.1219692501616,30.434763654663396,0.5654433257551152,0.42773627801234165,0.0,1.0,0.9153855123202326,0.9012813807531381,1.0485852311939268,0.044,27.296598,6893,0,0,0,7648,0,0,0
betam,SU+EDF,10006,-3054.380787303739,20.958568059919447,0.2628791526239769,0.7308618199325951,0.0,1.0,0.6484908033818357,0.8769990898452737,1.0431572969903464,0.038625,17.361146,6745,0,0,0,7691,0,0,0
betam,SU+EDF,10007,-5003.56630664208,26.674046963540825,0.23824027072758036,0.7563451776649747,0.0,1.0,0.8191076184903818,0.8623924941360438,1.0464378425151428,0.04075,21.758472,6618,0,0,0,7674,0,0,0
