train_seed,best_update,seed,sched,reward,throughput_mbps,goodput_mbps,mean_sinr_db,completion_rate,deadline_miss_rate,retx_drop_rate,mu_depth,jain
2024,419,21000,PPO,7326.1782,105.4678,102.6812,13.4108,0.6554,0.3423,0.0,3.4344,0.7099
2024,419,21000,SUS+CQI,6606.7553,106.8282,99.0204,12.6729,0.627,0.3705,0.0,3.9955,0.7329
2024,419,21001,PPO,6752.442,78.6273,76.2964,18.7505,0.7171,0.2805,0.0,3.165,0.7907
2024,419,21001,SUS+CQI,5916.862,77.6967,72.2664,17.2052,0.6768,0.3203,0.0,3.9554,0.806
2024,419,21002,PPO,3255.8904,82.5895,81.1185,9.5249,0.5655,0.4313,0.0003,2.6717,0.5872
2024,419,21002,SUS+CQI,2425.0399,81.4583,77.2524,7.9603,0.5373,0.4596,0.0001,3.9857,0.5874
2024,419,21003,PPO,4408.8584,65.1094,63.1767,10.9784,0.6496,0.3482,0.0,2.6524,0.7068
2024,419,21003,SUS+CQI,3784.9448,65.9463,60.3124,7.8036,0.6121,0.385,0.0,3.9954,0.7185
2024,419,21004,PPO,2806.9112,82.6486,80.9117,11.4865,0.5525,0.4446,0.0,2.745,0.5912
2024,419,21004,SUS+CQI,2106.4145,82.6854,77.5864,9.4394,0.5261,0.4704,0.0001,3.9813,0.5967
2024,419,21005,PPO,3643.627,37.8002,36.3909,18.0267,0.7653,0.2328,0.0003,1.9786,0.8452
2024,419,21005,SUS+CQI,2922.275,36.8775,33.1865,10.4332,0.693,0.3037,0.0016,3.591,0.832
2024,419,21006,PPO,4657.3915,83.3631,81.8808,10.7948,0.6133,0.3843,0.0,2.7842,0.6342
2024,419,21006,SUS+CQI,4198.7182,83.1206,79.759,8.7234,0.5949,0.4028,0.0,3.9469,0.6401
2024,419,21007,PPO,6769.431,77.2226,75.743,12.8792,0.7283,0.2691,0.0,2.7665,0.7581
2024,419,21007,SUS+CQI,6164.1591,76.4185,73.0344,10.4083,0.699,0.2984,0.0,3.8564,0.7603
2024,419,21008,PPO,5440.5566,88.954,86.4709,11.313,0.6264,0.3695,0.0,3.3368,0.6823
2024,419,21008,SUS+CQI,5011.0768,91.1432,84.0916,10.3311,0.6037,0.3923,0.0,3.9877,0.7052
2024,419,21009,PPO,3804.3054,39.399,37.9092,13.7943,0.7671,0.2298,0.0009,2.1192,0.8569
2024,419,21009,SUS+CQI,3062.2178,38.1842,34.6212,7.9897,0.6969,0.2999,0.0003,3.676,0.8437
2024,419,21010,PPO,3826.0948,71.1525,68.8915,13.6665,0.6051,0.3928,0.0001,2.7072,0.6627
2024,419,21010,SUS+CQI,3172.3549,71.8905,65.9756,11.0609,0.5723,0.4253,0.0003,3.9921,0.6708
2024,419,21011,PPO,4908.8078,99.5877,97.399,11.7028,0.5921,0.4045,0.0,3.2859,0.6382
2024,419,21011,SUS+CQI,4136.5393,99.3749,93.6162,11.6836,0.5668,0.4294,0.0,3.947,0.6494
2024,419,21012,PPO,4035.4261,69.6952,67.298,12.9769,0.6166,0.3807,0.0,3.0302,0.713
2024,419,21012,SUS+CQI,3263.1933,71.5079,63.2913,11.4407,0.5724,0.4246,0.0,3.9926,0.7414
2024,419,21013,PPO,5840.4793,102.5006,100.2491,14.3841,0.614,0.3826,0.0001,3.1042,0.6607
2024,419,21013,SUS+CQI,5444.2624,103.7972,98.2334,13.459,0.5977,0.3992,0.0,3.9797,0.6752
2024,419,21014,PPO,5079.8635,66.7089,64.5987,10.9617,0.679,0.3185,0.0,2.9307,0.7616
2024,419,21014,SUS+CQI,4544.4481,67.7104,62.1309,8.6752,0.6454,0.3516,0.0002,3.9648,0.77
2024,419,21015,PPO,5555.5964,58.0102,56.3408,8.1023,0.7612,0.2358,0.0,2.762,0.8508
2024,419,21015,SUS+CQI,5019.4631,58.9619,53.6414,4.9409,0.7174,0.2788,0.0002,3.888,0.8558
2024,419,21016,PPO,5731.8445,72.8864,70.0818,11.4326,0.6883,0.3093,0.0002,3.1153,0.7846
2024,419,21016,SUS+CQI,5247.66,75.463,67.9497,9.2791,0.6542,0.3434,0.0,3.992,0.8063
2024,419,21017,PPO,6723.9539,82.2551,80.3293,9.6335,0.7019,0.2962,0.0,3.2433,0.7499
2024,419,21017,SUS+CQI,6443.3577,83.0883,79.0803,8.5222,0.6862,0.3118,0.0,3.9687,0.7574
2024,419,21018,PPO,6291.4332,70.88,68.8175,12.4146,0.7304,0.2671,0.0,2.9783,0.7993
2024,419,21018,SUS+CQI,5637.0049,70.6769,65.9566,9.7795,0.695,0.3027,0.0,3.9429,0.7975
2024,419,21019,PPO,5965.6037,113.8347,109.8572,10.6352,0.5984,0.3986,0.0,3.7779,0.6823
2024,419,21019,SUS+CQI,5609.8265,116.6051,108.1262,10.5055,0.5827,0.4145,0.0,3.9932,0.7037
2024,419,21020,PPO,7924.7572,105.3886,102.9353,13.033,0.6761,0.3216,0.0,3.3015,0.7262
2024,419,21020,SUS+CQI,7158.7565,105.2967,99.1069,12.459,0.6485,0.349,0.0,3.9844,0.7456
2024,419,21021,PPO,5947.6464,62.4691,61.129,14.0408,0.7607,0.2371,0.0,2.7109,0.814
2024,419,21021,SUS+CQI,5236.4621,61.6162,57.8766,10.4501,0.7166,0.2811,0.0,3.8815,0.8188
2024,419,21022,PPO,3915.3037,101.6614,99.0731,11.567,0.5606,0.4356,0.0001,3.2881,0.6098
2024,419,21022,SUS+CQI,3295.876,102.2648,96.0232,11.1364,0.5403,0.4556,0.0001,3.9829,0.6244
2024,419,21023,PPO,1931.8116,102.271,97.647,15.8021,0.5125,0.4828,0.0,3.6072,0.5872
2024,419,21023,SUS+CQI,1132.3354,104.7893,93.2366,15.4419,0.4849,0.5106,0.0,3.9951,0.6289
2024,419,21024,PPO,5209.8161,85.1377,83.1939,16.41,0.6292,0.3683,0.0,2.7719,0.6664
2024,419,21024,SUS+CQI,4667.3847,85.9366,80.7132,14.4021,0.6047,0.3927,0.0001,3.9875,0.6771
2024,419,21025,PPO,4050.7589,68.8985,67.3482,12.6427,0.6208,0.3763,0.0,2.6695,0.664
2024,419,21025,SUS+CQI,3326.0135,68.5919,63.9798,9.9875,0.5858,0.4109,0.0001,3.97,0.6667
2024,419,21026,PPO,5119.4713,62.0711,60.3456,10.0757,0.7045,0.2946,0.0,2.7749,0.7766
2024,419,21026,SUS+CQI,4291.9948,61.3159,56.5601,7.6118,0.6561,0.3427,0.0,3.9037,0.778
2024,419,21027,PPO,1355.1855,28.2212,27.341,10.4241,0.5884,0.4068,0.0024,1.8393,0.6229
2024,419,21027,SUS+CQI,1344.8526,28.2482,27.2715,7.954,0.587,0.4089,0.0017,2.5589,0.6238
2024,419,21028,PPO,3707.5014,63.0748,61.1655,11.7172,0.6204,0.3764,0.0,2.5833,0.6776
2024,419,21028,SUS+CQI,2961.6948,63.661,57.8453,7.9944,0.5781,0.4186,0.0,3.9622,0.6822
2024,419,21029,PPO,6609.4637,77.7617,76.2879,10.741,0.7164,0.2814,0.0001,3.0562,0.7549
2024,419,21029,SUS+CQI,6246.2006,77.2631,74.7269,9.1623,0.7004,0.2974,0.0001,3.7653,0.7542
2024,419,21030,PPO,4342.9776,74.9572,73.7651,10.4383,0.6194,0.3782,0.0001,2.6499,0.6461
2024,419,21030,SUS+CQI,3651.4387,74.0971,70.4163,8.1591,0.5906,0.4064,0.0004,3.871,0.6489
2024,419,21031,PPO,5936.2683,71.9952,69.6939,15.8739,0.7034,0.2938,0.0,3.019,0.8111
2024,419,21031,SUS+CQI,5194.5508,73.8434,66.4885,13.0664,0.6571,0.3401,0.0,3.9911,0.8271
2024,419,21032,PPO,6985.5351,65.605,64.4718,15.2379,0.8213,0.1771,0.0004,2.8171,0.8512
2024,419,21032,SUS+CQI,6873.0768,65.4791,63.8932,12.9944,0.814,0.1845,0.0002,3.5352,0.8502
2024,419,21033,PPO,2563.0888,107.7808,104.23,12.0867,0.5251,0.4719,0.0,3.469,0.585
2024,419,21033,SUS+CQI,2002.2393,109.632,101.1485,11.9945,0.5064,0.4907,0.0,3.9995,0.6103
2024,419,21034,PPO,5896.3078,67.8682,66.2294,15.0141,0.7221,0.2752,0.0,2.8297,0.7785
2024,419,21034,SUS+CQI,5410.8316,68.6345,64.0784,11.3213,0.6906,0.3065,0.0,3.9804,0.7812
2024,419,21035,PPO,1989.8143,71.6636,70.1399,11.2277,0.5372,0.4606,0.0,2.9401,0.5817
2024,419,21035,SUS+CQI,1194.0609,71.0874,66.2632,9.0396,0.5057,0.4916,0.0001,3.9066,0.5913
2024,419,21036,PPO,4188.9217,63.4045,61.6745,19.5671,0.6446,0.3517,0.0006,2.546,0.6889
2024,419,21036,SUS+CQI,3518.6059,63.1446,58.6553,12.8231,0.6086,0.3875,0.0003,3.9602,0.6876
2024,419,21037,PPO,5350.297,110.3405,105.8426,12.7177,0.586,0.4101,0.0,3.7254,0.6723
2024,419,21037,SUS+CQI,5163.4488,113.2537,104.8322,12.7346,0.575,0.4209,0.0,3.9989,0.6947
2024,419,21038,PPO,6702.2784,89.4875,86.8906,11.0564,0.6745,0.3236,0.0001,3.3752,0.7506
2024,419,21038,SUS+CQI,6200.9331,91.2768,84.0766,10.1351,0.6477,0.3504,0.0,3.9968,0.7739
2024,419,21039,PPO,5529.2487,74.0831,72.7184,11.6508,0.6754,0.322,0.0003,2.7591,0.7001
2024,419,21039,SUS+CQI,5118.633,74.0506,70.7448,9.368,0.6547,0.3426,0.0003,3.8695,0.7037
2024,419,21040,PPO,4630.7541,71.9127,69.992,13.1543,0.6382,0.3581,0.0,2.7952,0.7003
2024,419,21040,SUS+CQI,4012.6278,72.5987,67.1193,9.691,0.6055,0.3906,0.0,3.9767,0.7062
2024,419,21041,PPO,4634.3649,63.9049,62.1262,14.2282,0.6655,0.3314,0.0002,2.6802,0.7247
2024,419,21041,SUS+CQI,3732.2431,63.3865,58.2219,10.2116,0.6172,0.3798,0.0002,3.9688,0.7201
2024,419,21042,PPO,5068.5724,110.1465,107.5774,14.4618,0.583,0.4145,0.0,2.9956,0.6291
2024,419,21042,SUS+CQI,4255.1784,111.0703,103.6302,13.6586,0.5574,0.4401,0.0,3.9908,0.6462
2024,419,21043,PPO,3602.0638,90.1392,87.0938,13.3698,0.5649,0.4323,0.0,3.2055,0.6323
2024,419,21043,SUS+CQI,3049.6775,92.1435,84.166,12.4471,0.5407,0.4562,0.0,3.9941,0.6623
2024,419,21044,PPO,5383.9542,92.1114,89.875,13.4173,0.6197,0.3774,0.0,3.0745,0.6616
2024,419,21044,SUS+CQI,4793.399,93.4997,86.9867,12.4289,0.5945,0.4026,0.0,3.9978,0.6782
2024,419,21045,PPO,4469.7921,120.4888,117.4756,13.7832,0.5575,0.438,0.0,3.2616,0.6041
2024,419,21045,SUS+CQI,4277.2462,122.4611,116.2468,13.4556,0.5488,0.4467,0.0,3.962,0.618
2024,419,21046,PPO,4319.1078,71.8379,70.2919,14.1129,0.6262,0.372,0.0003,2.7265,0.6668
2024,419,21046,SUS+CQI,3981.9173,72.4339,68.5409,11.1347,0.6076,0.3905,0.0,3.9477,0.6764
2024,419,21047,PPO,4169.7159,46.784,45.5941,13.4573,0.7347,0.2625,0.001,2.3226,0.778
2024,419,21047,SUS+CQI,3792.3982,46.5907,43.8532,8.8909,0.7034,0.2941,0.0005,3.6673,0.7759
2024,419,21048,PPO,4452.7421,94.5614,92.3836,11.5393,0.584,0.4127,0.0,3.2642,0.6406
2024,419,21048,SUS+CQI,4374.4992,96.3296,91.7293,11.2775,0.5774,0.4193,0.0,3.9931,0.6537
2024,419,21049,PPO,5247.2704,89.2528,87.3782,15.605,0.6198,0.3774,0.0,3.2472,0.6701
2024,419,21049,SUS+CQI,5317.1611,92.4948,87.3577,14.8551,0.6136,0.3834,0.0,3.9986,0.6898
2024,419,21050,PPO,5392.677,91.8788,89.1237,14.6901,0.6182,0.3782,0.0,3.3731,0.689
2024,419,21050,SUS+CQI,4857.2828,93.5937,86.1911,13.2662,0.5932,0.403,0.0,3.9806,0.7103
2024,419,21051,PPO,3614.6889,78.6409,77.1459,9.2457,0.5843,0.4138,0.0,2.5875,0.6098
2024,419,21051,SUS+CQI,3201.7318,78.7191,75.2159,7.296,0.5668,0.4311,0.0,3.9764,0.6174
2024,419,21052,PPO,1705.785,45.1566,43.6948,8.0582,0.5616,0.4349,0.0006,2.1669,0.6074
2024,419,21052,SUS+CQI,1412.3216,44.7083,42.5855,4.068,0.544,0.4526,0.0006,3.7799,0.6003
2024,419,21053,PPO,3532.8787,92.4882,90.9499,13.1578,0.5625,0.4344,0.0,2.8812,0.5998
2024,419,21053,SUS+CQI,3321.5999,94.4469,89.3213,12.026,0.5505,0.4467,0.0,3.9976,0.62
2024,419,21054,PPO,3874.344,49.6955,48.309,15.4035,0.69,0.3084,0.0007,2.4871,0.7353
2024,419,21054,SUS+CQI,3629.874,49.4928,47.2054,11.5785,0.6723,0.3248,0.0016,3.3741,0.7314
2024,419,21055,PPO,4151.3603,54.0945,52.5653,14.53,0.684,0.3131,0.0006,2.4935,0.732
2024,419,21055,SUS+CQI,3695.0606,53.5258,50.7621,9.3926,0.6556,0.3417,0.0004,3.8209,0.7249
2024,419,21056,PPO,6420.6242,100.3477,97.4058,13.2027,0.6346,0.3619,0.0,3.3007,0.7073
2024,419,21056,SUS+CQI,5962.8031,100.8823,95.3672,12.9273,0.6186,0.378,0.0002,3.939,0.7174
2024,419,21057,PPO,5700.2371,69.3693,67.654,13.945,0.7027,0.2952,0.0,3.1055,0.7563
2024,419,21057,SUS+CQI,5252.6172,70.2863,65.5184,12.1658,0.6743,0.3236,0.0,3.9203,0.7667
2024,419,21058,PPO,4945.1645,48.4776,47.0758,9.1087,0.7951,0.2017,0.0016,2.461,0.8492
2024,419,21058,SUS+CQI,4593.6841,48.342,45.4084,5.504,0.7642,0.2331,0.0003,3.7426,0.8479
2024,419,21059,PPO,4457.0775,110.9089,108.9019,12.2979,0.5667,0.4302,0.0,2.8861,0.602
2024,419,21059,SUS+CQI,3907.2443,110.6945,106.2841,11.4374,0.5519,0.4448,0.0,3.9955,0.6097
2024,419,21060,PPO,3921.0191,104.8185,101.7971,9.7447,0.558,0.4382,0.0,3.5,0.6235
2024,419,21060,SUS+CQI,3642.5421,106.8977,100.204,9.4931,0.5459,0.4503,0.0,3.9963,0.6398
2024,419,21061,PPO,5929.2589,58.6332,57.2633,7.0337,0.7879,0.2102,0.0002,2.8931,0.8496
2024,419,21061,SUS+CQI,5714.7804,59.2473,56.2083,4.3319,0.7684,0.2295,0.0,3.8194,0.8515
2024,419,21062,PPO,3158.5879,112.4359,110.3419,10.2386,0.537,0.4599,0.0,3.2413,0.5716
2024,419,21062,SUS+CQI,2910.6869,113.9719,108.7526,10.221,0.5277,0.4691,0.0,3.9937,0.5869
2024,419,21063,PPO,2343.1153,113.655,111.2095,10.0111,0.5205,0.4767,0.0,3.1861,0.5521
2024,419,21063,SUS+CQI,1832.3944,115.5438,107.8942,9.8048,0.5037,0.4933,0.0,3.9996,0.5834
2024,419,21064,PPO,6635.5341,77.5451,75.9082,9.2801,0.7179,0.28,0.0,2.9103,0.7622
2024,419,21064,SUS+CQI,6036.7921,77.006,73.1559,7.5033,0.6897,0.3084,0.0,3.9404,0.7649
2024,419,21065,PPO,3197.0049,59.4481,57.9084,8.4281,0.6065,0.3897,0.001,2.4956,0.6394
2024,419,21065,SUS+CQI,2703.9641,59.4583,55.7161,5.2541,0.5788,0.4178,0.0007,3.9418,0.6438
2024,419,21066,PPO,983.7279,112.4024,109.6586,9.5471,0.4934,0.5023,0.0,3.3868,0.5323
2024,419,21066,SUS+CQI,538.921,114.126,106.8404,9.6879,0.4803,0.5156,0.0,3.9991,0.5604
2024,419,21067,PPO,5296.3579,96.3069,93.6241,11.1901,0.607,0.3901,0.0,3.4257,0.6738
2024,419,21067,SUS+CQI,5366.6928,99.7218,93.6557,11.2586,0.6015,0.3959,0.0001,3.9903,0.6947
2024,419,21068,PPO,5590.6253,117.443,114.9752,10.3023,0.5862,0.4104,0.0,3.287,0.6213
2024,419,21068,SUS+CQI,5100.8803,118.259,112.5349,10.1181,0.5717,0.4248,0.0,3.9825,0.6399
2024,419,21069,PPO,7765.7498,93.0225,90.5517,13.7973,0.7087,0.2899,0.0,3.3216,0.7723
2024,419,21069,SUS+CQI,7404.764,94.9827,88.7348,12.7395,0.6876,0.3109,0.0,3.9906,0.7957
2024,419,21070,PPO,5963.7611,80.4906,78.4787,10.5311,0.672,0.3251,0.0,3.2019,0.7373
2024,419,21070,SUS+CQI,5618.9998,82.1358,76.7997,9.455,0.6511,0.3462,0.0,3.9856,0.7459
2024,419,21071,PPO,4356.0593,78.7438,76.7019,11.3974,0.6098,0.388,0.0,2.7866,0.6639
2024,419,21071,SUS+CQI,3535.835,78.4501,72.8679,8.8517,0.5758,0.4215,0.0001,3.99,0.6754
2024,419,21072,PPO,3868.186,94.3007,92.0052,12.0705,0.5695,0.4279,0.0,3.1221,0.6252
2024,419,21072,SUS+CQI,3698.9881,97.2695,90.5458,11.5366,0.5568,0.4405,0.0,3.9988,0.6508
2024,419,21073,PPO,2867.8321,46.3723,44.8386,11.727,0.63,0.3667,0.0002,2.2085,0.7051
2024,419,21073,SUS+CQI,2194.8781,46.0181,42.0164,5.0059,0.5816,0.4148,0.0,3.9389,0.6976
2024,419,21074,PPO,3392.879,66.6244,64.8585,19.725,0.5961,0.4006,0.0001,2.496,0.6576
2024,419,21074,SUS+CQI,2738.9288,67.1689,62.0345,16.2007,0.5625,0.4342,0.0,3.9546,0.656
2024,419,21075,PPO,4785.5134,58.4865,56.9008,17.4449,0.7029,0.2949,0.0,2.4673,0.7604
2024,419,21075,SUS+CQI,4404.5963,59.2062,55.2466,12.6047,0.6746,0.3232,0.0,3.9641,0.7619
2024,419,21076,PPO,4441.7587,79.7525,77.4091,16.1067,0.6096,0.3877,0.0001,2.6656,0.6812
2024,419,21076,SUS+CQI,3098.8877,77.9478,71.3302,13.5215,0.5586,0.4385,0.0,3.957,0.6857
2024,419,21077,PPO,3176.6087,55.756,54.451,10.3834,0.6156,0.3797,0.0011,2.4021,0.6534
2024,419,21077,SUS+CQI,2882.844,56.0034,53.1759,6.5789,0.5967,0.3982,0.0011,3.8838,0.6529
2024,419,21078,PPO,1133.2472,46.6348,45.0356,9.5765,0.5278,0.4689,0.0006,2.1137,0.5727
2024,419,21078,SUS+CQI,586.8313,45.9784,42.6406,5.5338,0.4967,0.5006,0.0002,3.7003,0.5698
2024,419,21079,PPO,2986.5312,97.2122,95.7224,9.3695,0.5434,0.453,0.0,3.0614,0.571
2024,419,21079,SUS+CQI,2553.8493,97.5116,93.5375,8.7085,0.5296,0.4668,0.0001,3.8752,0.5804
2024,419,21080,PPO,2560.7388,44.9022,43.7196,10.6014,0.6157,0.3787,0.0016,2.4177,0.6503
2024,419,21080,SUS+CQI,2489.4268,44.917,43.3692,8.3008,0.6103,0.3854,0.0002,3.2539,0.6526
2024,419,21081,PPO,5358.6065,106.3934,105.7487,9.439,0.5971,0.3994,0.0002,2.9601,0.5962
2024,419,21081,SUS+CQI,4998.0366,105.3663,104.1551,9.2599,0.5882,0.4083,0.0002,3.6809,0.598
2024,419,21082,PPO,4349.5557,108.3352,106.1418,8.8461,0.5655,0.4307,0.0,3.3211,0.6071
2024,419,21082,SUS+CQI,3942.2286,109.0186,104.2789,8.4477,0.5531,0.4434,0.0,3.9832,0.6196
2024,419,21083,PPO,4883.0541,97.3229,95.8942,11.9348,0.5954,0.4016,0.0,2.9111,0.6222
2024,419,21083,SUS+CQI,4138.4911,96.5406,92.2996,10.8073,0.5717,0.4249,0.0,3.9324,0.629
2024,419,21084,PPO,6009.5827,104.4336,102.4973,15.7644,0.6178,0.3789,0.0,2.8667,0.6559
2024,419,21084,SUS+CQI,5088.2051,104.1784,98.5075,13.6982,0.5884,0.4081,0.0,3.9909,0.6602
2024,419,21085,PPO,4367.0243,104.053,102.1194,11.6313,0.5716,0.4244,0.0,3.0011,0.614
2024,419,21085,SUS+CQI,4122.6278,105.7104,100.597,10.8256,0.5605,0.4355,0.0,3.9929,0.6281
2024,419,21086,PPO,1819.8049,110.381,108.0653,8.821,0.5101,0.4861,0.0,3.7052,0.5437
2024,419,21086,SUS+CQI,1761.0839,112.9633,107.5812,8.7214,0.5051,0.4914,0.0,3.9906,0.5595
2024,419,21087,PPO,1877.3818,45.2925,43.9118,11.5234,0.5714,0.4251,0.0012,2.1755,0.6144
2024,419,21087,SUS+CQI,1557.2312,44.7805,42.6104,7.4943,0.551,0.4453,0.0006,3.4968,0.6094
2024,419,21088,PPO,7923.8573,77.8648,76.4627,13.4473,0.7919,0.2056,0.0003,3.0895,0.8411
2024,419,21088,SUS+CQI,7494.3467,78.628,74.1618,11.8894,0.7645,0.2327,0.0003,3.9086,0.8583
2024,419,21089,PPO,6313.3605,66.9445,65.3359,11.3874,0.7587,0.2391,0.0,2.7708,0.7879
2024,419,21089,SUS+CQI,5838.3036,66.3732,63.5645,8.3227,0.7323,0.2657,0.0002,3.8675,0.7795
2024,419,21090,PPO,5150.0582,44.8962,43.6744,13.3879,0.8694,0.1293,0.0006,2.415,0.9229
2024,419,21090,SUS+CQI,4610.3569,44.4122,41.3541,7.9661,0.8153,0.1837,0.0,3.5902,0.9118
2024,419,21091,PPO,5378.4035,41.2504,40.7902,16.9313,0.9703,0.0278,0.0004,2.4792,0.9953
2024,419,21091,SUS+CQI,5284.7548,41.1518,40.3831,14.0134,0.9601,0.0384,0.0,3.0499,0.9953
2024,419,21092,PPO,5704.6243,76.3491,74.8269,17.2489,0.675,0.3231,0.0001,2.8374,0.7265
2024,419,21092,SUS+CQI,5151.3686,76.3732,72.1022,14.7183,0.6477,0.3502,0.0,3.9838,0.7311
2024,419,21093,PPO,5721.1269,84.4806,81.9243,12.7639,0.6477,0.3486,0.0001,3.2606,0.7293
2024,419,21093,SUS+CQI,5501.846,86.8538,80.7538,11.8904,0.6314,0.3653,0.0,3.9916,0.7507
2024,419,21094,PPO,6364.8207,61.8145,60.5491,18.2834,0.7971,0.2005,0.0006,2.766,0.8483
2024,419,21094,SUS+CQI,5669.6416,61.6967,57.2818,13.9297,0.7486,0.2493,0.0,3.8905,0.8537
2024,419,21095,PPO,4620.6611,90.1146,87.6507,11.8586,0.5961,0.4012,0.0,3.4981,0.661
2024,419,21095,SUS+CQI,4121.9022,92.2434,84.9586,11.4153,0.5725,0.4248,0.0,3.9903,0.6927
2024,419,21096,PPO,5279.8577,56.7687,55.3747,15.3391,0.7501,0.248,0.0,2.5541,0.8228
2024,419,21096,SUS+CQI,4232.9868,55.1816,50.6017,8.6644,0.6824,0.3154,0.0,3.8665,0.8133
2024,419,21097,PPO,5202.2333,55.3697,53.7217,16.8266,0.7544,0.2434,0.0004,2.5266,0.8239
2024,419,21097,SUS+CQI,4401.445,54.5173,50.0824,12.3883,0.6989,0.2989,0.0002,3.8878,0.8201
2024,419,21098,PPO,4762.9529,44.2198,43.1109,11.2371,0.8253,0.1735,0.0,2.2914,0.894
2024,419,21098,SUS+CQI,4281.4477,43.7358,40.8499,7.1256,0.7798,0.219,0.0,3.5192,0.8935
2024,419,21099,PPO,5171.8027,70.253,68.7986,11.6967,0.671,0.3272,0.0,2.7137,0.7256
2024,419,21099,SUS+CQI,4558.7386,70.4812,65.951,9.4356,0.638,0.36,0.0,3.8825,0.7309
