update,reward,throughput_mbps,completion_rate,deadline_miss_rate,retx_drop_rate,retx_overflow_drop,mean_sinr_db,direction_corr,jain,n_arrivals,n_active,mean_speed_kmh,mu_depth,mean_delay,p95_delay,mean_qlen,buffer_overflow_rate
0,4622.959330973834,52.73790382368742,0.7242320819112628,0.2737201365187713,0.0,0,26.211125862791885,0.860840004940814,0.7873751535609916,4395,20,17.715005084939897,1.7150247888277916,1.8231228400879673,5.0,10.03,0.0
1,5098.948258572921,57.73895708629107,0.7224642190416926,0.27276498651732006,0.0008297033810412777,0,18.12968655373076,0.8510790014149802,0.7896491636841284,4821,22,19.512842939025468,1.9476012958279647,2.1415446454206144,6.0,11.97,0.0
2,4040.9795039295104,64.11213404361438,0.625304927630509,0.37095462676858026,0.0008131403480240689,0,19.92218512448942,0.8698261249340724,0.6950346442224855,6149,28,18.00649250535391,2.2454644624034468,2.1250975292587775,5.0,18.619,0.0
3,5574.039528043153,73.4894460258418,0.6701201201201201,0.3267267267267267,0.00015015015015015014,0,14.65896743367127,0.8874594805550177,0.7362368339131856,6660,30,18.250114482349236,2.473766320980011,2.4042124131749945,6.0,19.811,0.0
4,5981.938762843924,54.80477188707683,0.8272186415468518,0.16931085770946952,0.0,0,19.534944902438653,0.8661257257496228,0.8852415806405094,4034,18,17.78964979052596,1.9309773153327596,2.1174707821396463,5.0,7.88,0.0
5,5551.565387613456,56.67454830823837,0.7677261613691931,0.23027339408757502,0.0006668148477439431,0,13.615662484181623,0.8550293731795398,0.8300897429943216,4499,20,17.558604538562438,2.083784556508681,2.272437753329473,5.0,10.82,0.0
6,4783.978728245237,45.777365095617746,0.7981677640996279,0.19839679358717435,0.0008588605782994561,0,12.372839080331318,0.8640802260080025,0.8797097036213792,3493,16,19.43081881436943,2.0144009257494444,2.2277618364418936,5.0,7.506,0.0
7,3230.050170474483,49.40494040197515,0.6340271877655055,0.3623619371282923,0.0004248088360237893,0,8.760274611701474,0.8605897946765595,0.6826385662627349,4708,21,16.846426299217686,2.108528139531595,2.4341708542713567,5.0,14.972,0.0
8,5237.983488391808,71.87852763542969,0.6604169791510425,0.3367331633418329,0.00044997750112494374,0,10.86124210432626,0.8772479840384092,0.7160350457237509,6667,30,18.702445825282535,2.5143701345061986,2.4778560072677718,5.0,20.535,0.0
9,8454.436690563418,74.89416966348244,0.8407095830285296,0.15508412582297001,0.002377468910021946,0,14.564004599267154,0.8783846016592974,0.912864617993713,5468,25,18.924356563055127,2.6257443273752092,2.4196214922775723,6.0,11.196,0.0
10,5775.5183717670825,61.92578894276095,0.7474807350326023,0.24896265560165975,0.0013831258644536654,0,13.739716054285644,0.8795404841169272,0.7827264561852336,5061,23,18.634617545339307,2.163484105667235,2.132434575733545,4.0,12.084,0.0
11,4250.507935469302,60.375030294318535,0.6511710432931157,0.3461674946770759,0.0,0,14.16527196009194,0.8728551789791742,0.7191306264841474,5636,26,16.852879545205568,2.3844107736680864,2.320435967302452,5.0,17.117,0.0
12,3482.305564570859,52.08061771222091,0.647117296222664,0.3500994035785288,0.00019880715705765408,0,14.60179104777379,0.8734382845318622,0.6592484564446419,5030,23,15.882014715800517,1.8940609322483297,1.8623655913978494,3.0,14.204,0.0
13,3880.0054758154706,43.9859169451522,0.7255801403130059,0.2717215326497571,0.0002698327037236913,0,13.630304410683081,0.8979516373077094,0.7763571546025784,3706,17,15.988971398990916,1.9335011583411121,2.1201190033469692,5.0,9.281,0.0
14,5679.0785887730335,69.48466606944247,0.690268347882315,0.30455868089233756,0.0019398642095053346,0,10.122299640676157,0.8624939756209521,0.7478508461399223,6186,28,17.555402811106774,2.7962902259830735,2.65480093676815,6.0,18.419,0.0
15,5098.450026414419,62.86552090490083,0.6921835783434923,0.3042309071351739,0.0014342058085335247,0,10.491969366713445,0.8722649159096921,0.7332134591242776,5578,25,18.70882588222451,2.6037720113036653,2.5242165242165244,5.0,16.537,0.0
16,3919.5354624336364,50.39620713150566,0.6734423331860362,0.3219178082191781,0.0030932390631904553,0,12.270719767859813,0.8883246408313695,0.77260881874448,4526,20,18.489397159253855,2.6615252368407747,2.693241469816273,7.0,13.925,0.0
17,3267.50068591228,64.18535703836626,0.5930179839806559,0.40305274293486476,0.0,0,11.60774359699806,0.8851372218762341,0.6231759843181853,6617,30,16.795356031683596,2.2848554428830234,2.058868501529052,4.0,21.58,0.0
18,3974.683358281911,68.67863864188963,0.6039055668901195,0.3896823083649082,0.002477411833284757,0,8.724345653282164,0.8761126652326101,0.6696372389383145,6862,31,18.697296104003385,3.0013252793905005,2.728281853281853,6.0,23.512,0.0
19,4711.886230939778,62.079858264072186,0.6727336366818341,0.32306615330766536,0.001400070003500175,0,10.01720786215169,0.8713178649674838,0.7258846968387337,5714,26,19.07862141010402,2.495693243559575,2.4417273673257025,5.0,17.099,0.0
20,3138.315578575227,40.147227815542855,0.6870443073471677,0.3095905776780707,0.0005608524957936063,0,11.793185619208712,0.8731272740103876,0.724136239770598,3566,16,17.736849977957775,1.7152516372566229,1.8138775510204082,3.0,9.24,0.0
21,3115.939465847871,43.91259869100913,0.6547063160481691,0.34136151388547553,0.001966085033177685,0,12.61686230691553,0.8685384049362075,0.7176956653906901,4069,18,17.016397906251534,2.1280280598115375,2.290915915915916,6.0,12.315,0.0
22,4230.845775671311,49.72175405850086,0.7084417119886498,0.2884842752423741,0.0011823126034523528,0,12.299559642599412,0.857049257563681,0.7660798785846433,4229,19,17.526696645635205,2.1967552320823494,2.185580774365821,5.0,11.004,0.0
23,4445.4102169305,51.88252945651713,0.7032345623162181,0.2870391314182312,0.0081429540827867,0,7.6906389274083455,0.8583390694076314,0.7864216418011282,4421,20,16.864824558905447,2.7018859093272165,2.9392087487938245,7.0,13.683,0.0
24,3959.502318334319,47.69267325380602,0.7020140742538219,0.2950740111623392,0.000485319097306479,0,12.791963006348661,0.8650264307380944,0.7640247857505772,4121,19,15.070462690878696,2.30235401423329,2.3128240580712065,5.0,11.477,0.0
25,5605.616492747075,74.23905814304153,0.6642508504659074,0.3299807720751368,0.00236651382931519,0,10.036124495593764,0.8491134424283627,0.7305001974881364,6761,30,17.93104018226611,2.9199642645298325,2.72166555332888,6.0,21.557,0.0
26,6625.684399278147,74.84140865665094,0.7074692031810386,0.28333073444565726,0.005613597380321222,0,7.8562246864485985,0.8575266143233391,0.8129416148532472,6413,29,17.201959734221067,3.391510929260789,3.211373154066564,7.0,20.674,0.0
27,6548.154659411578,77.99952072001919,0.6906760936809545,0.3003387833259685,0.005155398438650758,0,14.40954292584017,0.8611098761661736,0.7989955543582189,6789,31,19.079746347127532,3.2747157905821846,2.9509490296438474,7.0,21.395,0.0
28,4853.449228610544,48.88784566238737,0.7717765422292825,0.2255758538522637,0.0018533227429176596,0,13.773686483802003,0.854681210477333,0.8688319046770355,3777,17,20.592303205036856,2.3204128588597066,2.411663807890223,6.0,9.173,0.0
29,1777.2713141309284,42.91598834938592,0.5472943246810382,0.4458864936207655,0.0013198416190057193,0,10.319370468329973,0.8590565599049539,0.6868349396000616,4546,20,16.423724014886982,2.7370592572974166,2.904742765273312,8.0,17.218,0.0
30,6822.844506479443,67.9276937200734,0.7729076138295863,0.22142452295484602,0.002645002833931608,0,15.76603228433909,0.8614273326424738,0.8684520291907903,5293,24,16.0672690823722,2.843073230852816,2.6181862625274994,7.0,13.249,0.0
31,6522.115803937888,78.31485971965162,0.6908586448598131,0.3014018691588785,0.004234813084112149,0,12.761613576885438,0.8550726894139888,0.7810612130154463,6848,31,17.76099282466835,3.0389429834120794,2.6653984358486578,6.0,20.328,0.0
32,7990.238759797655,70.1367591101414,0.846260662566951,0.14739139059710374,0.004364213449712359,0,15.223298838072349,0.84727250036407,0.920261624771979,5041,23,17.4127624529025,2.8085598925729807,2.7691045475855605,6.0,11.384,0.0
33,6418.690087790799,79.65078427373426,0.6840005698817495,0.3108704943724177,0.0024219974355321272,0,13.230120502578647,0.864090295509624,0.7598598734313989,7019,32,19.3743872721152,3.0617841791908456,2.6790252030826913,6.0,21.218,0.0
34,7518.607563243708,76.43601653385828,0.7616715638263141,0.23228860594188705,0.00277505713352922,0,15.854460735179952,0.8617471935694225,0.8365188670089242,6126,28,17.74564737503072,2.8126804577681037,2.5775825117873983,6.0,15.717,0.0
35,7410.69059393769,62.34248474386449,0.8879390018484289,0.10951940850277264,0.0006931608133086876,0,17.867152572028477,0.8574970429303452,0.9163925200165277,4328,20,17.228493217957258,1.9883455539773025,2.0135310954983088,4.0,6.71,0.0
36,5718.8590352058745,59.08137234518774,0.7612100407637846,0.2344990345419438,0.001930916112422227,0,14.731013938439963,0.8552065005658781,0.8193571032391875,4661,21,17.34670271922772,2.3552055599025334,2.3528748590755355,5.0,11.511,0.0
37,6848.340623182121,73.71970764649268,0.7248213125406108,0.26949317738791423,0.0022742040285899934,0,11.685729175069422,0.841451298758925,0.8533026095453898,6156,28,17.791666959891494,3.201831632054669,3.1302106678619452,7.0,18.661,0.0
38,7996.388248336735,84.64996307418215,0.7438195749602429,0.2514095706231025,0.0031805696111030794,0,15.015004946786174,0.8578880767127897,0.8239359070727731,6917,32,16.454490899420104,3.0463898306944976,2.8402332361516036,7.0,19.645,0.0
39,5579.4501984486415,54.05057450434392,0.7924801156905278,0.20486864304651722,0.0,0,19.21681621975431,0.8601718564194127,0.8496408870788897,4149,19,18.408725094677266,2.136028691706816,2.406934306569343,5.0,9.768,0.0
40,4178.253457045733,54.431455456730376,0.6699834162520729,0.32607794361525705,0.0012437810945273632,0,15.904972719810647,0.8623312078104968,0.77612686176802,4824,22,17.1763178608151,2.463744967533744,2.6318069306930694,7.0,14.719,0.0002072538860103627
41,6218.752320231178,66.80295985042122,0.7446148229280759,0.2522818546914932,0.00018254837531945966,0,21.607432138377668,0.8543452021994452,0.8016894388090717,5478,25,17.474054565585966,2.1758387168502704,2.1399852905123806,5.0,13.206,0.0
42,6089.883975886784,70.65878865360017,0.7094171880144879,0.28531445505432995,0.0029634507737899243,0,13.076826054691697,0.8659131249121098,0.7714083293202181,6074,28,18.231213077946308,2.598505639669573,2.5595265722905545,6.0,17.352,0.0
43,6561.011493912797,63.08548093735822,0.791002044989775,0.20552147239263804,0.001226993865030675,0,11.105622941374207,0.8487400889290035,0.8582078222928312,4890,22,16.938731226328805,2.537237364872944,2.7670630816959667,6.0,12.529,0.0
44,6982.118384710246,78.13293726587992,0.7244913338357196,0.27083647324792764,0.0012057272042200451,0,16.388791623947284,0.8637094659891947,0.7848000162143994,6635,30,17.26543227407696,2.5794746316874693,2.3790305804035783,6.0,17.385,0.0
45,6382.788772467741,68.70381239315363,0.7403176869534178,0.2564697483490987,0.000892379082634303,0,17.374973415405314,0.8587613568636461,0.8198253584437528,5603,25,17.38069449637013,2.441369614216765,2.357762777242044,5.0,14.41,0.0
46,4789.968097293179,73.63099831900226,0.6319581802769144,0.36422718282000566,0.00014128284826222097,0,17.741657840858068,0.8417928437943476,0.6924060819452029,7078,32,18.39311887192858,2.434425701899199,2.290409121395037,6.0,22.079,0.0
47,7431.399843276488,64.5112187037548,0.8552859618717504,0.1425476603119584,0.0012998266897746968,0,12.126755201153802,0.8551758498740207,0.9286551067922363,4616,21,15.34127912270861,2.5148374529232393,2.707193515704154,6.0,10.047,0.0
48,5669.565654321052,76.43289457922423,0.6569270239452679,0.33808437856328394,0.0011402508551881414,0,15.096020211835047,0.8405903344866954,0.7471777998657206,7016,32,15.496539874975825,2.8205761450083546,2.7576480798437837,7.0,22.274,0.0
49,5684.793526626841,53.19930980183164,0.8184568835098336,0.18078668683812404,0.0,0,16.77960014885187,0.8617509522959949,0.8706426515682445,3966,18,17.974376919025122,1.8566988073285557,2.0646950092421443,5.0,7.744,0.0
50,7068.232562112811,77.24850502041411,0.7268201617921594,0.2686683260734288,0.0010889856876166771,0,16.71658296714149,0.8403231727890408,0.8224932546735035,6428,29,17.416868185057357,2.8194331037723126,2.7733304794520546,7.0,18.164,0.0
51,5412.144254814655,67.96936699355031,0.6880519913347776,0.309615064155974,0.0003332777870354941,0,18.65470055361412,0.8472355549078833,0.7335128676256067,6001,27,18.126156261453602,2.2660778642262893,2.208525066602083,5.0,16.604,0.0
52,3615.172160448532,45.0209736655998,0.6843447220805712,0.31310555838857723,0.00025497195308516065,0,14.988144994183505,0.8560143343666315,0.809354750970744,3922,18,17.168475608809793,2.25778047510337,2.7667660208643814,7.0,12.051,0.0
53,5557.360873171019,61.66690904642039,0.7258597241111328,0.2694773654556052,0.0015543034777540316,0,15.690108551422268,0.8512125078278975,0.8185031224546767,5147,23,16.54850705741168,2.3962823855956534,2.563169164882227,7.0,14.163,0.0
54,6732.38191356976,62.25152460859585,0.8204134366925064,0.17635658914728683,0.0006459948320413437,0,14.740433706154523,0.8646552030620184,0.8732316750498245,4644,21,17.961142206813037,2.173516466938354,2.2818897637795277,5.0,9.747,0.0
55,1580.241080014334,40.742379662027055,0.5583545181418997,0.4388721978275942,0.0,0,16.312598613833224,0.8641447809363109,0.6117175606785668,4327,20,14.652269433497136,1.5626409500017613,1.5985099337748345,3.0,13.732,0.0
56,4985.939947295994,63.03283343922222,0.6791820906046183,0.3160585228274282,0.0017627357659086903,0,12.156780084403643,0.8777456140636896,0.7554118313331967,5673,26,18.34309053239217,2.5231434467690255,2.556968595899299,6.0,16.874,0.0
57,3390.9927785356745,50.927792056836765,0.6381187102074348,0.3577736701581434,0.00041076196344218524,0,10.927888139405573,0.869803399549708,0.6888522687614705,4869,22,16.172640727372343,2.116207363887737,2.3031863533955583,5.0,15.12,0.0
58,6234.530247064489,72.63034627569718,0.7142403051493961,0.28210425937698663,0.0,0,13.230139229134647,0.8637914094715738,0.7436278012036263,6292,29,17.55655182699155,2.250709721382217,2.2047174009790833,4.0,16.799,0.0
59,4027.1931985615915,51.24593637900673,0.6841650464463167,0.31324260099373513,0.0,0,12.332976969234275,0.8664425045652969,0.7458715158803768,4629,21,15.801764559394861,2.0550988754493895,2.183770129460057,5.0,12.718,0.0
60,3050.897323735429,61.6510093011784,0.5878209142141515,0.4077958672510958,0.00015654351909830932,0,11.769147296204697,0.8621368974639234,0.6253316028621222,6388,29,16.815085662410223,2.1659875958810932,2.0870838881491345,4.0,20.774,0.0
61,5872.650112028704,60.90495472363315,0.7613399916770703,0.23595505617977527,0.0012484394506866417,0,20.21641664056631,0.871165700549202,0.845687808237469,4806,22,17.873645092930936,2.1373453852747915,2.000819896146488,5.0,10.688,0.0
62,4470.191169040498,65.55724756952958,0.6456380104878436,0.34991260130303514,0.001430160495788972,0,10.270490576310793,0.8714875084614299,0.6803307565797926,6293,29,15.81600946495567,2.3985452592126997,2.5584543440807286,6.0,19.986,0.0
63,2847.2950824996906,52.050467213796665,0.6040357890729107,0.3923472301541976,0.0,0,14.237845941709539,0.8741235047477619,0.648706438190001,5253,24,16.449734746980546,2.0268272529331424,2.2288055468011345,5.0,16.877,0.0
64,2434.0560298270216,43.96869181556001,0.596074851665906,0.39867640346873573,0.001597444089456869,0,11.234058334186987,0.8669439067951344,0.6963416505898381,4382,20,18.553915422124668,2.296619224646466,2.599157733537519,7.0,15.036,0.0
65,5021.903333959755,68.86572798792996,0.6566312787196957,0.3394073839328157,0.00031690698779908097,0,13.906614226707784,0.8612027556433312,0.7307674647587157,6311,29,18.226784505544163,2.4295130018869306,2.325772200772201,6.0,18.813,0.0
66,7268.411149736514,83.05105223847812,0.7168750878179008,0.28003372207390753,0.00042152592384431644,0,15.692586260075652,0.8629472169547715,0.765730560654623,7117,32,16.206926388733493,2.616626069257075,2.3604468835750687,5.0,19.433,0.0
67,5781.457533968022,70.25845711656923,0.6955958549222798,0.3008419689119171,0.0012953367875647669,0,9.7508398733057,0.8540223628119592,0.7583947784106474,6176,28,15.98805725111881,2.603663334072131,2.59683426443203,6.0,18.371,0.0
68,7432.519267408491,64.99037051214911,0.8573886857388686,0.1408905140890514,0.00021510002151000216,0,17.626311976837485,0.8664922088609599,0.9010227861280256,4649,21,16.162337885901067,2.126332801846592,2.1196688409433015,5.0,8.239,0.0
69,5387.886830782603,61.05835984742527,0.7131619339984651,0.2806983883346124,0.0024942440521872602,0,14.307855364271457,0.8586380868098286,0.8094930161332843,5212,24,17.33920657184641,2.6151792747345435,2.706483723432876,7.0,15.029,0.0
70,5648.507399869358,68.73387076043905,0.6877286331892252,0.3097771865646824,0.0004988360492184902,0,11.778543999909257,0.8485452755110584,0.7721795803311505,6014,27,16.25431683866677,2.8186503824198437,2.8957930367504834,7.0,18.835,0.0
71,5843.25037088383,66.21775611095813,0.7098095068541926,0.2818230372084743,0.005875022253872174,0,11.602731321436561,0.8523493977052369,0.8195368158393671,5617,26,18.629104191741256,2.843348494030384,2.943315776272887,7.0,17.07,0.0
72,6144.627219283422,53.26548358288555,0.8572574178027266,0.13980219192729218,0.0005346164127238706,0,16.45400359232285,0.8436869435749461,0.9448300038009134,3741,17,17.759365466093236,2.357454785497639,2.7605238540692234,7.0,8.265,0.0
73,4831.372912419477,68.66214273249838,0.6488668115492083,0.34740763737969577,0.001552312946289972,0,14.450643518625064,0.8513691593195921,0.7281462038407485,6442,29,18.676870891132527,2.5565515732404456,2.54066985645933,6.0,20.383,0.0
74,4148.139769390548,43.70109718666178,0.753041018387553,0.24497878359264497,0.0002828854314002829,0,15.349165731975734,0.8450045308058999,0.8263389939391791,3535,16,15.087164313445072,1.9542976200067406,2.282870022539444,6.0,8.745,0.0
75,7330.4887949967,59.35490899625688,0.9149413818907458,0.08306310800698428,0.0002494387627837366,0,18.14668257098337,0.865259105600841,0.9545053876552368,4009,18,17.833184617708604,2.022159768464706,2.1284078516902945,5.0,5.829,0.0
75,7330.4887949967,59.35490899625688,0.9149413818907458,0.08306310800698428,0.0002494387627837366,0,18.14668257098337,0.865259105600841,0.9545053876552368,4009,18,17.833184617708604,2.022159768464706,2.1284078516902945,5.0,5.829,0.0
76,5564.301599687455,49.26681901200722,0.8495726495726496,0.14814814814814814,0.0008547008547008547,0,23.005185797379376,0.8596302889204608,0.933129115849708,3510,16,18.296553486127387,1.8915729202016762,2.056338028169014,5.0,6.07,0.0
77,4143.702744277884,68.90444100906018,0.6204819277108434,0.3767264178665883,0.0004407875404055245,0,15.400770076523626,0.8405717027378554,0.6636750592448304,6806,31,17.602325814661146,2.2300490560030806,2.209566658773384,5.0,21.153,0.0
78,4410.800985201572,66.93292684668123,0.6334530688739654,0.3629548649070748,0.0007808839606434484,0,17.306581532756184,0.853343298094481,0.7180178685458039,6403,29,18.974071534289514,2.411511658227741,2.385848126232742,6.0,19.932,0.0
79,5977.653060321126,50.85452584228721,0.87034444133296,0.12629515541865025,0.0022402688322598714,0,20.767173169672752,0.8539710215357093,0.9575737251294228,3571,16,20.318156586096542,2.3403894645654537,2.7258687258687258,6.0,7.604,0.0
80,6876.37412247067,75.46125019420859,0.7240611075747931,0.27196053469127945,0.0006365372374283895,0,17.085567233204706,0.8596590817612312,0.8148842341586184,6284,29,18.099809291303355,2.778614206340558,2.675604395604396,7.0,17.592,0.0
81,1824.6201516381925,37.17223573081427,0.5823856122718858,0.41417614387728113,0.0005289605924358636,0,14.451354142608334,0.8520563648470513,0.6528754339332663,3781,17,18.0394035969385,1.8815456436036138,2.4200726612170755,6.0,13.088,0.0
82,6520.996691267062,52.34752211332119,0.9176837922225376,0.08032926483110985,0.0,0,13.335699180955729,0.8592882367935756,0.9752445110239196,3523,16,16.55363332901107,2.117491326818161,2.422208475100526,6.0,5.93,0.0
83,8062.165472749614,81.68183979351458,0.7621737139368036,0.23248359029155855,0.0019844298580369408,0,17.292996238657736,0.8519471524369685,0.8546536000931239,6551,30,19.32304951502741,2.843201523423204,2.6959743641097536,7.0,17.288,0.0
84,5703.586799938164,59.891133521973444,0.7554449284380834,0.24185853557353246,0.00041485169052063887,0,12.126094508583467,0.8628813772494784,0.811544936972477,4821,22,16.60342314902631,2.0811160532465953,2.2331136738056014,5.0,11.416,0.0
85,5424.97972134009,68.39750978581455,0.6895473251028806,0.30814814814814817,0.0,0,18.41197254334139,0.8656350874967614,0.718782415841812,6075,27,16.712807680880164,2.0039786596712705,2.000954881833373,4.0,16.059,0.0
86,4781.423905560134,51.13588689707904,0.7503617945007236,0.2467438494934877,0.0,0,17.739380118205496,0.8599419949084476,0.7961226117415631,4146,19,15.591004032331186,1.750177335026086,2.0099646415943426,5.0,9.253,0.0
87,4442.598083237507,58.71928807869388,0.6595301250473664,0.337059492231906,0.0011367942402425162,0,19.635491612351892,0.8532299236510813,0.7937250184008146,5278,24,16.763813600972828,2.721402502398657,2.817006607296754,8.0,17.008,0.0
88,2661.176594094493,44.828663297767946,0.6064604185623294,0.3885350318471338,0.0015923566878980893,0,16.569036126159688,0.8582933681582701,0.7035077959246725,4396,20,19.307265538931823,2.284814983139575,2.7873218304576146,8.0,15.248,0.0
89,3865.3954967903414,62.697055439748155,0.6212842831335195,0.37526687469206765,0.0008211528986697323,0,17.30078717636188,0.8619753224941811,0.6718331078872032,6089,28,18.281555693853534,2.3079692119744872,2.305577583928099,6.0,19.307,0.0
90,4827.699274699413,53.462580373244116,0.7259963768115942,0.2719655797101449,0.00022644927536231884,0,15.478511677759808,0.8548310841023458,0.8189667848807207,4416,20,16.835213406399312,2.3456223028121492,2.574235807860262,7.0,11.928,0.0
91,6736.331209081534,77.75824340480729,0.7100840336134454,0.28781512605042014,0.0007503001200480192,0,18.82382983469547,0.8568847680986178,0.7897920577745471,6664,30,19.982071405956034,2.7708668875910214,2.607142857142857,6.0,18.962,0.0
92,6561.823018963414,65.55523233520961,0.7781243907194385,0.21934100214466756,0.0003899395593682979,0,17.20911447654396,0.8454343896720976,0.8324047080704302,5129,23,16.98247915073679,2.1963961305627167,2.240541217739915,5.0,11.684,0.0
93,6573.815189813808,77.21092872297557,0.7026300059772863,0.29243873281530186,0.0008965929468021519,0,13.81385317340172,0.8523906928253152,0.7764175328597235,6692,31,17.767838367869533,2.7508439878292594,2.5752871118672904,6.0,19.088,0.0
94,7657.320426879146,63.79426477483741,0.8865183840217885,0.11053109396277803,0.0006808896958692692,0,10.25503145702472,0.8476684339099809,0.9583068321695282,4406,20,18.962295236499216,2.5518261586624584,2.6530977982590884,6.0,8.845,0.0
95,5633.623370448748,51.42263816979019,0.8259249401117913,0.17088102209209477,0.0007985094490284802,0,13.543240477572187,0.850231923753543,0.9201237012886048,3757,17,18.25189208725837,2.245112794679096,2.4447309055752497,6.0,8.081,0.0
96,7159.363298832663,73.53023692492512,0.7565543071161048,0.23646578140960164,0.003575076608784474,0,18.831045546418046,0.8661050836159582,0.8372802103384043,5874,27,18.019622528588457,2.850719996362195,2.6908190819081907,6.0,15.497,0.0
97,7996.804188292982,81.84406208720507,0.7493520353712456,0.24271992681811252,0.004421405702088733,0,10.614352270693388,0.833676886235549,0.8586067073094893,6559,30,18.441942395129022,3.332982933440985,3.2115971515768056,7.0,19.773,0.0
98,4892.338635194951,47.9102773001507,0.7836889008911693,0.2128004320820956,0.0008101539292465569,0,19.410718663310014,0.8439112748518214,0.86792147756049,3703,17,15.733042745373798,2.32238440923609,2.5606478290833907,7.0,9.242,0.0
99,6133.653935365382,63.37522276570944,0.7670131398313395,0.23102569131202197,0.0,0,20.867829017112115,0.848570923050497,0.8030782334697917,5099,23,16.551060104015548,1.8414304859143806,1.8253643569419586,4.0,10.76,0.0
100,6853.669789628889,72.5673221292301,0.7442485306465155,0.25205709487825356,0.0011754827875734676,0,15.018661440845483,0.8427049681093775,0.8145425177949986,5955,27,19.385690886899965,2.644531299466099,2.70735559566787,6.0,16.513,0.0
101,6676.424584525121,73.74961102433915,0.7147472136973025,0.2797609433047973,0.002745921498950089,0,12.673537571921248,0.8410171504894869,0.8543215863610821,6191,28,17.186984707299025,3.160960321482785,3.129039548022599,7.0,19.012,0.0
102,7221.017011245401,79.50911938412797,0.7293887971166841,0.26565550382940384,0.0022525904790509084,0,11.067402960936153,0.8503825715436751,0.7952355842024104,6659,30,15.909450499288765,2.792916570004833,2.631253860407659,6.0,18.585,0.0
103,6759.980250379203,71.66940996594217,0.739292997960571,0.2545887151597553,0.00424881033310673,0,8.656897578223155,0.8467178162767769,0.8311937727039816,5884,27,17.54362623559293,2.928682938246779,2.978390804597701,6.0,17.187,0.0
104,4237.894808134022,56.392718129173346,0.6602150537634408,0.3345063538611926,0.0013685239491691105,0,8.944440071947595,0.8401663217498577,0.7585203403094347,5115,23,15.644727110299185,2.516621631258791,2.946106011252591,7.0,16.989,0.0
105,8310.07525328851,80.5615058327517,0.7908204062050216,0.20710059171597633,0.00015992323684631377,0,17.665543843729594,0.8558336199975319,0.8394443271929704,6253,28,16.28487433163515,2.5114044400011912,2.4088978766430738,6.0,14.547,0.0
106,6549.674233382273,61.658359555082775,0.8052755736650226,0.19129315891057258,0.0004289084280506112,0,14.939397721672687,0.8561631185905357,0.8835826647903745,4663,21,16.563030601292034,2.3658306635648914,2.4620505992010653,6.0,10.724,0.0
107,6876.561766594946,79.23694081047164,0.7089146717579674,0.2868262593626083,0.001174915552944632,0,14.779127194570957,0.8582159491356394,0.7903121168711142,6809,31,18.448440609594577,2.8707251458969036,2.6710171949451005,6.0,19.603,0.0
108,6323.919744394105,72.41083201588928,0.7128824476650564,0.28276972624798713,0.0011272141706924316,0,12.636514611645424,0.8576707059667259,0.7715195998457933,6210,28,17.848380327162694,2.705308499069186,2.64038852496047,6.0,18.174,0.0
109,4292.370237404135,46.31789318611693,0.7374802319451766,0.2569847127042699,0.0010542962572482868,0,14.822005511326575,0.8625589034879328,0.8146644248879966,3794,17,21.082170038505296,2.1944142391547907,2.4832022873481057,6.0,10.043,0.0
110,4835.296425442619,47.86439846953041,0.787516960651289,0.208955223880597,0.0008141112618724559,0,18.79174174360325,0.8791865955015479,0.849657210575799,3685,17,18.31812856373546,1.7627060582522516,1.8914541695382494,4.0,7.376,0.0
111,6768.472222155676,74.6546192296446,0.730432010202455,0.26558265582655827,0.001275306870715766,0,13.784669445958011,0.8519272824380353,0.7919312139108589,6273,29,17.136014661022795,2.509603215971608,2.456787429070275,6.0,16.957,0.0
112,5832.253668970284,70.60665323065494,0.6943097316521177,0.3021338506304559,0.0006466214031684449,0,11.830859106841096,0.8531981517444395,0.7636086398719466,6186,28,17.565962652290324,2.6135948212299405,2.548544819557625,6.0,18.026,0.0
113,7373.466314571747,65.62418095998554,0.840510033444816,0.15865384615384615,0.00020903010033444816,0,14.789353502936756,0.8527452515281213,0.901980538414022,4784,22,18.033396332410202,2.4873095379809076,2.4824670479980107,6.0,10.112,0.0
114,4517.283989840255,55.98269151386237,0.6866312346688471,0.3090760425183974,0.0010220768601798855,0,10.065886485955499,0.8472539205007854,0.760394237417959,4892,22,17.01858028738726,2.516202957390396,2.73474248288181,6.099999999999909,14.996,0.0
115,5503.241639364198,55.29802546369998,0.7662721893491125,0.22917614929449248,0.0013654984069185253,0,13.798675273334926,0.8597912288770818,0.8450942239855052,4394,20,19.347432221257748,2.6633768186158657,2.7778437778437777,7.0,11.692,0.0
116,5694.459938469054,65.34835681636599,0.7130727047585352,0.28321245356447905,0.0,0,14.616407144102492,0.8520315786619426,0.7648041197837305,5653,26,15.832511222312812,2.5547276556293146,2.629620441577772,6.0,16.24,0.0
117,6009.773519280397,62.18484164446132,0.7578716620167397,0.23854125149461938,0.0009964129135113591,0,13.511506906468448,0.8647448380490736,0.8143142794370503,5018,23,18.422038717038358,2.4098447682965367,2.4877728109387327,5.0,12.941,0.0
118,4939.975399376647,68.09827062063356,0.655616653574234,0.33904163393558523,0.0010997643362136685,0,14.979964428434236,0.8652511564068527,0.7159412574295198,6365,29,17.25694853194491,2.5390401457318137,2.5171339563862927,6.0,19.888,0.0
119,4770.408208001642,53.453907304075045,0.7274553571428571,0.2714285714285714,0.0,0,15.154590357540247,0.8673753670576083,0.801710180497615,4480,20,19.101198576042236,2.1163118215888277,2.079165388155876,6.0,11.072,0.0
120,7372.08815356998,72.6391653588814,0.7774267158153414,0.21713182376689485,0.00315955766192733,0,11.975147858953854,0.8669441057105083,0.849897744391544,5697,26,16.893804263568462,2.872053925727594,2.7385414314743732,6.0,14.748,0.0
121,5025.523129092708,53.811237978539296,0.7502266545784225,0.2456935630099728,0.0,0,12.824556841779259,0.8645377622260025,0.7719624791570802,4412,20,14.65948047958156,1.7688488430120493,1.8601208459214502,3.0,9.85,0.0
122,6830.531041395487,74.71283531272596,0.733140655105973,0.26204238921001927,0.0020873474630700066,0,14.275495704492226,0.8650457585065557,0.7946915298075616,6228,28,17.230115404741156,2.7175832235120296,2.4673674989049497,6.0,16.334,0.0
123,5823.4462985507935,69.96421452592226,0.6980173685072915,0.297230870063903,0.0009831230542356219,0,12.1719960773489,0.8561461726413181,0.7568294586477412,6103,27,17.814335894662314,2.5666185696430914,2.4288732394366197,5.0,17.475,0.0
124,6136.0678911603045,58.185139841714246,0.7956747015093489,0.2002703311556657,0.0020274836674926784,0,14.772873861185312,0.8620977995423724,0.9043910065713187,4439,20,16.84020071856309,2.7603430970988376,2.757361268403171,7.0,11.069,0.0
125,5011.997616077379,50.27853741540132,0.7781147333838767,0.21961081627495577,0.0,0,13.651960126732984,0.8688511478125045,0.8253344456227615,3957,18,17.412075981623392,2.0319088349508347,2.215004871711595,5.0,9.01,0.0
126,6469.819456845129,65.9124999458607,0.7617596648257475,0.23538373643115598,0.0011426394972386211,0,13.531924836507834,0.8575232991156438,0.8351363782492615,5251,24,16.309846804333393,2.7126232351139326,2.57325,6.0,13.534,0.0
127,7096.483895508944,73.74593359137235,0.7467911318553092,0.2427071178529755,0.008501416902817137,0,13.720674842074043,0.8693136455064938,0.8439198693941797,5999,27,16.374081329165712,3.040121701079409,2.8917410714285716,7.0,16.72,0.0
128,6003.597342601177,54.18795379329114,0.8381240544629349,0.16061522945032777,0.0,0,16.215407256412377,0.8421470856998661,0.8907826775639034,3966,18,18.54945233592835,1.9962704665360345,2.1110108303249095,4.0,7.63,0.0
129,7651.906833818452,75.35241174503956,0.7779655288948969,0.21730314295370057,0.0018587360594795538,0,12.078938613587516,0.8373561029043498,0.8444358299131719,5918,27,17.615708004825755,2.7494036100921466,2.752606429192007,6.0,15.497,0.0
130,5926.0290005069455,60.667199281067255,0.7506193228736582,0.24194880264244426,0.0037159372419488025,0,6.628394144663224,0.8541299143872089,0.8727822617753761,4844,22,15.046931049706734,3.1284502585430114,3.3998899889989,7.0,15.074,0.0
131,5648.138460372781,64.46640670296209,0.7117689792953142,0.28078459861968763,0.004540501271340356,0,10.035276645486313,0.8543535569036442,0.7947222237300072,5506,25,14.975305006809746,2.792743071907279,2.8548099004848178,6.0,16.303,0.0
132,6452.194071958982,67.79912089941439,0.7432383040935673,0.24689327485380116,0.00712719298245614,0,19.12151687427974,0.8365454811728431,0.8515044528765433,5472,25,19.327947644971424,2.9010929194189146,2.6862552249815588,7.0,14.826,0.0
133,7126.768263728114,62.48967122781704,0.8504057907435841,0.14564597499451634,0.0019741171309497698,0,15.14824722647008,0.8653756906711608,0.896310989060904,4559,21,18.060555610889097,2.408202006232765,2.476141346401857,5.0,9.602,0.0
134,4751.124654914615,49.18439385748563,0.7573114417650076,0.2388404309902514,0.002308876346844536,0,22.873070884088364,0.8726377942030455,0.8621945799414972,3898,18,17.301075087633528,2.363720509792752,2.535569105691057,7.0,9.676,0.0
135,4066.138144290059,63.83877020271831,0.6279031996101998,0.3680363813545558,0.0017865843755075525,0,16.322397338401622,0.8364416568824522,0.6794059664150631,6157,28,17.834745297783783,2.5124266959886223,2.408949818934299,5.0,19.51,0.0
136,8242.353565233167,82.13701131193086,0.7680602520750077,0.22625268982477714,0.00261297264063941,0,14.994885990756286,0.8541640761023662,0.8525938653939072,6506,30,17.21801598771033,3.1445874386225983,2.90074044426656,6.0,17.723,0.0
137,4517.45540738641,53.272873608699825,0.7032919119250054,0.2908218879441901,0.003052103771528232,0,16.40294124144263,0.859441321661745,0.7813463593580826,4587,21,18.44386213470235,2.483961546102489,2.5619962802231866,6.0,13.064,0.0
138,6005.543525418338,66.50845857720627,0.7178423236514523,0.2691683204041133,0.00938120151542486,0,14.191113705310638,0.8545708159888717,0.8345952001356735,5543,25,18.33034244828667,3.0020919000544626,2.8808745916059313,7.0,16.232,0.0
139,3761.082879273323,42.68858505492122,0.7171492204899778,0.27783964365256125,0.0025055679287305124,0,8.898802880142458,0.8579912733399543,0.8040864088682383,3592,16,16.25140172779793,2.372668202138759,2.767857142857143,7.0,10.403,0.0
140,6546.909618913627,71.08306380368143,0.7284555593105779,0.26394052044609667,0.004900304156809733,0,11.948408215885607,0.8587819377975539,0.8243231803723337,5918,27,17.684311163171092,3.030905481147679,2.8705636743215033,6.0,17.285,0.0
141,5658.625054815165,61.55247877846782,0.7360732372419166,0.2600311647837943,0.0015582391897156214,0,12.312964894442203,0.8479201344530295,0.8055767210420716,5134,23,19.46054633841238,2.4430149743647136,2.591690923524742,6.0,14.114,0.0
142,7098.20737000307,73.60909347058868,0.7506671114076051,0.24516344229486325,0.0020013342228152103,0,9.493888659852017,0.8613791428924116,0.8269193222091479,5996,27,16.395312032206093,2.9796253066179053,2.8864696734059097,6.0,17.147,0.0
143,6509.237334210748,69.71374355318805,0.7397188964081207,0.2554225229914975,0.0019087280930071143,0,13.120314857847607,0.8589200695187612,0.8154154294049254,5763,27,14.983440692389426,2.8034613280525993,2.710063335679099,6.0,15.982,0.0
144,6499.082128143411,67.65313741367373,0.7509613623878411,0.24427760483427943,0.0014649331624244644,0,12.947808756896954,0.8567456074007028,0.8341206294382887,5461,25,18.358758383468196,2.83100048030568,2.827115337722507,6.0,15.069,0.0
145,4581.835021186744,45.06567462052818,0.7840616966580977,0.21079691516709512,0.001999428734647244,0,12.28003905976115,0.8726513411378491,0.8573577028345146,3501,16,16.590054675460365,2.1210900047099708,2.403642987249545,6.0,8.117,0.0
146,6973.4300887910385,75.6276752281138,0.727287091167641,0.26844683204297676,0.0015800284405119293,0,11.13617955264618,0.847541763411843,0.8224076325330696,6329,29,18.11678228620392,3.054221457702144,2.838800782098631,7.0,17.956,0.0
147,5613.6916694352385,65.73101969153241,0.7064236418333039,0.2891523624137321,0.0015926384710670677,0,10.733063467634206,0.864884252801632,0.784342323676286,5651,26,17.20087692813851,2.638132846903141,2.5536072144288577,6.0,16.192,0.0
148,5789.792857811075,71.21053437977889,0.6909377462568952,0.3041765169424744,0.001260835303388495,0,9.81824248386197,0.851132056285579,0.7439213383136998,6345,29,17.946373449685836,2.6965026610177025,2.6608120437956204,5.0,19.114,0.0
149,3635.836068012439,50.27265913067192,0.6520702362887492,0.34381096900065033,0.0015174506828528073,0,14.020732209069537,0.8628031909726609,0.7734923696928365,4613,21,16.708768499280907,2.6723442772667556,2.6555851063829787,7.0,14.315,0.0
150,5218.333798819688,60.67418696496536,0.7111408882082695,0.28560490045941805,0.0005742725880551302,0,12.301894179275525,0.8515443414241365,0.7681546721000405,5224,24,18.811804685072097,2.363998676792884,2.3623149394347243,5.0,14.436,0.0
151,6557.694302885241,72.47079978436749,0.7219950940310711,0.27260834014717905,0.0019623875715453804,0,8.828531763552535,0.8634122779269406,0.8219702597510855,6115,28,17.228193882255617,3.112304532161208,2.9440543601359,6.0,18.303,0.0
152,7878.629748743827,79.36382959700838,0.769511421319797,0.22715736040609136,0.0006345177664974619,0,16.218021039934115,0.8579412584315745,0.8286270691931025,6304,29,17.49455412252275,2.737328770599913,2.447742733457019,6.0,15.574,0.0
153,4432.8436002598,53.25135825170669,0.699048031155344,0.29705755084379054,0.0008654262224145391,0,14.181179373043966,0.8540424425363138,0.7795829353131858,4622,21,16.86151785445187,2.276639384494738,2.389662643144537,6.0,12.668,0.0
154,2100.0096589863074,37.42639166989531,0.6053125838475986,0.39012610678830156,0.0005366246310705661,0,8.90613261023571,0.857308776585035,0.6644295790938344,3727,17,17.75906915278373,1.9339262090199705,2.176418439716312,4.0,11.916,0.0
155,5127.044790538814,48.046880070093785,0.816471229888192,0.1805290428142896,0.0002727024815925825,0,12.080392823927781,0.8471632744564833,0.8222611194501186,3667,17,19.53293941872966,1.7574924854903249,1.979625918503674,4.0,7.135,0.0
156,5019.585623233688,55.81243730874293,0.7255499891091266,0.27118274885645827,0.0015247222827270747,0,11.743689233733424,0.8561050679649636,0.8211657811155111,4591,21,18.763298702545942,2.517052006814904,2.652356649654758,6.0,12.739,0.0
157,4250.910761495346,52.479052721602656,0.6864608076009501,0.3113798315698553,0.0004318721658389117,0,11.141703337649238,0.8534412820233108,0.7766044305352008,4631,21,16.254057911541363,2.4673886352225827,2.6844919786096257,7.0,13.951,0.0
158,6161.550445153723,50.60432921964194,0.9017574186113512,0.09593777009507347,0.0002881014116969173,0,13.856480397842576,0.8582646595758646,0.9403777514172883,3471,16,17.96079610537046,2.1252522651418433,2.273482428115016,5.0,5.778,0.0
159,3585.6863383957484,43.29672454547359,0.6995696611081227,0.2961269499731038,0.002420656266810113,0,17.78537772163794,0.8539623056944581,0.7912403168187916,3718,17,16.755099840952315,2.127076148248726,2.3314109957708573,7.0,10.216,0.0
160,5698.870564423475,55.45128842091954,0.7813233223838574,0.21187236039418114,0.004927264195213514,0,12.134896970239373,0.8705084686495119,0.8806219564896375,4262,20,19.21884093638635,2.677939670986336,2.776876876876877,7.0,10.972,0.0
161,3525.7226722945175,67.20679327366638,0.5940948831876165,0.4011752902393579,0.0007166403898523721,0,8.215797271180676,0.8623969685942425,0.6438421690326672,6977,32,18.36451320438319,2.539912629413516,2.558986731001206,5.0,24.119,0.0
162,6554.938155931517,75.15589905066457,0.7219092331768389,0.27417840375586855,0.0012519561815336462,0,17.090595462895628,0.8596948355969042,0.7444822180969272,6390,30,15.937863875815516,2.2697139597072993,2.118361153262519,4.0,16.164,0.0
163,3426.0890768421573,44.672782041295804,0.6758706467661691,0.3201492537313433,0.0002487562189054726,0,11.252363371001303,0.8644964182605614,0.7331513822891151,4020,18,19.5756867716009,2.0607546581545675,2.375782112624218,5.0,11.92,0.0
164,1161.8792115822614,31.80241878882287,0.5462962962962963,0.44907407407407407,0.00028935185185185184,0,5.257432811202979,0.8673093213420004,0.6210428793125959,3456,16,16.339529642955405,2.088267781413706,2.780720338983051,7.0,13.109,0.0
165,1485.129844112477,38.9148354057944,0.5527744982290437,0.44415584415584414,0.0002361275088547816,0,6.299894569082605,0.8633830921088483,0.6282490712182466,4235,19,19.705172926396322,2.2224536370490036,2.6488680051260145,6.0,15.532,0.0
166,2857.942464114741,42.65678234636444,0.6423430131546289,0.35318937701662945,0.0,0,15.241839001536295,0.8790090142530038,0.7017977805133525,4029,18,17.75094774606903,1.8266099205490747,1.9134466769706338,4.0,11.416,0.0
167,7166.361738923618,61.781599016693875,0.8690503302209064,0.12912776132999318,0.0002277385561375541,0,13.911387696679283,0.8790357198075657,0.9040168418917315,4391,20,18.673051481187244,2.1079231342692712,2.1884171907756813,5.0,7.858,0.0
168,5586.64517572105,49.01694413636251,0.8528838116466982,0.14349400947339092,0.0008358874338255781,0,14.412440782567984,0.8824660772272863,0.878140067921753,3589,16,17.388112254989256,1.7788440611433212,2.1029075465534137,5.0,6.466,0.0
169,4348.922571025516,65.08924500360514,0.6373942200223535,0.3579754111448188,0.0004790036723614881,0,11.216099971070129,0.8829298769867913,0.6898381793653958,6263,28,18.98457321684213,2.476230794453658,2.5365731462925853,6.0,20.165,0.0
170,5096.2480886967305,51.155522701883946,0.7791563275434243,0.21935483870967742,0.0,0,18.23839530781884,0.8894602285491002,0.8219516261496351,4030,18,17.826979297960165,1.8166883718521223,1.9423566878980891,5.0,8.404,0.0
171,3012.0402302904185,51.175813595108025,0.6173428798727129,0.3794749403341289,0.0,0,12.812529103228904,0.8766922499336945,0.660408675456123,5028,23,16.81596157369313,1.9339384009008291,2.0093427835051547,4.0,15.248,0.0
172,3094.132640759763,47.28877326950063,0.6325706594885598,0.3645132346343652,0.00022431583669807088,0,18.024802560645302,0.8715241581285476,0.71232204747191,4458,20,19.26346745409431,2.1725811948226235,2.279787234042553,6.0,13.62,0.0
173,2862.6098046512125,63.18332027242945,0.5748172460092495,0.42145308071012977,0.0001491869312248247,0,12.402191132356776,0.8611409251477095,0.6248455280566831,6703,31,14.807557981822011,2.2146962907164744,2.1668829483519336,4.0,22.638,0.0
174,4938.549487856369,46.74424174303486,0.8032786885245902,0.19389485585076313,0.0008479366873940079,0,12.26265298347236,0.8641951075236775,0.885746924915997,3538,16,18.739374082096298,2.3119704184282153,2.6541168191414495,6.0,8.609,0.0
175,4369.499914645027,46.71091036561469,0.7504616196254287,0.24769190187285678,0.0005275652862041678,0,15.446709722544423,0.8711730904498313,0.7883216231479112,3791,17,17.237728491482756,1.8426710904140802,2.114235500878735,5.0,8.887,0.0
176,7755.826661501768,73.52183554158024,0.8040147913365029,0.19387216059165346,0.00017608733932030288,0,14.627753953185447,0.8478809372152321,0.8460740456246091,5679,26,17.593430331910874,2.377102506709362,2.281646955759965,5.0,12.466,0.0
177,3514.1930763986434,58.408781665734274,0.6195426195426196,0.3762993762993763,0.0010395010395010396,0,14.78101905303375,0.8778668502990358,0.6661319758843437,5772,26,18.003552666386057,2.1625414158954372,2.157158836689038,5.0,17.793,0.0
178,5540.481858700698,62.804832132584224,0.7186919360832404,0.2768487551096247,0.0018580453363062058,0,10.66759841170451,0.8782787698601996,0.7636988795839654,5382,25,17.453456067206574,2.5210283103077176,2.611685625646329,6.0,15.105,0.0
179,7671.198510991902,77.77904825244235,0.7602065515572051,0.23446829110860093,0.002097789252864289,0,14.042203769748404,0.8645201973890777,0.8545383432797206,6197,28,19.721582571734587,2.9003350138605906,2.648482275525366,7.0,16.086,0.0
180,5643.223507176374,52.797917325142016,0.8165230613279271,0.18119614799797262,0.00025342118601115053,0,12.286946683773138,0.8515948875800154,0.8693828622221265,3946,18,18.284270448980003,2.011055365773857,2.1945996275605215,4.0,8.358,0.0
181,6663.493863866398,70.92819982163124,0.7363481228668942,0.25648464163822526,0.0037542662116040954,0,9.760657636741039,0.865653089169089,0.8290314514359388,5860,27,18.887183687726974,2.954850065558256,2.8637311703360373,7.0,16.758,0.0
182,6215.182413931582,77.61063048794287,0.6823275862068966,0.3129310344827586,0.001867816091954023,0,11.287089441921447,0.8519826124322232,0.7520330025243132,6960,32,15.097519263385282,2.8568122112287786,2.7308907138344916,6.0,21.335,0.0
183,5204.0735658047815,61.200737758305365,0.7097815764482431,0.28679962013295346,0.0003798670465337132,0,14.76856928114142,0.851922232147997,0.752562996558508,5265,24,17.347491925694463,2.18147599093448,2.242708054589243,5.0,14.004,0.0
184,4177.968775651114,67.78145864430977,0.6174895895300416,0.3779000594883998,0.000148720999405116,0,12.153973053102263,0.8753564178645903,0.6916489463060556,6724,30,17.159788146294765,2.7102359548322617,2.624518304431599,7.0,22.197,0.0
185,5493.313961800925,75.9684470100599,0.6525543324865933,0.34292972057578325,0.000846740050804403,0,11.878462922881177,0.8558021330759585,0.7367877765777401,7086,32,17.023543402198104,2.8509595878142253,2.6671712802768166,7.0,22.57,0.0
186,7984.197585474958,84.49234018579007,0.7456655681329704,0.2504656827625734,0.0004298610116062473,0,16.134449474286072,0.8603732162684948,0.8011625734191351,6979,32,16.89384437517561,2.7491569411086623,2.4782859338970025,6.0,18.099,0.0
187,4890.016129336196,51.6746853004537,0.7454890788224121,0.25047483380816715,0.0011870845204178537,0,13.436372430517824,0.8526993407642638,0.8376490267830579,4212,19,16.39877020669962,2.365530616525248,2.6181528662420384,6.0,11.252,0.0
188,9246.357960338446,86.57711838613469,0.8019257221458047,0.1937948953079627,0.0021396912731163073,0,11.875218565284483,0.8523128909333549,0.8867802223829039,6543,30,17.391086571761054,3.0513160653313043,2.8111301696207356,6.0,16.457,0.0
189,6354.656214522122,51.36870526204124,0.9195965417867435,0.08011527377521614,0.00028818443804034583,0,17.28094173225572,0.8519454078227972,0.94384315722789,3470,16,17.4156213649742,1.8189329238880934,1.9924788467565027,4.0,4.683,0.0
190,6949.59502425219,76.72690600256385,0.7248353715898401,0.26983380370021953,0.0021950454687989967,0,13.586595930267297,0.8690892476052194,0.8114538512009778,6378,29,17.40446168597242,2.8631568535926384,2.6223231667748217,7.0,17.738,0.0
191,6577.291211639202,71.999881380249,0.734978180597516,0.2620006713662303,0.0010070493454179255,0,15.587740425349324,0.8708860303816165,0.7947849851484097,5958,27,19.200261319631863,2.5154529707527016,2.384562685544645,5.0,15.588,0.0
192,5165.639648779376,49.2177832214152,0.810501066098081,0.1871002132196162,0.00026652452025586353,0,15.659289225390143,0.8552522110443426,0.822729871628956,3752,17,18.331151218979024,1.5498603991374729,1.7241039131864517,3.0,6.597,0.0
193,6677.7862929711,78.80780821987568,0.7022833723653396,0.2937646370023419,0.0019028103044496487,0,14.684445100067872,0.8601347116658064,0.7745809172982415,6832,31,17.598064828584242,2.79808238909012,2.555022926219258,6.0,19.496,0.0
194,5234.644127828125,55.61673389015413,0.748900615655233,0.24890061565523308,0.00043975373790677223,0,13.062886816263797,0.8532748846733906,0.8113356193381893,4548,21,18.569045459650418,2.2651228969364805,2.4768056371109806,5.0,11.936,0.0
195,6740.647133357414,53.72095494026411,0.9315804353972293,0.06615776081424936,0.0,0,12.627330252031674,0.8670074091780056,0.9717772818034447,3537,16,16.641111148920583,1.988654225789841,2.2591805766312594,5.0,5.283,0.0
196,3708.2019594844746,62.32513840945328,0.6138178262994949,0.38080495356037153,0.0004888381945576015,0,13.069918700320969,0.8551810315893147,0.6681366674562831,6137,28,15.861317011498755,2.316925420923424,2.301566233076719,5.0,19.533,0.0
197,6602.451146375202,62.482099485990645,0.7997486384583159,0.19648093841642228,0.0020946795140343527,0,13.744983795802616,0.8496108052198722,0.8789202221684457,4774,22,16.840190199043263,2.5150003136622843,2.6011000523834467,6.0,11.357,0.0
198,7259.621390358233,81.53989188704283,0.7213851057664445,0.2726745870762098,0.0024630541871921183,0,14.189579834119348,0.8459516770736143,0.7663045927200143,6902,31,18.932562153613752,2.6935320277012824,2.5800361518377186,6.0,19.287,0.0
199,6223.224611294528,67.34114503052704,0.7376166547020818,0.25825556353194545,0.0010768126346015793,0,10.82521545431165,0.8335645168841567,0.8012149362777443,5572,25,14.941473217478288,2.489949766782761,2.589294403892944,5.0,15.361,0.0
200,5564.688414068617,51.13347341749549,0.8262011026516146,0.17274875295353112,0.0,0,19.671173223351104,0.8439442331148979,0.8724992737692341,3809,17,18.715955017980164,1.9223413028637746,2.17318080711789,5.0,7.54,0.0
201,6427.387817563385,55.031070685257326,0.8685361461281194,0.12914844352971444,0.0012863390789812194,0,14.974902407987143,0.8546356616120243,0.9281972147034429,3887,18,16.491083220178037,2.254638372046548,2.422097156398104,5.0,7.637,0.0
202,7211.217994110018,75.76364024027039,0.7495937601559961,0.24585635359116023,0.0011374715632109197,0,11.680295267608551,0.8511049693540307,0.8021526460456943,6154,28,18.735475256093558,2.7041390609643075,2.6104487318447864,5.0,16.426,0.0
203,5165.97018537276,74.17375226402658,0.6492971744995031,0.34630129206304133,0.0008519096975720574,0,14.578560975593115,0.8431784683230773,0.7039774834982302,7043,32,18.046447628011045,2.4799888825239313,2.282090531379838,5.0,21.141,0.0
204,6821.4606841065915,76.46686009185353,0.7116687192118226,0.28048029556650245,0.0049261083743842365,0,10.61647400632417,0.8448898616849265,0.8293374827656975,6496,29,18.75091144974915,3.2697441852697873,3.144494916720744,7.0,20.116,0.0
205,4334.956804727957,56.21058408539228,0.6677885567214413,0.3266679865373193,0.0019798059790140567,0,8.92374632828664,0.8558306271421602,0.7595627412961627,5051,23,17.183030157446666,2.735106040202631,2.923806700266825,7.0,16.17,0.0
206,4489.8251015324695,64.42218546487,0.639504132231405,0.3543801652892562,0.0021487603305785125,0,11.960691391627156,0.8449592212206831,0.7435739016109475,6050,27,16.32802882326611,2.838672301410749,2.8299302145257172,7.0,20.295,0.0
207,6632.763392598533,63.91334309014261,0.7909128289473685,0.20456414473684212,0.0010279605263157894,0,12.633100499001646,0.8556788382096419,0.8853157339134397,4864,22,15.973144426227083,2.6656917000819402,2.6904081102157527,7.0,12.107,0.0
200,5564.688414068617,51.13347341749549,0.8262011026516146,0.17274875295353112,0.0,0,19.671173223351104,0.8439442331148979,0.8724992737692341,3809,17,18.715955017980164,1.9223413028637746,2.17318080711789,5.0,7.54,0.0
201,6427.387817563385,55.031070685257326,0.8685361461281194,0.12914844352971444,0.0012863390789812194,0,14.974902407987143,0.8546356616120243,0.9281972147034429,3887,18,16.491083220178037,2.254638372046548,2.422097156398104,5.0,7.637,0.0
202,7184.421929424721,75.64754833605464,0.7489437764055898,0.2468313292167696,0.0012999675008124798,0,11.431387298338304,0.8511049693540307,0.8021441376398504,6154,28,18.735475256093558,2.700879701714072,2.6257322629637665,5.0,16.489,0.0
203,5123.396414799264,74.01251388885262,0.6473093852051682,0.3478631265085901,0.0011358795967627432,0,14.94190839565842,0.8431784683230773,0.7017284964926914,7043,32,18.046447628011045,2.4494269091378946,2.259486729545953,5.0,21.115,0.0
204,6776.861944752958,76.32231920010508,0.7099753694581281,0.28125,0.006003694581280788,0,11.042161225161614,0.8448898616849265,0.8244552758857324,6496,29,18.75091144974915,3.194946151598709,3.0780572419774503,7.0,19.957,0.0
205,4423.411830254454,56.436136449996184,0.6747178776479905,0.32112452979607997,0.001187883587408434,0,9.298710240415037,0.8558306271421602,0.7586939431765689,5051,23,17.183030157446666,2.6411354890091534,2.898767605633803,7.0,15.996,0.0
206,4491.597288328228,64.3635367042469,0.6406611570247934,0.35338842975206614,0.001322314049586777,0,12.499002424029035,0.8449592212206831,0.7421066451372841,6050,27,16.32802882326611,2.712372228361039,2.754385964912281,7.0,20.07,0.0
207,6618.1796164415,63.68796084491945,0.7900904605263158,0.20497532894736842,0.0012335526315789473,0,12.888554625660035,0.8556788382096419,0.8811564481710376,4864,22,15.973144426227083,2.621087512768088,2.665625813166797,7.0,12.052,0.0
208,5264.667627316094,66.66509958536332,0.6748909029875797,0.3187311178247734,0.00436388049681101,0,11.282111366958073,0.8590646379115832,0.7814822974513992,5958,27,18.625088894803685,2.9155375338196707,2.897537925889082,7.0,18.878,0.0
209,5859.55353299171,50.44066238936022,0.8603414497621047,0.13490064371676463,0.0008396305625524769,0,13.232501677388576,0.8586904345498626,0.9358975120092676,3573,16,19.5960627275395,2.4571670180650154,2.763825634352635,6.0,7.841,0.0
210,6914.567179645176,77.24274527025874,0.7206695331695332,0.27364864864864863,0.00214987714987715,0,10.56210002608946,0.8678370135430176,0.7970260508702144,6512,30,16.507781562089605,2.9928846107713047,2.7994886000426167,6.0,19.149,0.0
211,6895.8846601570285,60.09661256290585,0.8555168408826945,0.1403019744483159,0.0013937282229965157,0,12.139081893443546,0.8589459336228813,0.9084089376700001,4305,20,17.313676515841678,2.466328260045179,2.4963345099103993,5.0,8.763,0.0
212,4927.878181044295,67.31450351521262,0.6479591836734694,0.34263392857142855,0.0052614795918367345,0,6.338288067699837,0.8632211034684298,0.7523036489754261,6272,28,16.021877669271593,3.225553242668582,3.1931594488188977,7.0,21.718,0.0
213,5384.621967731153,57.22690532088932,0.7332336608287057,0.2616403246475865,0.0017086715079026058,0,9.598207065484182,0.8479239927812554,0.8512545135368234,4682,21,16.62980835925158,3.0483782881653148,3.2044858724147978,8.0,14.482,0.0
214,4025.0305783266776,48.55686802932997,0.6949112426035503,0.30153846153846153,0.00023668639053254438,0,10.369759822697976,0.8520892212930545,0.7589966647494873,4225,19,15.945091672076906,2.359713459353061,2.587874659400545,6.0,12.449,0.0
215,5195.854971547845,51.08882414563425,0.7716436637390214,0.21932245922208282,0.005018820577164366,0,8.466955065559567,0.8695766103086049,0.8858138249723974,3985,18,17.363964014100116,2.8128613800691715,3.1447154471544714,7.0,11.312,0.0
216,6141.849364191707,53.37659488410355,0.865501720942547,0.13158591474715384,0.0018533227429176596,0,14.290798751920073,0.8854103145733639,0.909263471510989,3777,17,17.47966140072166,1.9818366450417733,2.157234628326705,4.0,6.774,0.0
217,4954.726372839163,70.4964797966199,0.6495932509792106,0.3442301898162097,0.001958421211208195,0,13.105471798391541,0.8643369335701557,0.6924618653455833,6638,30,18.661745509941163,2.6468933242698838,2.462894248608534,5.0,20.504,0.0
218,6195.2359209684255,66.50559778883638,0.7422377365423479,0.25408781921734336,0.0014697776961234614,0,9.799308081712807,0.8543055337094757,0.8024454888207778,5443,25,16.83180554399771,2.5570489260945233,2.5782178217821783,5.0,14.699,0.0
219,4778.379858443793,71.22760906559066,0.6415343915343915,0.35346854791299237,0.0019106407995296885,0,14.455988153680014,0.8836237262838308,0.681524861842095,6804,31,15.718680654809356,2.4625588033769734,2.2623138602520045,5.0,20.467,0.0
220,7930.299058051322,64.79964282073423,0.9118791485465781,0.08583199816891737,0.00045777065690089265,0,23.15341708477478,0.8695961337755058,0.9433422659621526,4369,20,17.681960394135317,2.037081568455314,1.9754016064257027,5.0,5.958,0.0
221,4444.845094176919,58.61252948189656,0.6671075004723219,0.32892499527678065,0.0009446438692612885,0,17.436611362938855,0.8613862028159065,0.7728103924355457,5293,24,16.735806822932524,2.6018501571103774,2.4664401019541207,7.0,15.545,0.0
222,4219.960950478343,62.418324628773505,0.6391421816953732,0.3566362715298885,0.001182033096926714,0,12.12655362446942,0.8575621189941468,0.7002025224616399,5922,27,18.29817294322212,2.5605711650496374,2.492470277410832,6.0,18.524,0.0
223,5697.046093594175,54.43020809836292,0.7986144290492116,0.19827998088867654,0.0009555661729574773,0,20.34039290550547,0.8516781906152352,0.8575936804780352,4186,19,16.869508206578786,2.334574141205838,2.44630571343105,6.0,9.755,0.0
224,8007.763180357634,82.39805005239272,0.7492550655542313,0.24091179976162097,0.006108462455303933,0,12.772126738276711,0.8646075555063039,0.8425135239060546,6712,31,17.919828917840583,3.1655023187325493,2.8162656591767745,6.0,18.439,0.0
225,4983.648365628465,50.28827874451382,0.776963879767618,0.22152058600656732,0.00025258903763576663,0,16.262816067829565,0.8615639333206593,0.8162913563992134,3959,18,19.244369948886828,1.9904137001153674,2.1462938881664497,4.0,8.943,0.0
226,6918.370693847133,80.7453007348874,0.6982978723404255,0.2970212765957447,0.001702127659574468,0,9.621301500635163,0.8415254616103219,0.7915082462938916,7050,32,19.465406293755468,3.2613948110229787,2.9981718464351004,7.0,21.973,0.0
227,7487.073232788817,83.80876559171597,0.7169570760730982,0.2768097464230061,0.003966567502479105,0,14.746431565273706,0.8679855860638912,0.8202705929973247,7059,32,14.743546919808207,3.166472766629821,2.77138905354673,7.0,20.26,0.0
228,3493.742587996081,58.28855708322428,0.6142807140357018,0.38134406720336017,0.0010500525026251313,0,11.831579501934266,0.8669276186166436,0.685281316860778,5714,26,16.167670474200957,2.5128793150119466,2.447863247863248,6.0,18.384,0.0
229,6484.067130509552,75.29536616934465,0.706241416145277,0.28933312986418436,0.0013734167556844193,0,11.84187866672016,0.8685260822059155,0.7788963911413824,6553,30,17.173123758590382,2.809819336364674,2.6603284356093346,6.0,19.193,0.0
230,4940.637277559063,56.27137266259306,0.722326846620632,0.2753714166143545,0.0002092487968194183,0,18.738024098178816,0.8618121183133064,0.7670853942692594,4779,22,16.354581301177152,2.0696580324501173,2.055040556199305,4.0,11.924,0.0
231,6142.908928798825,56.30007838070495,0.820774898977894,0.17684811029236985,0.0002376990729736154,0,16.11983449619517,0.8591260974000732,0.8897597779878541,4207,19,17.64086704475164,2.190998637016493,2.189690124529395,5.0,8.404,0.0
232,6225.9404947575,59.270792528931324,0.8008743169398908,0.19562841530054645,0.001092896174863388,0,15.091811830262333,0.868355510816448,0.8528815896883973,4575,21,17.342690948259275,2.2651299756877252,2.3094978165938866,5.0,10.103,0.0
233,4643.618457984433,69.46006290276499,0.6348230353929214,0.3609778044391122,0.0016496700659868026,0,9.633958088738648,0.8553387152063526,0.698786570119136,6668,30,17.739763925667692,2.7470913118919214,2.7323411292227733,6.0,21.95,0.0
234,6052.480562635634,61.06704040833371,0.7624150010302906,0.23346383680197816,0.001442406758705955,0,14.201347305787504,0.8674536607909162,0.8619398434533094,4853,22,17.55808337694957,2.6101104797701145,2.6764864864864863,7.0,12.568,0.0
235,5462.679875990449,74.64378009546397,0.6556951061065396,0.34040710264183627,0.00129926375054136,0,14.681391765615942,0.8451581388762226,0.7194078810471264,6927,31,19.317572306040706,2.718495691769462,2.590268604139146,6.0,21.75,0.0
236,5924.3993171781985,60.36183814506643,0.7590262017742934,0.23705384774087065,0.0008252527336496802,0,14.15490084293811,0.8607664810135444,0.8437098105856574,4847,22,16.03516071664367,2.4968122865834492,2.586844251155205,6.0,12.37,0.0
237,4249.896937653416,46.020225673061375,0.7406529752501316,0.2567140600315956,0.0,0,11.646939899703971,0.8651626282376143,0.8026527827107475,3798,17,17.208173749276803,1.9965274732511693,2.356558833985069,5.0,9.848,0.0
238,6896.292926063635,76.45484503585935,0.7288819875776398,0.2669254658385093,0.0007763975155279503,0,12.14739386968094,0.8635519103931971,0.777168810615622,6440,29,17.780130202605438,2.564973858726137,2.482530890498509,5.0,17.579,0.0
239,4329.531371869065,49.01999149901483,0.7213472255875939,0.27453355948630964,0.000969227041434456,0,11.594273284297723,0.8455592910595876,0.7813567984369184,4127,19,16.058270984680426,2.070846074094939,2.349344978165939,5.0,10.864,0.0
240,4380.31599495903,64.75860149084802,0.6444553323534216,0.3514617017801731,0.00032663726931242854,0,26.933494276956473,0.8720556059000637,0.6919360488756944,6123,28,16.97730804093038,2.105602105294057,2.018246325392803,4.0,17.839,0.0
241,5473.288587665799,69.82523414700171,0.6782829082844923,0.3188658324093141,0.000792016473942658,0,10.811258385090891,0.8458661082106746,0.7428336074114357,6313,29,18.663493447171092,2.6265449533658733,2.6361513311536666,6.0,19.487,0.0
242,3279.93424830044,47.252850724294994,0.6527367703838292,0.3447649330002271,0.0006813536225300931,0,12.552631915493386,0.864404841159244,0.6983837842501028,4403,20,19.116073950767365,1.9150313514109532,2.0751565762004174,4.0,12.669,0.0
243,6050.362465918948,69.46297274122898,0.7106939322829366,0.28511565538048944,0.0010056989607777405,0,16.58480944524714,0.8733064679308785,0.7944033518452912,5966,27,18.257195539031287,2.7390950312879077,2.6957547169811322,6.0,17.48,0.0
244,4562.884008927098,70.50378386549168,0.6325124596892407,0.36352975666959836,0.001465845793022574,0,11.220881662581824,0.855466067453813,0.6849485779223002,6822,31,18.506519771273794,2.458422502999958,2.483661645422943,6.0,21.753,0.0
245,6731.671521545923,67.96773394454965,0.7707635009310987,0.22513966480446929,0.0011173184357541898,0,11.057423730143421,0.8641502925967226,0.8168441011272795,5370,25,17.9649320931643,2.4039008839581,2.455907223967142,5.0,13.166,0.0
246,7082.5359737463605,78.93240764202484,0.7255689424364123,0.2716049382716049,0.0,0,16.926568139166452,0.8562439295214149,0.7779367196648398,6723,30,17.329928208793177,2.5413815541511626,2.423329233292333,6.0,18.096,0.0
247,7476.234994461804,68.19884391371994,0.8194308145240432,0.17742885181550538,0.0013738959764474975,0,21.091706796710966,0.8593294060898725,0.9116484486417499,5095,23,17.535330799375203,2.7210242790733004,2.6708982035928144,7.0,11.961,0.0
248,6085.4507794746105,67.45731119178363,0.7269835660010603,0.27018907934264,0.00035341933203746247,0,11.140341048053223,0.84774314954779,0.7832279331104169,5659,26,18.810912696329744,2.460489229393354,2.4995138551288285,5.0,15.61,0.0
249,1631.2248162803864,37.711007527257266,0.5636680787440818,0.4318464988786444,0.00074757039621231,0,9.597212720917732,0.8703881530745471,0.6532786431071821,4013,18,17.942688380608274,2.1356432503076075,2.769230769230769,7.0,14.845,0.0
250,5291.637969841342,70.92146515607467,0.6635902168897093,0.33271804337794186,0.00046146746654360867,0,11.856635169391616,0.8726024367228576,0.7392151754757108,6501,30,17.794006928800876,2.5049894014524146,2.4860917941585536,6.0,19.985,0.0
251,4180.348689021037,59.87600474533152,0.6427187885191055,0.35217467864060575,0.0022891354111639374,0,12.561576230580574,0.8687219646394069,0.7336021962275664,5679,26,16.60337451548352,2.5876339996300555,2.706027397260274,7.0,18.576,0.0
252,3378.5442861009333,53.604992299999594,0.6211976277023149,0.37344557107327336,0.0003826286588865506,0,10.015721559382293,0.8515031511263728,0.7032559408565515,5227,24,14.715176180037677,2.2888506864784968,2.6405913150600555,7.0,17.367,0.0
253,3783.82765421039,57.20445924588017,0.6422303473491773,0.356672760511883,0.0,0,13.67924969581585,0.8487855045141237,0.6722761698111419,5470,25,16.570661523506487,1.9353264722416978,2.0592086535724454,4.0,16.2,0.0
254,6191.273633424672,69.98699882156026,0.7252153352474244,0.27225130890052357,0.00033778078027360244,0,18.31213118279415,0.8753619875788691,0.7668225954301661,5921,27,16.792935998966605,2.192905704586371,2.131113181183046,5.0,14.959,0.0
255,4794.1282372594405,47.44663504806039,0.7843816631130064,0.21295309168443496,0.0005330490405117271,0,11.035791593716679,0.8491558805806704,0.8215321710872111,3752,17,18.385900291293577,1.8217349095206496,2.0992184845395854,4.0,8.069,0.0
256,6870.094096020817,76.21768110935406,0.7298761609907121,0.26625386996904027,0.00030959752321981426,0,15.459515002614657,0.8707635374859042,0.7717647203363933,6460,29,19.203154607688816,2.3563957451900914,2.28271474019088,5.0,16.846,0.0
257,6004.444975804285,59.5212104751024,0.7732047159699893,0.22357984994640942,0.00042872454448017146,0,15.641686059225746,0.8488345714749427,0.876935174551687,4665,21,16.303841684471095,2.43836953081773,2.548655392292764,7.0,11.798,0.0
258,5183.551835915123,69.07782525284446,0.6680180882582255,0.3276157804459691,0.0010915328239513489,0,9.215807017332473,0.8700809991409105,0.7155035182438437,6413,29,16.955317374665757,2.500747612140415,2.5709617180205417,5.0,19.752,0.0
259,4810.1373233317845,71.33862292622885,0.6399173919457147,0.3569848060185868,0.0001475143826523086,0,13.069549168003698,0.8539829276745762,0.6969441435345359,6779,31,17.32413404590112,2.4579677109133997,2.4024896265560165,6.0,21.062,0.0
260,4017.3245803360705,49.00821981246144,0.6985018726591761,0.2979868913857678,0.0007022471910112359,0,11.395379108323933,0.8621338002736264,0.7443992280840998,4272,20,19.165778616560335,1.9060265648118564,2.23156836461126,5.0,11.772,0.0
261,6764.4496809886205,75.61179947541142,0.7289269051321928,0.26796267496111975,0.00046656298600311044,0,18.551513735186905,0.8644094053226055,0.7649437837664382,6430,29,17.859738366849207,2.3478899446467096,2.251120119479411,5.0,16.752,0.0
262,4092.8202941209975,68.27095214298737,0.6226525821596244,0.3738262910798122,0.0,0,12.707612620735521,0.8637117090547599,0.6458219982323765,6816,31,20.506782783221524,2.0204824804535226,2.0725730442978323,4.0,20.858,0.0
263,2236.6051957418017,37.611951461442715,0.6182112942447987,0.37908673331532017,0.0,0,12.629018307913862,0.8617488472770576,0.67520766237561,3701,17,19.34799701628655,1.715133876709358,2.1267482517482517,6.0,11.374,0.0
264,7129.611629539939,72.67186319233863,0.7650225772837791,0.2327196943383119,0.0006946856547412296,0,19.420256863851005,0.8643859172164325,0.8285849052476557,5758,26,18.099528603607883,2.3802177583892745,2.3037457434733257,6.0,13.665,0.0
265,4708.973047653079,67.31646268180602,0.6532040069963428,0.34329782159325806,0.0001590077913817777,0,12.403488827448841,0.8839867633420968,0.6850494210577824,6289,28,17.32705883447441,2.215581668968416,2.220058422590068,4.0,18.631,0.0
266,6443.702966580666,66.62227579431234,0.7554277231397291,0.24215995546483576,0.00018556318426424197,0,12.36426206593588,0.8588607254137925,0.8326706612089413,5389,25,16.566229231053764,2.534584610468553,2.66298206828789,6.0,14.527,0.0
267,3546.428384218781,55.26501421801615,0.6357677902621723,0.36217228464419476,0.0,0,11.973295559410722,0.8836966547254403,0.6758690490359263,5340,24,18.04854427986492,1.8905884777430533,2.157584683357879,4.0,16.259,0.0
268,3199.7055586540546,67.140696918782,0.5842839036755386,0.4117729897197578,0.0001408252358822701,0,13.859964312776773,0.8675594976982568,0.6169523954953605,7101,32,17.256683714371448,2.0371755006436603,2.0633887683779224,4.0,23.021,0.0
269,4972.278311738265,57.398256859393776,0.7207354443309499,0.27681307456588355,0.0,0,11.527195383298071,0.8700115761240145,0.756708219961424,4895,22,17.242912602551606,1.8479494254637827,2.0572562358276643,4.0,12.301,0.0
270,7069.659141979172,65.9152314891249,0.8173562058526741,0.18082744702320888,0.0,0,13.68153983459737,0.8632178941999067,0.8515045360974574,4955,22,17.22175949895908,2.1084620422401086,2.2646913580246912,5.0,10.533,0.0
271,4166.324201322346,68.7892976874063,0.6206946876824285,0.37463514302393464,0.0010215995329830706,0,16.320544109111598,0.8631350980078207,0.6670507990821637,6852,31,17.54171920792752,2.1569343163936767,2.169527392428874,5.0,21.136,0.0
272,6570.873628305559,78.42259605040468,0.7029428904428905,0.2932692307692308,0.0,0,11.247166590054174,0.8709023009229422,0.7507367386078229,6864,31,15.472754078827366,2.4359705680595405,2.456373056994819,5.0,19.752,0.0
273,8123.882516076685,75.9831320264914,0.8095320623916811,0.1854419410745234,0.0022530329289428075,0,14.872527459038434,0.862021131227904,0.8615263163572792,5770,26,17.71698249602939,2.5053243762803774,2.3904945407835583,6.0,12.909,0.0
274,3661.012137191399,47.17877693260553,0.6798954372623575,0.31677756653992395,0.0002376425855513308,0,14.853653965875015,0.8770858022493233,0.7417515537341743,4208,19,17.709176200120396,1.8673100302746781,2.1569381335197484,5.0,11.788,0.0
275,6513.07404678872,59.67800388588743,0.8221423759263418,0.17583651470918482,0.0006737031214911295,0,19.136047368344116,0.8540974785171186,0.8919660367840121,4453,20,17.041405386716658,2.302956292658036,2.4736410816716745,6.0,9.79,0.0
276,5934.195424727207,72.54429530180396,0.6849976631874124,0.3111076491665368,0.0014020875525782833,0,13.958730718847093,0.8630876810241653,0.792643341592681,6419,29,17.27558360024329,2.80979405535089,2.802592676825108,7.0,19.738,0.0
277,5218.196225892631,58.97631471849796,0.7164298579147489,0.28116870122073245,0.00020012007204322593,0,10.531992996004577,0.860611321396979,0.7992683248653017,4997,23,19.01715267550789,2.5333078307911747,2.755586592178771,7.0,14.697,0.0
278,3868.2469192318435,49.33978760055349,0.6837881219903692,0.3146067415730337,0.0,0,16.280489220849052,0.8582285652903043,0.7533471772380228,4361,20,16.924546611640167,1.8492324330157963,2.084507042253521,5.0,11.941,0.0
279,7029.593431899241,65.40466070980604,0.8110125050423558,0.18576038725292457,0.0024203307785397336,0,14.36478588323676,0.8685239154557061,0.8865363577939894,4958,23,17.884826401619424,2.4100339801227055,2.578463068888336,6.0,11.565,0.0
280,3066.8649753580867,66.04232834525789,0.5790153581168365,0.4176833644323238,0.0005741352088416823,0,14.971181858188508,0.8560698450380783,0.6282580130334262,6967,32,19.920315911995843,2.1377067259741453,2.093455627169063,4.0,22.941,0.0
281,4238.947366292148,50.43266321579989,0.705936282374513,0.2917717167086867,0.0,0,14.4361898188958,0.8750034333121022,0.7769427869269457,4363,20,16.180918885964942,1.9622488100278033,2.1324675324675324,5.0,11.3,0.0
282,3796.942196251927,42.2843054802464,0.7285954113038612,0.26832680470061554,0.0002797985450475658,0,13.361929451813378,0.8700174414537015,0.7834911805580553,3574,16,16.650972924985247,1.9287043141014073,2.3874807987711213,6.0,9.667,0.0
283,2072.3990702095384,43.56977899816469,0.5850577216292747,0.4123284687431932,0.00021781746896101068,0,11.848662564727865,0.8669430564264397,0.6176461591882458,4591,21,17.593680386301905,1.7136878552783212,1.9657483246463143,4.0,14.667,0.0
284,6527.9117564567305,74.86510522750135,0.7184076531399476,0.2791235920382657,0.0006171887054466903,0,10.582990373719074,0.8885069392030522,0.7558238920963817,6481,30,17.821911393316523,2.4755280969738673,2.455111683848797,5.0,17.919,0.0
285,4455.4482496838145,60.25424374473621,0.6673858324343761,0.32991729593671343,0.00017979144192736425,0,12.219464976935807,0.8711489887032007,0.7121679463336187,5562,25,17.632988230458217,2.061594550234566,2.244342672413793,5.0,16.005,0.0
286,4331.970895926631,49.55910262150267,0.7215639810426541,0.27488151658767773,0.00047393364928909954,0,13.158414544686092,0.9003764198380895,0.7560269456886195,4220,19,16.90454545923272,1.9107957204675483,2.1090311986863712,4.0,10.806,0.0
287,7753.701555672531,78.74482136056942,0.7635475740390675,0.23330182734719596,0.0004725897920604915,0,8.085512000572422,0.8727784854685913,0.8102545776635007,6348,29,16.492528184250727,2.7925258719929804,2.8227769754487313,6.0,17.561,0.0
288,6291.042884406203,58.75883920875151,0.8149146451033243,0.18328840970350405,0.0,0,12.720408019399859,0.9168287160582825,0.8520607398597335,4452,20,19.006862630088474,2.221487841989228,2.362734288864388,5.0,9.731,0.0
289,6403.92154041053,63.48456856360119,0.7779761904761905,0.21924603174603174,0.0003968253968253968,0,8.486479348110603,0.8964726462381971,0.8221550454799281,5040,23,16.630895733155533,2.4463557225439905,2.572047946952308,5.0,12.633,0.0
290,5493.410278851804,51.9483692125796,0.8118062563067608,0.18541876892028256,0.0,0,13.3367979761622,0.8991186076741636,0.8265404645800156,3964,18,18.464126462020346,1.6538093772807083,1.8685518955873213,4.0,7.424,0.0
291,5416.192475398402,73.58922556960013,0.6647058823529411,0.33073529411764707,0.000588235294117647,0,13.250650028823925,0.8919998904767901,0.6885573971071882,6800,31,16.510763620549504,2.2932691020979856,2.241371681415929,5.0,19.623,0.0
292,7301.452514172863,62.55502980562818,0.8729693140794224,0.1263537906137184,0.0,0,11.970027670185297,0.8751983178167172,0.9100170255718262,4432,20,17.235024348253795,2.0192067782164544,2.136727836650297,4.0,7.782,0.0
293,6003.427304771657,52.372007111515366,0.8636726016476216,0.13499867127292053,0.0,0,18.18918798813813,0.8715873611899725,0.8884170140232951,3763,17,16.906692387903263,1.6412476668964322,1.7286153846153847,3.0,5.446,0.0
294,4301.164566556538,51.396190833217034,0.7071898389657518,0.29144930823315945,0.0,0,15.745009446387076,0.8681849670188241,0.7592183132775412,4409,20,20.788239181202727,1.8878374959694981,2.0798588838999357,5.0,11.226,0.0
295,7657.660433872551,80.95303971744013,0.7436012572968118,0.2523574315222272,0.001047747343212094,0,11.61764843320828,0.8576027273495789,0.8130313423841042,6681,30,16.86508128078501,2.782512030106299,2.6892109500805152,6.0,18.342,0.0
296,6130.146641911587,53.59447763397022,0.8524504692387904,0.1454640250260688,0.0007820646506777894,0,11.393096457849072,0.8545283012578275,0.9298546655022053,3836,18,15.684654586565227,2.2836442996696977,2.5596330275229358,6.0,8.022,0.0
297,6062.02995818119,57.844238572001665,0.804521580269468,0.19342315597168303,0.00022836263987211693,0,17.761059962556658,0.8468623524120715,0.8533941382904315,4379,20,15.491239282106443,2.040261027780832,2.1538461538461537,5.0,9.231,0.0
298,6298.8586474408985,65.34053957475166,0.7491900133409567,0.24680769963788832,0.0020964360587002098,0,12.929584514320801,0.8612920555671316,0.8566256692608194,5247,24,18.807220088542437,2.7416175394498183,2.934367845331977,7.0,14.989,0.0
299,6168.933622345002,77.56611412978117,0.6817597486073418,0.3139551492643908,0.001285530638480217,0,13.455993730319268,0.8489078337035727,0.7425680159845617,7001,32,17.88643243583381,2.651372374658073,2.6113555415881,6.0,21.227,0.0
300,5770.480568455974,58.922361915705785,0.7553865652724968,0.23616392057456695,0.0033798056611744824,0,13.123451017532602,0.8591098351554552,0.8637231580111846,4734,21,16.66604277621687,2.480246060717362,2.795302013422819,7.0,12.725,0.0
301,5561.517593104426,59.82149524287814,0.7374922791846819,0.2534486308420836,0.005353098620547663,0,15.694744053378763,0.8643549258610309,0.8253820369105074,4857,22,17.311990365331525,2.5057512779629096,2.684812953657175,7.0,13.338,0.0
302,6543.34367484973,57.66192712163184,0.8493845039826213,0.14771904417089066,0.0002413709872073377,0,17.519359690896387,0.8500735413900978,0.9155872829203082,4143,19,16.688391536731253,2.238869569521538,2.3782324524012504,5.099999999999909,8.388,0.0
303,6665.196672726284,61.88268569234853,0.8105012964563526,0.18474503025064823,0.0025929127052722557,0,13.800983597327733,0.8475266747549814,0.8949615624235703,4628,21,15.056878386133118,2.526507927988417,2.711543588376433,7.0,11.186,0.0
304,1291.9993144083971,37.133936623395606,0.543906592070056,0.4502554123084408,0.0009729992702505473,0,12.437006487638321,0.8541034276716105,0.6161945578464184,4111,19,17.695633238621888,2.029580776126033,2.217352415026834,6.0,14.477,0.0
305,5864.729307348943,68.43391143458003,0.7049403747870528,0.2914821124361158,0.0010221465076660989,0,13.709546727743358,0.8556718063387082,0.7982848143169823,5870,27,17.33951879464622,2.6759058717239026,2.586998550024166,7.0,16.9,0.0
306,6737.388390781581,59.8250830925161,0.8381581946660588,0.1586505584682015,0.0,0,10.18282320835345,0.8354477596241121,0.9182276274234109,4387,20,17.028807095443828,2.4490978068032834,2.7060103345118303,6.0,10.285,0.0
307,6878.607819138505,75.92636515602766,0.724792222047985,0.27034655794260626,0.0015681354869060686,0,11.864449338689315,0.8535747500942958,0.7969592571566636,6377,29,17.104127226438983,2.790148754216436,2.786023366508005,6.0,18.591,0.0
308,4807.5674187179075,68.77282501668229,0.6457081214362768,0.34858992140545536,0.002003390352904916,0,14.413034092111177,0.8730156555874888,0.7225477011719921,6489,30,18.20272101861071,2.628458541800379,2.6589498806682577,7.0,20.609,0.0
309,7460.061291990531,74.51027240064543,0.7692953020134228,0.22751677852348992,0.002181208053691275,0,15.976160775720903,0.8647112772928949,0.8475621419224473,5960,27,19.13752347879098,2.686270678242121,2.6381679389312978,7.0,15.495,0.0
310,5944.836652665599,73.79164317929987,0.6903245374582955,0.3040643008795875,0.0016681831968456172,0,18.359713018155674,0.8667055156045994,0.7289036281626716,6594,30,14.492471749564354,2.412798288533972,2.2480228471001755,4.0,18.384,0.0
311,4569.527102098671,59.93321682829466,0.6676395476103612,0.3278000729660708,0.0012769062385990515,0,9.76466063307253,0.8584708649563554,0.738436311663761,5482,25,17.066093695522635,2.497138624889986,2.6150273224043716,6.0,17.047,0.0
312,4577.931557272382,51.57771101523798,0.7245879120879121,0.27197802197802196,0.0004578754578754579,0,12.308966614373102,0.8627483742075379,0.7692114720918337,4368,20,16.035875764642036,2.1247915503768833,2.2805687203791467,5.0,11.464,0.0
313,4303.258009358771,57.40828226087588,0.6694576593720266,0.32787821122740246,0.0,0,15.702564533838183,0.8854092732644481,0.7098070887857838,5255,24,17.425464707459554,2.099742995103212,2.3041500852757246,5.0,15.343,0.0
314,5125.863761204476,63.82835122668982,0.6885159010600707,0.30724381625441693,0.0012367491166077739,0,12.969055860804286,0.8681745143341993,0.7291174379356176,5660,26,18.195645218335976,2.3354349530124336,2.4508596356171415,5.0,16.368,0.0
315,6612.439416633025,80.29512508145544,0.6910854893138357,0.3042744656917885,0.001265466816647919,0,9.695931065387898,0.8584515513111979,0.748642730113326,7112,32,16.612695614060073,2.810701551564844,2.832146490335707,6.0,22.088,0.0
316,5774.733498315505,62.20483778371938,0.7430059810920316,0.2544858190237314,0.0005788153579008296,0,11.905621889769467,0.8721700675138758,0.7931188526688902,5183,24,12.521414483047163,2.1927645353576053,2.391846273695144,5.0,13.377,0.0
317,4981.219308869653,47.093134232906884,0.8140789100198694,0.1842179960261141,0.0,0,13.020846097455667,0.8610038181691045,0.8633084806498452,3523,16,19.63333584602686,1.6550045875488903,1.959205020920502,4.0,6.834,0.0
318,4988.554798270916,72.76023347680072,0.6431146359048305,0.3544340302811824,0.00028839221341023794,0,13.309274375433041,0.8655207139463059,0.7136761087250171,6935,31,16.663385306288582,2.5187941483581446,2.493946188340807,6.0,22.035,0.0
319,6224.958721553072,70.58259745944704,0.7163357250125146,0.27882529617887536,0.0015017520440513933,0,10.717769989765237,0.869688478131692,0.7892768150708217,5993,27,16.956311535539733,2.662648280370177,2.715117633356627,6.0,17.328,0.0
320,4673.259928197886,64.93203257315683,0.6534522629666336,0.34142715559960357,0.0009910802775024777,0,10.008535854560582,0.8638212934627764,0.7148917259711579,6054,28,15.944086773943978,2.5581977883828557,2.5497977755308394,6.0,18.78,0.0
321,3814.473885721652,45.707058638673104,0.6983565107458912,0.2973451327433628,0.0005056890012642225,0,8.990883160291213,0.8638680946994362,0.772521470356634,3955,18,18.21928020567529,2.239098386032117,2.702027516292542,6.0,11.821,0.0
322,5549.799528040502,74.32835512755591,0.6679847685998829,0.328207381370826,0.00029291154071470416,0,12.175356926304461,0.8679584143430905,0.7009333038814722,6828,31,18.16303945802087,2.3358057176587677,2.336987502740627,5.0,20.298,0.0
323,5137.721243765228,74.71545227970564,0.6479649519502544,0.34934991520633124,0.0007066139061616733,0,13.873173487434487,0.8832098842829411,0.6994856202635151,7076,32,16.626186752012195,2.422756640327989,2.300981461286805,5.0,21.594,0.0
324,6613.50728724326,74.87947376125918,0.7157796160449509,0.2786015295770251,0.0024972686124551274,0,9.357914473967709,0.8541782512062238,0.7796057683499501,6407,29,18.884180611827638,2.638301502082431,2.7187091146969036,6.0,18.663,0.0
325,5145.117704006691,73.39765730258759,0.6523580084683895,0.34442984377281355,0.0001460067163089502,0,16.07797021338442,0.8631939913325433,0.6937312200825881,6849,31,15.713974194811199,2.3054093725127642,2.2217994628469113,5.0,20.572,0.0
326,5318.72410117651,63.49516205720754,0.6993642143505904,0.29682107175295186,0.0007266121707538601,0,12.20553179950862,0.8553414275735615,0.7572628378958127,5505,25,16.552275694167875,2.4343412938380835,2.6293506493506493,6.0,16.149,0.0
327,5618.307184880622,70.59655439896075,0.6841523147416654,0.3118976141570548,0.0004740085321535788,0,13.252007019100791,0.8682162990987391,0.7476277033655576,6329,29,17.02512786666241,2.3975152946511624,2.453810623556582,6.0,18.535,0.0
328,2142.6104531219507,36.946347314599514,0.608193566125928,0.3871322518559252,0.0010998075336816058,0,7.477156932947109,0.8628796163960408,0.6792752114384821,3637,17,17.643803584485617,2.0417905648834602,2.7459312839059673,7.0,12.753,0.0
329,3070.480977858251,55.58389546783385,0.6020096895747353,0.3944015790418087,0.0008971828458639871,0,11.124085502744679,0.8496164726220502,0.662109953860812,5573,25,18.17793014905814,2.224064399927525,2.4769001490312967,5.0,18.755,0.0
330,6198.170064658898,71.5526018411193,0.7058632977000324,0.29122125040492386,0.0011337868480725624,0,15.115715817344581,0.8484451437346398,0.7922821100437495,6174,28,18.090607328123845,2.666453603404711,2.7884350619550253,7.0,18.428,0.0
331,6423.878984192979,78.57311076996997,0.6900802752293578,0.30518922018348627,0.0021502293577981653,0,11.04664935910252,0.8484639207880236,0.7619589771720661,6976,32,17.781362798734868,2.7751935996955424,2.7503115911923555,7.0,21.451,0.0
332,4702.244552224295,52.20802314717265,0.7332115121059845,0.2645043398812243,0.0,0,12.574641862707365,0.8687081384468297,0.7782235556787216,4378,20,17.952755181343342,1.873524721491263,2.1021806853582556,4.0,10.752,0.0
333,7540.812291877113,78.72771023761243,0.7506643739252775,0.2448022510551821,0.001719556041894638,0,16.691368888723865,0.8667405229144726,0.8328511453000018,6397,29,17.00851558330313,2.6234840382295364,2.5235318617242815,7.0,16.451,0.0
334,4913.038442058487,53.96905134292277,0.7374744955792337,0.260485150759465,0.0004534119247336205,0,15.714143853536369,0.8671091996992277,0.7985235860051784,4411,20,18.56289482119435,2.018732583477486,2.114970796188134,4.0,10.833,0.0
335,7697.5816903462355,73.84307868084365,0.795366112486735,0.20286522815705696,0.0,0,12.445961761901819,0.8537613934323316,0.8632866911497308,5654,26,17.91181090912025,2.5503499298087693,2.6239715365799423,6.0,13.997,0.0
336,4597.534968846177,54.958473655179425,0.7016179869720529,0.29459970582055056,0.0010506408909434755,0,16.22404063650264,0.8587658229013856,0.7695827470446808,4759,22,19.243319876485,2.1865069724355,2.437855645402815,6.0,13.576,0.0
337,7600.159619411308,70.37255453491615,0.811599625818522,0.18540692235734332,0.0005612722170252573,0,13.472419324531923,0.8594914667267313,0.8777151903848595,5345,24,16.734868203466938,2.574949602113629,2.7007837713231906,6.0,12.889,0.0
338,4176.4425312148605,47.69825176157258,0.7184634448574969,0.2770755885997522,0.001486988847583643,0,18.387075117286763,0.8493693604932415,0.7852213280821118,4035,18,17.62036083572507,2.050046049384283,2.4246291824767163,7.0,11.147,0.0
339,5378.3267243930695,64.75306425728091,0.6995428973277075,0.29781997187060477,0.00035161744022503517,0,19.721280508357612,0.8510142946783059,0.7575644306169134,5688,26,16.063467335891207,2.305552591004693,2.386277959286253,6.0,16.087,0.0
