K,phase,sched,seed,reward,goodput_mbps,deadline_miss_rate,mu_depth
8,test,SUS+CQI@0.80,30060,4846.8,44.14,0.1706,2.791
8,test,SUS+PF,30060,4855.4,44.18,0.17,2.786
8,test,SUS+Random,30060,4850.2,44.09,0.1712,2.891
8,test,SU+CQI,30060,4495.1,42.7,0.1977,1.0
8,test,SU+PF,30060,4541.9,42.86,0.195,1.0
8,test,SU+Random,30060,4295.4,41.41,0.2194,1.0
8,test,PPO,30060,4835.1,44.05,0.1721,2.432
8,test,SUS+CQI@0.80,30061,5353.8,40.38,0.0122,2.542
8,test,SUS+PF,30061,5356.6,40.39,0.0118,2.537
8,test,SUS+Random,30061,5340.2,40.32,0.0138,2.609
8,test,SU+CQI,30061,5243.4,39.84,0.0248,1.0
8,test,SU+PF,30061,5240.0,39.86,0.0248,1.0
8,test,SU+Random,30061,5182.0,39.52,0.0318,1.0
8,test,PPO,30061,5352.3,40.35,0.0122,2.22
8,test,SUS+CQI@0.80,30062,6420.4,51.97,0.1002,2.911
8,test,SUS+PF,30062,6486.0,52.22,0.0963,2.912
8,test,SUS+Random,30062,6222.9,50.97,0.1164,3.045
8,test,SU+CQI,30062,5898.9,49.96,0.1354,1.0
8,test,SU+PF,30062,5999.8,50.3,0.1296,1.0
8,test,SU+Random,30062,5071.7,45.94,0.2015,1.0
8,test,PPO,30062,6489.8,52.23,0.093,2.769
8,test,SUS+CQI@0.80,30063,2219.2,21.01,0.2023,1.984
8,test,SUS+PF,30063,2206.9,20.96,0.2047,1.988
8,test,SUS+Random,30063,2206.9,20.97,0.2047,2.059
8,test,SU+CQI,30063,2213.9,21.04,0.1993,1.0
8,test,SU+PF,30063,2188.3,20.93,0.2035,1.0
8,test,SU+Random,30063,2181.5,20.85,0.2071,1.0
8,test,PPO,30063,2239.8,21.14,0.1969,1.597
8,test,SUS+CQI@0.80,30064,4485.0,36.0,0.093,2.229
8,test,SUS+PF,30064,4494.2,36.05,0.0922,2.233
8,test,SUS+Random,30064,4476.2,35.91,0.0942,2.3
8,test,SU+CQI,30064,4410.5,35.77,0.1001,1.0
8,test,SU+PF,30064,4429.4,35.85,0.0981,1.0
8,test,SU+Random,30064,4354.8,35.3,0.1092,1.0
8,test,PPO,30064,4496.4,36.07,0.0911,1.991
8,test,SUS+CQI@0.80,30065,2958.3,28.93,0.217,2.317
8,test,SUS+PF,30065,2949.8,28.87,0.2183,2.334
8,test,SUS+Random,30065,2948.3,28.8,0.2191,2.42
8,test,SU+CQI,30065,2964.1,28.99,0.2166,1.0
8,test,SU+PF,30065,2898.7,28.66,0.223,1.0
8,test,SU+Random,30065,2902.9,28.54,0.2243,1.0
8,test,PPO,30065,3015.7,29.16,0.2127,1.733
8,test,SUS+CQI@0.80,30066,2581.3,19.41,0.0041,1.705
8,test,SUS+PF,30066,2580.2,19.39,0.0041,1.707
8,test,SUS+Random,30066,2578.3,19.37,0.0049,1.775
8,test,SU+CQI,30066,2584.5,19.43,0.0033,1.0
8,test,SU+PF,30066,2582.4,19.41,0.0033,1.0
8,test,SU+Random,30066,2584.1,19.41,0.0033,1.0
8,test,PPO,30066,2580.4,19.39,0.0041,1.462
8,test,SUS+CQI@0.80,30067,3955.7,36.25,0.189,2.662
8,test,SUS+PF,30067,3943.6,36.16,0.1901,2.66
8,test,SUS+Random,30067,3840.7,35.64,0.2004,2.813
8,test,SU+CQI,30067,4155.2,37.33,0.1673,1.0
8,test,SU+PF,30067,4004.6,36.49,0.1826,1.0
8,test,SU+Random,30067,3443.6,33.8,0.2404,1.0
8,test,PPO,30067,4188.7,37.37,0.1637,2.049
8,test,SUS+CQI@0.80,30068,2720.0,32.32,0.3098,2.997
8,test,SUS+PF,30068,2646.6,32.02,0.3166,2.989
8,test,SUS+Random,30068,2686.8,32.15,0.3132,3.089
8,test,SU+CQI,30068,3018.0,33.73,0.2823,1.0
8,test,SU+PF,30068,2809.9,32.74,0.3013,1.0
8,test,SU+Random,30068,2534.6,31.3,0.3289,1.0
8,test,PPO,30068,3068.7,33.78,0.2755,1.855
8,test,SUS+CQI@0.80,30069,3149.6,27.22,0.1227,2.065
8,test,SUS+PF,30069,3148.2,27.2,0.1227,2.083
8,test,SUS+Random,30069,3152.0,27.21,0.1217,2.102
8,test,SU+CQI,30069,3149.3,27.24,0.1237,1.0
8,test,SU+PF,30069,3131.5,27.11,0.1268,1.0
8,test,SU+Random,30069,3134.8,27.11,0.1237,1.0
8,test,PPO,30069,3151.5,27.24,0.1227,1.704
8,test,SUS+CQI@0.80,30070,3930.7,42.97,0.2771,3.133
8,test,SUS+PF,30070,3771.3,42.24,0.2896,3.188
8,test,SUS+Random,30070,3693.2,41.84,0.2941,3.256
8,test,SU+CQI,30070,4126.2,43.98,0.2615,1.0
8,test,SU+PF,30070,3798.6,42.53,0.2864,1.0
8,test,SU+Random,30070,3144.1,39.3,0.3352,1.0
8,test,PPO,30070,4452.4,45.13,0.2381,2.17
8,test,SUS+CQI@0.80,30071,403.4,28.66,0.4869,1.873
8,test,SUS+PF,30071,403.7,28.66,0.4866,1.896
8,test,SUS+Random,30071,403.4,28.66,0.4866,1.891
8,test,SU+CQI,30071,402.7,28.66,0.4872,1.0
8,test,SU+PF,30071,404.3,28.66,0.4869,1.0
8,test,SU+Random,30071,403.6,28.66,0.4869,1.0
8,test,PPO,30071,403.8,28.66,0.4869,2.052
8,test,SUS+CQI@0.80,30072,1482.6,24.28,0.3633,1.918
8,test,SUS+PF,30072,1488.4,24.3,0.3616,1.936
8,test,SUS+Random,30072,1492.7,24.33,0.362,1.938
8,test,SU+CQI,30072,1470.3,24.27,0.3645,1.0
8,test,SU+PF,30072,1466.1,24.19,0.3633,1.0
8,test,SU+Random,30072,1479.1,24.25,0.3637,1.0
8,test,PPO,30072,1483.9,24.3,0.3628,1.699
8,test,SUS+CQI@0.80,30073,5315.5,48.82,0.1783,2.981
8,test,SUS+PF,30073,5337.0,48.86,0.1769,2.982
8,test,SUS+Random,30073,5242.3,48.46,0.1847,3.11
8,test,SU+CQI,30073,4867.4,47.02,0.2087,1.0
8,test,SU+PF,30073,4978.1,47.45,0.2015,1.0
8,test,SU+Random,30073,4377.1,44.49,0.2484,1.0
8,test,PPO,30073,5409.6,49.28,0.1707,2.608
8,test,SUS+CQI@0.80,30074,5910.2,46.24,0.0604,2.843
8,test,SUS+PF,30074,5917.5,46.28,0.06,2.84
8,test,SUS+Random,30074,5884.7,46.09,0.0639,2.939
8,test,SU+CQI,30074,5528.1,44.75,0.0922,1.0
8,test,SU+PF,30074,5540.7,44.68,0.0922,1.0
8,test,SU+Random,30074,5193.0,42.81,0.1259,1.0
8,test,PPO,30074,5936.1,46.32,0.0584,2.431
8,test,SUS+CQI@0.80,30075,2667.9,28.05,0.2653,3.125
8,test,SUS+PF,30075,2625.0,27.83,0.272,3.134
8,test,SUS+Random,30075,2557.4,27.48,0.279,3.233
8,test,SU+CQI,30075,3099.1,30.14,0.2164,1.0
8,test,SU+PF,30075,3004.8,29.47,0.2309,1.0
8,test,SU+Random,30075,2448.4,26.85,0.2927,1.0
8,test,PPO,30075,3112.1,30.02,0.2152,1.797
8,test,SUS+CQI@0.80,30076,3690.0,38.67,0.2557,3.164
8,test,SUS+PF,30076,3572.2,38.1,0.2661,3.189
8,test,SUS+Random,30076,3441.8,37.55,0.2771,3.286
8,test,SU+CQI,30076,3863.1,39.59,0.2401,1.0
8,test,SU+PF,30076,3755.3,38.9,0.2505,1.0
8,test,SU+Random,30076,2812.6,34.56,0.3307,1.0
8,test,PPO,30076,3948.3,39.85,0.2334,2.002
8,test,SUS+CQI@0.80,30077,4154.2,31.4,0.0097,2.373
8,test,SUS+PF,30077,4151.4,31.39,0.0102,2.376
8,test,SUS+Random,30077,4151.7,31.37,0.0107,2.434
8,test,SU+CQI,30077,4095.1,31.14,0.0183,1.0
8,test,SU+PF,30077,4103.8,31.15,0.0173,1.0
8,test,SU+Random,30077,4119.9,31.21,0.0163,1.0
8,test,PPO,30077,4159.6,31.43,0.0092,1.872
8,test,SUS+CQI@0.80,30078,3236.5,26.66,0.1069,2.341
8,test,SUS+PF,30078,3236.8,26.67,0.1069,2.339
8,test,SUS+Random,30078,3246.4,26.68,0.1074,2.426
8,test,SU+CQI,30078,3215.9,26.63,0.1101,1.0
8,test,SU+PF,30078,3219.5,26.64,0.1096,1.0
8,test,SU+Random,30078,3206.9,26.46,0.1122,1.0
8,test,PPO,30078,3251.1,26.71,0.1053,1.74
8,test,SUS+CQI@0.80,30079,2096.4,32.34,0.3665,2.481
8,test,SUS+PF,30079,2084.3,32.27,0.3674,2.463
8,test,SUS+Random,30079,2077.9,32.23,0.3684,2.586
8,test,SU+CQI,30079,2103.5,32.42,0.365,1.0
8,test,SU+PF,30079,2103.1,32.41,0.3634,1.0
8,test,SU+Random,30079,1992.5,31.72,0.3774,1.0
8,test,PPO,30079,2196.8,32.74,0.3575,1.769
48,test,SUS+CQI@0.75,30060,-2794.7,143.12,0.5556,3.972
48,test,SUS+PF,30060,-23451.0,53.65,0.8195,4.0
48,test,SUS+Random,30060,-20603.9,63.88,0.7874,4.0
48,test,SU+CQI,30060,-15925.1,94.39,0.705,1.0
48,test,SU+PF,30060,-25428.9,50.38,0.832,1.0
48,test,SU+Random,30060,-28554.3,35.87,0.8728,1.0
48,test,PPO,30060,-2352.0,144.28,0.5477,3.925
48,test,SUS+CQI@0.75,30061,2367.0,125.87,0.4865,4.0
48,test,SUS+PF,30061,-11502.1,65.27,0.7202,4.0
48,test,SUS+Random,30061,-8514.6,76.52,0.6757,4.0
48,test,SU+CQI,30061,-6151.3,94.49,0.6134,1.0
48,test,SU+PF,30061,-14961.6,54.12,0.7667,1.0
48,test,SU+Random,30061,-17473.6,42.41,0.8098,1.0
48,test,PPO,30061,2904.7,128.47,0.4735,3.394
48,test,SUS+CQI@0.75,30062,-555.7,157.04,0.5279,4.0
48,test,SUS+PF,30062,-20235.5,69.36,0.7766,4.0
48,test,SUS+Random,30062,-19282.5,73.03,0.7664,4.0
48,test,SU+CQI,30062,-15551.6,100.93,0.6937,1.0
48,test,SU+PF,30062,-24600.9,57.63,0.8145,1.0
48,test,SU+Random,30062,-28170.2,41.79,0.8582,1.0
48,test,PPO,30062,72.2,159.36,0.5177,3.695
48,test,SUS+CQI@0.75,30063,5082.3,96.86,0.4052,3.987
48,test,SUS+PF,30063,-1091.1,68.82,0.5679,4.0
48,test,SUS+Random,30063,-1265.6,67.65,0.5742,4.0
48,test,SU+CQI,30063,1343.9,83.38,0.4892,1.0
48,test,SU+PF,30063,-4810.1,54.98,0.65,1.0
48,test,SU+Random,30063,-7843.7,40.85,0.7311,1.0
48,test,PPO,30063,5394.3,98.36,0.3911,2.86
48,test,SUS+CQI@0.75,30064,2909.1,125.91,0.475,3.987
48,test,SUS+PF,30064,-10167.6,68.11,0.702,4.0
48,test,SUS+Random,30064,-7299.3,79.59,0.6563,4.0
48,test,SU+CQI,30064,-5563.7,94.44,0.6054,1.0
48,test,SU+PF,30064,-14037.9,55.14,0.756,1.0
48,test,SU+Random,30064,-16504.4,43.29,0.7999,1.0
48,test,PPO,30064,3247.4,127.61,0.4654,3.253
48,test,SUS+CQI@0.75,30065,2999.0,116.51,0.4708,3.989
48,test,SUS+PF,30065,-6336.8,74.49,0.6494,3.999
48,test,SUS+Random,30065,-5401.2,77.65,0.6353,4.0
48,test,SU+CQI,30065,-4764.9,87.61,0.6004,1.0
48,test,SU+PF,30065,-11361.9,56.08,0.7306,1.0
48,test,SU+Random,30065,-14541.9,41.16,0.7932,1.0
48,test,PPO,30065,3297.8,118.14,0.4604,3.122
48,test,SUS+CQI@0.75,30066,5585.6,76.55,0.3468,3.98
48,test,SUS+PF,30066,3273.6,65.82,0.4342,3.998
48,test,SUS+Random,30066,1865.8,59.44,0.4869,3.999
48,test,SU+CQI,30066,3823.8,70.94,0.3971,1.0
48,test,SU+PF,30066,826.5,56.3,0.5126,1.0
48,test,SU+Random,30066,-2741.0,39.82,0.6429,1.0
48,test,PPO,30066,6017.3,78.41,0.3203,2.79
48,test,SUS+CQI@0.75,30067,2439.1,138.92,0.4877,4.0
48,test,SUS+PF,30067,-13973.3,67.78,0.7396,4.0
48,test,SUS+Random,30067,-10403.7,80.96,0.6896,4.0
48,test,SU+CQI,30067,-8274.6,98.68,0.6345,1.0
48,test,SU+PF,30067,-18006.7,54.72,0.7876,1.0
48,test,SU+Random,30067,-20565.2,42.32,0.8277,1.0
48,test,PPO,30067,3012.6,141.85,0.4755,3.303
48,test,SUS+CQI@0.75,30068,2663.7,142.21,0.4837,4.0
48,test,SUS+PF,30068,-12575.2,75.44,0.7145,4.0
48,test,SUS+Random,30068,-9717.8,85.82,0.6763,4.0
48,test,SU+CQI,30068,-9613.5,95.0,0.6512,1.0
48,test,SU+PF,30068,-17589.3,58.04,0.7758,1.0
48,test,SU+Random,30068,-20368.9,44.88,0.8197,1.0
48,test,PPO,30068,2934.4,143.46,0.4768,3.428
48,test,SUS+CQI@0.75,30069,4749.4,111.92,0.4311,3.999
48,test,SUS+PF,30069,-3501.4,75.0,0.6108,4.0
48,test,SUS+Random,30069,-3109.5,75.67,0.6042,4.0
48,test,SU+CQI,30069,-1349.3,89.53,0.5457,1.0
48,test,SU+PF,30069,-8391.0,56.67,0.7008,1.0
48,test,SU+Random,30069,-11794.9,40.85,0.7738,1.0
48,test,PPO,30069,4948.1,112.86,0.4218,3.048
48,test,SUS+CQI@0.75,30070,-2641.1,161.14,0.5482,4.0
48,test,SUS+PF,30070,-26093.4,62.25,0.8131,4.0
48,test,SUS+Random,30070,-21471.9,77.6,0.7695,4.0
48,test,SU+CQI,30070,-18956.6,99.4,0.7192,1.0
48,test,SU+PF,30070,-29446.3,52.6,0.8409,1.0
48,test,SU+Random,30070,-31885.2,39.58,0.8729,1.0
48,test,PPO,30070,-1675.1,164.19,0.5369,3.723
48,test,SUS+CQI@0.75,30071,-1072.3,154.02,0.5337,4.0
48,test,SUS+PF,30071,-21632.9,65.62,0.7892,4.0
48,test,SUS+Random,30071,-18064.8,77.83,0.7515,4.0
48,test,SU+CQI,30071,-15767.2,98.34,0.6993,1.0
48,test,SU+PF,30071,-25250.5,54.92,0.8235,1.0
48,test,SU+Random,30071,-27884.8,41.76,0.8572,1.0
48,test,PPO,30071,-226.1,157.34,0.5214,3.872
48,test,SUS+CQI@0.75,30072,3574.1,124.59,0.4609,4.0
48,test,SUS+PF,30072,-5969.9,82.04,0.6357,4.0
48,test,SUS+Random,30072,-4263.8,88.4,0.6086,4.0
48,test,SU+CQI,30072,-4789.6,92.73,0.5979,1.0
48,test,SU+PF,30072,-11488.8,61.37,0.7231,1.0
48,test,SU+Random,30072,-14558.0,47.16,0.7796,1.0
48,test,PPO,30072,3895.8,126.18,0.4523,3.1
48,test,SUS+CQI@0.75,30073,-3715.7,151.96,0.5618,4.0
48,test,SUS+PF,30073,-23753.3,64.25,0.8019,4.0
48,test,SUS+Random,30073,-21991.6,69.37,0.7863,4.0
48,test,SU+CQI,30073,-17488.9,100.56,0.7079,1.0
48,test,SU+PF,30073,-27676.4,53.25,0.8345,1.0
48,test,SU+Random,30073,-30835.5,38.38,0.8728,1.0
48,test,PPO,30073,-3376.9,152.07,0.5563,3.939
48,test,SUS+CQI@0.75,30074,-53.3,136.99,0.5238,4.0
48,test,SUS+PF,30074,-17102.4,62.07,0.7709,4.0
48,test,SUS+Random,30074,-15490.7,67.38,0.7517,4.0
48,test,SU+CQI,30074,-11786.8,93.69,0.6732,1.0
48,test,SU+PF,30074,-20582.9,52.06,0.8064,1.0
48,test,SU+Random,30074,-23923.2,36.48,0.8554,1.0
48,test,PPO,30074,540.1,138.68,0.5109,3.861
48,test,SUS+CQI@0.75,30075,3200.9,121.9,0.4701,4.0
48,test,SUS+PF,30075,-7938.0,72.45,0.6737,4.0
48,test,SUS+Random,30075,-5450.1,82.86,0.631,4.0
48,test,SU+CQI,30075,-3444.7,97.7,0.5751,1.0
48,test,SU+PF,30075,-12132.2,58.06,0.7357,1.0
48,test,SU+Random,30075,-15307.4,43.57,0.793,1.0
48,test,PPO,30075,3676.7,124.32,0.4562,2.983
48,test,SUS+CQI@0.75,30076,780.9,151.69,0.5129,4.0
48,test,SUS+PF,30076,-18571.1,68.39,0.7686,4.0
48,test,SUS+Random,30076,-15945.0,77.13,0.7399,4.0
48,test,SU+CQI,30076,-13031.1,99.44,0.6769,1.0
48,test,SU+PF,30076,-22402.7,57.17,0.8066,1.0
48,test,SU+Random,30076,-25948.2,40.1,0.8547,1.0
48,test,PPO,30076,1429.3,154.24,0.5012,3.634
48,test,SUS+CQI@0.75,30077,3221.2,100.08,0.4542,3.989
48,test,SUS+PF,30077,-557.3,83.27,0.5413,4.0
48,test,SUS+Random,30077,-374.2,83.61,0.5387,4.0
48,test,SU+CQI,30077,0.0,88.52,0.5173,1.0
48,test,SU+PF,30077,-5595.5,62.98,0.6471,1.0
48,test,SU+Random,30077,-8732.5,48.33,0.7188,1.0
48,test,PPO,30077,3740.1,102.61,0.4386,2.747
48,test,SUS+CQI@0.75,30078,3847.2,100.22,0.4424,4.0
48,test,SUS+PF,30078,-2722.9,70.08,0.5986,4.0
48,test,SUS+Random,30078,-2054.8,72.65,0.5851,4.0
48,test,SU+CQI,30078,186.7,87.1,0.515,1.0
48,test,SU+PF,30078,-6300.9,57.01,0.6699,1.0
48,test,SU+Random,30078,-9654.6,41.94,0.7481,1.0
48,test,PPO,30078,4510.8,103.21,0.4202,2.797
48,test,SUS+CQI@0.75,30079,-1826.6,139.07,0.5457,4.0
48,test,SUS+PF,30079,-19855.8,60.71,0.7891,4.0
48,test,SUS+Random,30079,-17556.4,67.89,0.7642,4.0
48,test,SU+CQI,30079,-14355.4,92.66,0.6952,1.0
48,test,SU+PF,30079,-23140.1,51.65,0.8191,1.0
48,test,SU+Random,30079,-26275.7,35.97,0.8648,1.0
48,test,PPO,30079,-1337.7,140.41,0.5356,3.939
60,test,SUS+CQI@0.80,30060,-6659.5,168.1,0.5832,4.0
60,test,SUS+PF,30060,-30090.5,64.1,0.8263,4.0
60,test,SUS+Random,30060,-28441.1,70.0,0.8127,4.0
60,test,SU+CQI,30060,-24727.6,100.67,0.7481,1.0
60,test,SU+PF,30060,-34399.0,54.54,0.8536,1.0
60,test,SU+Random,30060,-37519.1,39.3,0.887,1.0
60,test,PPO,30060,-6459.3,167.26,0.581,3.935
60,test,SUS+CQI@0.80,30061,-500.7,143.08,0.5294,4.0
60,test,SUS+PF,30061,-18840.7,61.73,0.7818,4.0
60,test,SUS+Random,30061,-17623.2,66.31,0.7678,4.0
60,test,SU+CQI,30061,-12999.9,97.03,0.6796,1.0
60,test,SU+PF,30061,-22404.0,52.48,0.8141,1.0
60,test,SU+Random,30061,-26094.8,36.29,0.8631,1.0
60,test,PPO,30061,-193.3,143.79,0.5216,3.756
60,test,SUS+CQI@0.80,30062,-4474.3,182.62,0.5608,4.0
60,test,SUS+PF,30062,-31467.8,65.99,0.8281,4.0
60,test,SUS+Random,30062,-28044.6,77.99,0.7996,4.0
60,test,SU+CQI,30062,-26123.8,101.02,0.7548,1.0
60,test,SU+PF,30062,-35263.3,57.49,0.8514,1.0
60,test,SU+Random,30062,-38673.3,41.69,0.8853,1.0
60,test,PPO,30062,-4104.0,183.13,0.5579,3.994
60,test,SUS+CQI@0.80,30063,4382.9,113.34,0.4435,3.991
60,test,SUS+PF,30063,-5479.1,66.9,0.6569,4.0
60,test,SUS+Random,30063,-7258.6,59.65,0.6927,4.0
60,test,SU+CQI,30063,-2997.6,86.44,0.5753,1.0
60,test,SU+PF,30063,-9989.7,50.84,0.7317,1.0
60,test,SU+Random,30063,-14017.3,34.29,0.8127,1.0
60,test,PPO,30063,4328.9,112.38,0.4373,3.529
60,test,SUS+CQI@0.80,30064,403.9,144.21,0.5173,3.968
60,test,SUS+PF,30064,-18100.1,62.95,0.7746,4.0
60,test,SUS+Random,30064,-14834.7,75.45,0.7339,4.0
60,test,SU+CQI,30064,-11697.5,99.52,0.6655,1.0
60,test,SU+PF,30064,-21556.3,54.21,0.8062,1.0
60,test,SU+Random,30064,-24282.0,41.31,0.8457,1.0
60,test,PPO,30064,667.7,144.95,0.5101,3.738
60,test,SUS+CQI@0.80,30065,1796.0,138.2,0.5001,4.0
60,test,SUS+PF,30065,-13674.0,68.44,0.737,4.0
60,test,SUS+Random,30065,-13321.6,70.25,0.733,4.0
60,test,SU+CQI,30065,-8704.9,100.2,0.6362,1.0
60,test,SU+PF,30065,-18073.1,55.87,0.7842,1.0
60,test,SU+Random,30065,-21678.4,39.63,0.8385,1.0
60,test,PPO,30065,2379.6,140.26,0.4856,3.747
60,test,SUS+CQI@0.80,30066,5857.2,91.14,0.3721,3.991
60,test,SUS+PF,30066,1259.9,70.31,0.5086,3.999
60,test,SUS+Random,30066,-263.5,62.77,0.5563,3.999
60,test,SU+CQI,30066,2679.4,79.74,0.4503,1.0
60,test,SU+PF,30066,-1990.0,57.42,0.5913,1.0
60,test,SU+Random,30066,-6319.0,38.19,0.7172,1.0
60,test,PPO,30066,6044.2,92.11,0.3578,2.907
60,test,SUS+CQI@0.80,30067,-3201.1,148.83,0.5585,4.0
60,test,SUS+PF,30067,-22061.2,65.27,0.7926,4.0
60,test,SUS+Random,30067,-20780.9,69.71,0.7794,4.0
60,test,SU+CQI,30067,-17468.9,95.03,0.7154,1.0
60,test,SU+PF,30067,-26001.9,54.32,0.8258,1.0
60,test,SU+Random,30067,-29553.2,38.52,0.8695,1.0
60,test,PPO,30067,-3323.1,147.38,0.5583,3.961
60,test,SUS+CQI@0.80,30068,-1305.0,159.59,0.5361,4.0
60,test,SUS+PF,30068,-21405.9,69.92,0.782,4.0
60,test,SUS+Random,30068,-18644.8,81.35,0.7514,4.0
60,test,SU+CQI,30068,-16981.9,101.13,0.7051,1.0
60,test,SU+PF,30068,-26211.7,56.91,0.8225,1.0
60,test,SU+Random,30068,-28962.2,43.46,0.8568,1.0
60,test,PPO,30068,-878.8,160.82,0.5281,3.874
60,test,SUS+CQI@0.80,30069,2911.8,127.44,0.4774,4.0
60,test,SUS+PF,30069,-10299.1,68.6,0.7067,4.0
60,test,SUS+Random,30069,-8431.0,75.76,0.6767,4.0
60,test,SU+CQI,30069,-6447.0,92.46,0.6198,1.0
60,test,SU+PF,30069,-14398.6,54.86,0.7616,1.0
60,test,SU+Random,30069,-17585.8,40.69,0.8158,1.0
60,test,PPO,30069,3230.4,129.04,0.4672,3.346
60,test,SUS+CQI@0.80,30070,-12121.5,166.88,0.6246,4.0
60,test,SUS+PF,30070,-36691.7,58.79,0.8536,4.0
60,test,SUS+Random,30070,-35779.6,60.88,0.8497,4.0
60,test,SU+CQI,30070,-30104.7,99.64,0.7727,1.0
60,test,SU+PF,30070,-39906.0,52.22,0.869,1.0
60,test,SU+Random,30070,-43216.2,37.58,0.9007,1.0
60,test,PPO,30070,-12487.5,162.94,0.629,3.999
60,test,SUS+CQI@0.80,30071,-6164.6,175.59,0.5775,4.0
60,test,SUS+PF,30071,-31726.9,64.18,0.8335,4.0
60,test,SUS+Random,30071,-29317.0,72.72,0.8133,4.0
60,test,SU+CQI,30071,-26077.3,101.03,0.7551,1.0
60,test,SU+PF,30071,-35539.0,55.28,0.8561,1.0
60,test,SU+Random,30071,-38720.8,40.85,0.887,1.0
60,test,PPO,30071,-5733.2,176.16,0.573,3.986
60,test,SUS+CQI@0.80,30072,-243.7,136.92,0.5276,4.0
60,test,SUS+PF,30072,-16032.7,66.41,0.7559,4.0
60,test,SUS+Random,30072,-14182.4,73.04,0.7335,4.0
60,test,SU+CQI,30072,-11707.9,94.72,0.6713,1.0
60,test,SU+PF,30072,-20013.8,55.21,0.7966,1.0
60,test,SU+Random,30072,-22819.3,41.66,0.8384,1.0
60,test,PPO,30072,-328.8,135.76,0.5239,3.853
60,test,SUS+CQI@0.80,30073,-10111.2,168.7,0.6096,4.0
60,test,SUS+PF,30073,-34432.8,61.27,0.8436,4.0
60,test,SUS+Random,30073,-32603.9,67.66,0.8297,4.0
60,test,SU+CQI,30073,-28646.4,99.46,0.7675,1.0
60,test,SU+PF,30073,-38107.7,53.23,0.8636,1.0
60,test,SU+Random,30073,-41186.4,39.18,0.8943,1.0
60,test,PPO,30073,-10458.4,165.07,0.6135,3.995
60,test,SUS+CQI@0.80,30074,-4679.2,152.86,0.573,4.0
60,test,SUS+PF,30074,-23988.1,65.65,0.8021,4.0
60,test,SUS+Random,30074,-23880.4,65.7,0.8029,4.0
60,test,SU+CQI,30074,-19363.7,99.04,0.7222,1.0
60,test,SU+PF,30074,-28500.3,53.89,0.8357,1.0
60,test,SU+Random,30074,-32191.8,37.65,0.8795,1.0
60,test,PPO,30074,-4413.3,152.81,0.5674,3.979
60,test,SUS+CQI@0.80,30075,322.8,137.95,0.5195,4.0
60,test,SUS+PF,30075,-15757.2,64.25,0.7604,4.0
60,test,SUS+Random,30075,-16432.8,62.25,0.7687,4.0
60,test,SU+CQI,30075,-11327.0,95.15,0.6668,1.0
60,test,SU+PF,30075,-19992.2,52.76,0.8014,1.0
60,test,SU+Random,30075,-24080.0,35.38,0.8591,1.0
60,test,PPO,30075,673.2,138.71,0.5092,3.885
60,test,SUS+CQI@0.80,30076,-6754.1,160.68,0.588,4.0
60,test,SUS+PF,30076,-28674.7,63.57,0.8237,4.0
60,test,SUS+Random,30076,-28240.6,64.53,0.8217,4.0
60,test,SU+CQI,30076,-23153.6,99.69,0.7429,1.0
60,test,SU+PF,30076,-32935.5,52.02,0.8533,1.0
60,test,SU+Random,30076,-36770.7,35.67,0.8928,1.0
60,test,PPO,30076,-6422.6,160.66,0.5833,3.97
60,test,SUS+CQI@0.80,30077,2488.3,118.31,0.4836,4.0
60,test,SUS+PF,30077,-9383.7,63.32,0.706,4.0
60,test,SUS+Random,30077,-10186.4,60.01,0.7218,4.0
60,test,SU+CQI,30077,-6246.1,86.45,0.6213,1.0
60,test,SU+PF,30077,-13508.9,50.45,0.7618,1.0
60,test,SU+Random,30077,-17099.3,34.69,0.8269,1.0
60,test,PPO,30077,2276.5,116.64,0.4813,3.764
60,test,SUS+CQI@0.80,30078,2271.7,115.9,0.4872,4.0
60,test,SUS+PF,30078,-9886.8,60.02,0.7201,4.0
60,test,SUS+Random,30078,-10078.0,59.04,0.7247,4.0
60,test,SU+CQI,30078,-5731.6,86.66,0.6164,1.0
60,test,SU+PF,30078,-13431.7,48.63,0.7687,1.0
60,test,SU+Random,30078,-16844.3,33.77,0.8303,1.0
60,test,PPO,30078,2536.1,116.23,0.4769,3.735
60,test,SUS+CQI@0.80,30079,-6755.3,158.56,0.5891,4.0
60,test,SUS+PF,30079,-28777.8,59.8,0.8287,4.0
60,test,SUS+Random,30079,-28357.1,60.81,0.827,4.0
60,test,SU+CQI,30079,-22854.7,98.4,0.7429,1.0
60,test,SU+PF,30079,-32617.8,50.94,0.8543,1.0
60,test,SU+Random,30079,-36641.5,33.48,0.8975,1.0
60,test,PPO,30079,-6627.9,158.5,0.5855,3.996
