K,sched,seed,reward,goodput_mbps,mu_depth,deadline_miss_rate,n_active
16,PPO-zs,10000,5108.9,49.8,2.587,0.2141,12
16,PPO-zs,10001,4999.4,48.74,2.547,0.2136,14
16,PPO-zs,10002,3148.2,34.47,2.099,0.2697,15
16,PPO-zs,10003,2267.6,39.78,2.075,0.3875,13
16,PPO-zs,10004,5236.1,59.11,2.634,0.2742,16
16,PPO-zs,10005,2326.1,19.6,1.742,0.1378,9
16,PPO-zs,10006,4175.9,31.3,2.244,0.0005,9
16,PPO-zs,10007,2109.5,29.39,1.814,0.3404,8
16,SUS+CQI,10000,4166.1,45.57,3.872,0.2808,12
16,SUS+CQI,10001,4384.4,46.19,3.803,0.2581,14
16,SUS+CQI,10002,2375.4,31.11,3.802,0.3434,15
16,SUS+CQI,10003,1414.2,36.18,3.954,0.4452,13
16,SUS+CQI,10004,4688.6,56.67,3.889,0.3061,16
16,SUS+CQI,10005,2253.3,19.24,2.712,0.1537,9
16,SUS+CQI,10006,4177.6,31.32,2.359,0.0005,9
16,SUS+CQI,10007,1896.2,28.69,3.42,0.3603,8
16,SU+CQI,10000,4684.1,48.15,1.0,0.2423,12
16,SU+CQI,10001,4653.3,47.54,1.0,0.2366,14
16,SU+CQI,10002,3166.5,34.65,1.0,0.2723,15
16,SU+CQI,10003,2257.1,39.64,1.0,0.3919,13
16,SU+CQI,10004,4448.3,56.28,1.0,0.3133,16
16,SU+CQI,10005,2359.4,19.81,1.0,0.1309,9
16,SU+CQI,10006,4182.3,31.34,1.0,0.0,9
16,SU+CQI,10007,2255.1,29.96,1.0,0.3305,8
24,PPO-zs,10000,4163.0,60.24,2.717,0.3528,18
24,PPO-zs,10001,7576.8,72.49,3.189,0.2046,20
24,PPO-zs,10002,4740.8,51.16,2.532,0.2628,22
24,PPO-zs,10003,8129.9,79.81,3.393,0.2212,20
24,PPO-zs,10004,5707.5,81.14,2.925,0.3428,24
24,PPO-zs,10005,3359.4,29.74,1.992,0.1689,14
24,PPO-zs,10006,3239.8,35.34,2.18,0.2688,14
24,PPO-zs,10007,3913.7,48.82,2.338,0.3089,13
24,SUS+CQI,10000,3053.3,55.24,3.982,0.4105,18
24,SUS+CQI,10001,7006.3,69.93,3.918,0.2355,20
24,SUS+CQI,10002,3740.6,46.62,3.961,0.3326,22
24,SUS+CQI,10003,7412.3,76.23,3.956,0.2568,20
24,SUS+CQI,10004,4711.4,76.72,3.993,0.3807,24
24,SUS+CQI,10005,2780.8,27.09,3.624,0.2451,14
24,SUS+CQI,10006,2294.5,31.17,3.881,0.3575,14
24,SUS+CQI,10007,2879.7,44.19,3.907,0.374,13
24,SU+CQI,10000,3280.6,57.31,1.0,0.393,18
24,SU+CQI,10001,6137.1,67.23,1.0,0.2676,20
24,SU+CQI,10002,4249.6,49.54,1.0,0.2961,22
24,SU+CQI,10003,6410.3,73.45,1.0,0.2854,20
24,SU+CQI,10004,3598.0,73.38,1.0,0.4095,24
24,SU+CQI,10005,3379.4,30.03,1.0,0.1702,14
24,SU+CQI,10006,3076.2,34.85,1.0,0.2869,14
24,SU+CQI,10007,3716.5,48.04,1.0,0.322,13
32,PPO-zs,10000,3268.3,72.98,2.422,0.4191,24
32,PPO-zs,10001,7096.4,85.68,3.121,0.2974,27
32,PPO-zs,10002,6860.8,72.76,3.137,0.252,30
32,PPO-zs,10003,4295.4,80.15,3.193,0.3992,27
32,PPO-zs,10004,6510.4,101.12,3.768,0.3722,32
32,PPO-zs,10005,4525.3,40.46,2.323,0.1682,19
32,PPO-zs,10006,3394.1,44.38,2.286,0.3243,19
32,PPO-zs,10007,6844.7,70.94,3.065,0.2406,17
32,SUS+CQI,10000,2776.3,70.88,3.998,0.4396,24
32,SUS+CQI,10001,6315.4,82.03,3.995,0.3305,27
32,SUS+CQI,10002,6321.5,70.26,3.99,0.2815,30
32,SUS+CQI,10003,3727.6,77.39,3.999,0.4242,27
32,SUS+CQI,10004,6596.7,101.79,4.0,0.3742,32
32,SUS+CQI,10005,4021.6,38.26,3.827,0.217,19
32,SUS+CQI,10006,2617.8,41.08,3.956,0.3808,19
32,SUS+CQI,10007,6287.5,68.22,3.934,0.2692,17
32,SU+CQI,10000,2667.4,70.97,1.0,0.4388,24
32,SU+CQI,10001,4137.1,74.52,1.0,0.3917,27
32,SU+CQI,10002,4742.7,64.86,1.0,0.3371,30
32,SU+CQI,10003,1872.0,71.71,1.0,0.4681,27
32,SU+CQI,10004,2115.6,86.23,1.0,0.4706,32
32,SU+CQI,10005,4546.7,40.76,1.0,0.1679,19
32,SU+CQI,10006,3444.1,44.9,1.0,0.3262,19
32,SU+CQI,10007,5044.2,63.87,1.0,0.3162,17
48,PPO-zs,10000,5877.6,114.31,3.27,0.4044,36
48,PPO-zs,10001,4496.8,105.98,3.361,0.4276,41
48,PPO-zs,10002,5808.4,89.97,2.949,0.3617,44
48,PPO-zs,10003,5179.5,114.13,3.597,0.4239,40
48,PPO-zs,10004,-497.1,111.75,3.916,0.5393,48
48,PPO-zs,10005,6787.4,60.17,2.736,0.1597,28
48,PPO-zs,10006,4190.9,63.19,2.652,0.3584,29
48,PPO-zs,10007,6654.1,93.68,3.042,0.3422,26
48,SUS+CQI,10000,5711.4,113.36,4.0,0.4094,36
48,SUS+CQI,10001,4160.3,104.39,4.0,0.4393,41
48,SUS+CQI,10002,5380.1,87.9,3.993,0.3797,44
48,SUS+CQI,10003,5335.2,115.09,4.0,0.4214,40
48,SUS+CQI,10004,1890.8,124.04,4.0,0.4934,48
48,SUS+CQI,10005,6235.4,57.65,3.914,0.2002,28
48,SUS+CQI,10006,3497.2,59.83,3.996,0.397,29
48,SUS+CQI,10007,6029.6,90.66,4.0,0.3637,26
48,SU+CQI,10000,-164.5,91.75,1.0,0.5234,36
48,SU+CQI,10001,-510.1,87.75,1.0,0.5291,41
48,SU+CQI,10002,3042.2,79.78,1.0,0.4386,44
48,SU+CQI,10003,-966.1,91.76,1.0,0.5372,40
48,SU+CQI,10004,-7221.8,89.86,1.0,0.6312,48
48,SU+CQI,10005,6184.3,58.18,1.0,0.1964,28
48,SU+CQI,10006,3356.8,60.34,1.0,0.3943,29
48,SU+CQI,10007,3535.9,81.75,1.0,0.4262,26
