update,reward,throughput_mbps,completion_rate,deadline_miss_rate,retx_drop_rate,retx_overflow_drop,mean_sinr_db,direction_corr,jain,n_arrivals
0,6753.775569608098,56.91226975868246,0.884625356494685,0.08166969147005444,0.03189007000259269,0,14.538511521286734,0.8821258348351976,0.8287467452798958,3857
1,4002.5428145741566,41.267337852138745,0.7580545229244114,0.17410161090458487,0.06505576208178439,0,4.1855029889603905,0.8782698691486452,0.6777351395693434,3228
2,6562.368842666987,55.187741893555234,0.8842077371489137,0.08081611022787494,0.03285638579756227,0,9.284979717870412,0.8974341447920289,0.8396178154824864,3774
3,4969.684233213093,45.9647531590183,0.8195398864654915,0.1386316103973708,0.0403346280250971,0,4.121967775969299,0.8964722085807321,0.7648612137794191,3347
4,6381.911958725389,53.87167283999392,0.882799782962561,0.08247422680412371,0.03336950623982637,0,7.901449056793939,0.8797447940105185,0.8412761106333844,3686
5,4567.794585110591,44.326793633205305,0.7879150463655399,0.15315584804068202,0.05623691295243793,0,5.5913106608436145,0.8780663469814156,0.7067762650732231,3343
6,4742.545312453477,44.928658512310676,0.8010296789824349,0.14233797698364628,0.054209569957601456,0,4.789514751858191,0.8643645768416106,0.7541348426385764,3302
7,4687.0842489579345,44.87108755343653,0.7944199706314243,0.13303964757709252,0.0698972099853157,0,5.038829921598511,0.8660642959496915,0.722294068151216,3405
8,5571.074922435655,49.72919209835764,0.8440183171150544,0.09702346880366343,0.05752718946765884,0,7.156510304877416,0.8555021726361474,0.7937879567203138,3494
9,6394.680022784712,53.209017380281914,0.8903883227760947,0.07353346185623795,0.033324153125860644,0,7.808194996102308,0.859653032387227,0.8506319116415049,3631
10,6967.001691270156,57.640784669022395,0.9001536098310292,0.0647721454173067,0.033282130056323606,0,16.556631541027592,0.8664909913477674,0.8292144956954773,3906
11,7125.447337667477,57.28014021794991,0.9211927582534611,0.05457933972310969,0.022896698615548456,0,24.910035302249295,0.8394566654208955,0.8909448730318767,3756
12,6429.218741067441,54.49992367074796,0.8797622264252905,0.08430154012429074,0.034044852742502026,0,13.83930605069831,0.8582508468047596,0.8199404794883501,3701
13,5986.616412365349,51.38291575306816,0.8674359696031523,0.08781311567689276,0.042217844075429216,0,13.504904539055396,0.8543291162656003,0.8090643244235541,3553
14,5225.82211563041,48.91749351007551,0.8120362737015664,0.13437757625721353,0.051112943116240726,0,11.10501638382144,0.8739346689085877,0.6905450095160176,3639
15,6205.931702074944,54.54958601415368,0.8527704485488127,0.10237467018469656,0.04327176781002638,0,13.961700603406218,0.8842067578917779,0.7543054307799056,3790
16,4434.148612986381,43.43642792207632,0.7819503331314355,0.14173228346456693,0.07389460932768019,0,6.586129277500755,0.8691866796685147,0.7132022158371224,3302
17,4697.7603003971635,45.497597839482864,0.7912635590735855,0.12958076810319555,0.07651715039577836,0,9.018539849375415,0.8794554963234559,0.7069421428069491,3411
18,5139.883609737148,47.429197071268355,0.821040258595357,0.12488980311489861,0.0526006464883926,0,7.442469411723604,0.8602352183931641,0.7511449216887228,3403
19,6724.069849838832,55.10483738117354,0.9075492341356673,0.06318380743982495,0.02735229759299781,0,4.486941857189766,0.8583368052191849,0.8905073680620349,3656
20,6077.590211161437,52.64687716729799,0.8611570247933884,0.10137741046831956,0.0349862258953168,0,10.616323930257629,0.8685941930088604,0.8142594971913204,3630
21,5908.9042233396485,50.91150462396508,0.8640996602491506,0.0891845979614949,0.044167610419026046,0,9.838544739874571,0.8704122658654652,0.8148849726271863,3532
22,5193.438591636623,47.2329716413387,0.8260869565217391,0.11949127477077788,0.05205560485063591,0,8.048939300031211,0.8523177814757539,0.7829340592495626,3381
23,6244.089849654369,52.55863256125872,0.883017801638881,0.08420457756428369,0.030234529528115287,0,6.828189279338512,0.8773266953737675,0.856804098354782,3539
24,7102.029844947558,57.991012288886466,0.9111516414799374,0.06175091193329859,0.024491922876498175,0,10.766512313072212,0.8524996112906286,0.8640028046741469,3838
25,6236.452871341515,53.38508872970603,0.8725110619469026,0.0849004424778761,0.04092920353982301,0,8.614285578678038,0.8657563145718677,0.8370419692441748,3616
26,6395.896191214219,53.65349788796555,0.8857064169650234,0.07986780501239328,0.03277334067749931,0,9.751331362644963,0.8533448396507061,0.8556279997049826,3631
27,6081.573584503226,51.66210248523404,0.8734612081305468,0.07300314915545376,0.05324935585456628,0,4.728003108029009,0.8434283266194147,0.8922649720733953,3493
28,7294.939807412462,58.34770256657395,0.9268229166666667,0.053385416666666664,0.017708333333333333,0,12.20468391875652,0.8368062200448974,0.8884976797666901,3840
29,5309.285097217699,47.76478891228928,0.8302994715208456,0.11244862008220786,0.055490311215502054,0,6.198228535995433,0.8347385073833795,0.7906279633494893,3406
30,5135.4822328393475,46.99080847471627,0.8217054263565892,0.11985688729874776,0.057245080500894455,0,5.375781018550212,0.8562978280128134,0.7852723533217242,3354
31,5476.845441203755,49.6183533450396,0.8323975294778214,0.11622683885457608,0.04969118472768108,0,9.854273945241957,0.8770426411082295,0.7384691695825065,3562
32,4332.736891890225,43.20121903845312,0.7731897067624177,0.15320167564332735,0.07031717534410532,0,6.58527819295946,0.8784495810733932,0.6733730945409309,3342
33,6117.865488048014,53.4847049946282,0.858095492131235,0.09975993598292879,0.04054414510536143,0,12.259129517785626,0.8782746658979846,0.7585859997176231,3749
34,5540.6022792791555,50.724543278699144,0.8258706467661692,0.12741846323935876,0.04477611940298507,0,12.08674242363098,0.8527029199686277,0.7297197537283227,3618
35,7313.342430945295,60.1088659635854,0.9077231695085256,0.07071213640922769,0.019558676028084254,0,20.432496211545114,0.8724943258486689,0.8217019366775054,3988
36,5575.033727604309,50.43331880978181,0.8290909090909091,0.12111888111888112,0.048111888111888115,0,13.72263919988205,0.8627443920225448,0.7538887682932859,3575
37,5930.318274084267,52.09849795557592,0.848063284233497,0.10747408619749045,0.0425531914893617,0,11.002196008285285,0.8517386158115985,0.7786437269437227,3666
38,6586.299453101907,55.18542435306356,0.8872058425750609,0.07546659453611036,0.035434135785772244,0,10.822635264330614,0.8561413405377644,0.8664461063922466,3697
39,8258.895095540987,63.81032932961967,0.9664262621238497,0.02636160159164387,0.005471275802039294,0,11.301806240599428,0.8441167629342956,0.959415752056846,4021
40,6543.569670031453,54.6029937786508,0.8928474299700843,0.0772368778895839,0.028283927114495514,0,8.740811482962755,0.8577721591915546,0.845702916147927,3677
41,6108.882932218483,53.190606799882644,0.861784140969163,0.10297356828193832,0.034140969162995596,0,10.74278219459195,0.862687757240551,0.8023688429998058,3632
42,5768.239004265949,49.9348231288357,0.8623083598495805,0.09777263523286087,0.03760485970494649,0,5.681279695150435,0.8437165535269467,0.831463969356051,3457
43,6219.030362051248,52.96218854450125,0.8740967204002223,0.07698721511951084,0.04613674263479711,0,7.408011512157917,0.8658784422881596,0.8493226195229933,3598
44,4791.723354108322,45.31458086966551,0.7992799279927992,0.13591359135913592,0.06240624062406241,0,7.340269292595916,0.8530233228567242,0.7467853187634823,3333
45,7603.798574933231,60.78914477577923,0.9346055979643766,0.047073791348600506,0.016793893129770993,0,11.313342383917337,0.8583293324427294,0.9079703756756021,3930
46,4424.294815666385,43.8758503444843,0.7717424473603905,0.1638693927372597,0.06255721696673787,0,4.877849572116814,0.860054171451119,0.7239954900388825,3277
47,6657.697795926076,55.79773768711315,0.8877118644067796,0.07653601694915255,0.03416313559322034,0,10.108464174404745,0.8641572248392805,0.82822325816099,3776
48,4422.02736447965,45.269421684705065,0.7618908666472133,0.18062445287423404,0.05573387802742924,0,8.064258235592284,0.8749349352975331,0.6632102217130559,3427
49,4928.806182247855,45.71738499460085,0.8156390977443609,0.12631578947368421,0.05593984962406015,0,3.7280539331505205,0.8372908628164107,0.7627975679886467,3325
50,5249.679179062203,47.66918524233235,0.825720104742508,0.11608961303462322,0.05557171952283969,0,5.909538188483918,0.8598474057442812,0.782454454388484,3437
51,7135.308337625141,57.92352662444804,0.9138429209351195,0.06015235093249278,0.02442868400315209,0,15.995703968625222,0.8617414801422484,0.8734238749556585,3807
52,8197.75074203798,63.01320304220876,0.9648688767936665,0.026966848095002473,0.006679861454725384,0,10.109092331324776,0.8462489410709059,0.952193597358598,4042
53,8491.289206062767,65.78976835278472,0.9639682920970454,0.028104732164304588,0.007686764352630314,0,14.230371969849696,0.8755872490737686,0.9287601602333957,4163
54,5554.315738082608,50.21310856271821,0.835195530726257,0.11480446927374302,0.04888268156424581,0,9.272917006535241,0.8717588595953261,0.7590434423805196,3580
55,4850.726504993432,46.03864269947373,0.8065735892961023,0.12943571844095406,0.061663757998836534,0,7.70084489635501,0.8698245699024965,0.7075967644348963,3438
56,6655.636997581987,55.35352101198729,0.8930851063829788,0.07234042553191489,0.032446808510638296,0,12.313786342604033,0.8682934080127198,0.8536469837804523,3760
57,5794.210313121586,50.09488634623882,0.8599543639475186,0.09555048488305762,0.04164289788933257,0,7.540138124285733,0.8567737945371531,0.8097665890069035,3506
58,7725.125929313524,61.09235751352413,0.9396074484146956,0.0463009562154001,0.013085052843482638,0,13.069186680498603,0.8633607364740932,0.8965103882551714,3974
59,6792.958482577976,56.24113068768967,0.9003690036900369,0.07327358987875593,0.024512387981022666,0,10.876009129826478,0.8735124969816705,0.8326095171687196,3794
60,8612.957409938323,67.19938130591278,0.961502125649504,0.032829475673122346,0.004487482286254133,0,16.058735018714017,0.8675472421516282,0.9177707156614092,4234
61,6687.086137352228,56.75138386464451,0.8839979285344381,0.09036768513723459,0.024598653547384774,0,14.448954449851916,0.8765209236853594,0.7836862094982306,3862
62,4984.029620103679,47.112045653479534,0.8082552693208431,0.1601288056206089,0.028981264637002343,0,9.64586522103509,0.8651543462853515,0.7278666873974606,3416
63,7087.938490661294,58.07519769061855,0.9052496798975672,0.06837387964148528,0.024583866837387964,0,11.996842286753129,0.8705634257616711,0.8379257350470625,3905
64,5671.447519030149,50.38762404295418,0.8391549295774647,0.11605633802816902,0.042535211267605635,0,10.953454404026104,0.8586395668679879,0.780866355838041,3550
65,7882.354463744189,62.18712228243803,0.9434479322371699,0.03761833582461385,0.018186347782760338,0,14.630420488469797,0.8546196362838908,0.9179521384626953,4014
66,7646.063546412564,61.08471245731933,0.9340996168582375,0.04291187739463601,0.02120051085568327,0,17.10384840469225,0.8563821477567146,0.9087097062177023,3915
67,8359.499355032236,64.99505793940924,0.9576271186440678,0.03559322033898305,0.004842615012106538,0,16.627721347682336,0.8382507174580814,0.9319105835315472,4130
68,5420.187676999365,48.784107544274455,0.830835734870317,0.10720461095100864,0.05936599423631124,0,7.648551428416953,0.8568641606808376,0.7805392414465485,3470
69,6048.314231516078,52.15276460236763,0.8624411846111265,0.11098809853307501,0.02380293384998616,0,10.713495548174276,0.8578808206069132,0.7975460599276665,3613
70,7126.321371876581,57.803658325787,0.9189260331666228,0.06001579362990261,0.020005264543300868,0,9.473739749264205,0.8546022612063109,0.8794656790663147,3799
71,7473.377319505144,60.08736579747958,0.9260385005065856,0.05293819655521783,0.01950354609929078,0,11.961116967978842,0.8605328946358056,0.874544422531443,3948
72,4428.782226575473,44.215368797497284,0.7740673886883274,0.16365824308062576,0.0598676293622142,0,4.617552525765389,0.8699969142380544,0.7044240068497448,3324
73,7071.394142031652,56.95885069399177,0.9215790877567351,0.061082955454787945,0.015737530008002133,0,6.841147710307569,0.8802324289579705,0.8883173160505862,3749
74,5530.463125194349,50.04404548021116,0.8354394832912103,0.12805391743892164,0.03454085930918281,0,8.984502952993171,0.8671032177155527,0.76318047429891,3561
75,3951.1553281882198,41.569131619102,0.7501519756838906,0.16382978723404254,0.08297872340425531,0,4.64294769357823,0.8682937492439105,0.6389653194925281,3290
76,5288.969783695336,47.93036773693045,0.8282683486238532,0.12270642201834862,0.047018348623853214,0,6.55106882576182,0.8524366129021343,0.756961838374704,3488
77,7401.174504088124,59.93164983072821,0.9185372005044136,0.06027742749054225,0.019167717528373266,0,13.825634500561915,0.8706392310623565,0.8459193942083366,3965
78,5984.733277515081,51.862546448638525,0.862049706785814,0.11449315833566043,0.02150237363864842,0,12.283597141125686,0.8598498755055891,0.7889961090243442,3581
79,5535.445113499776,49.99031895882873,0.8335204941044357,0.13840539023020776,0.025547445255474453,0,10.112525981782035,0.8582134066894279,0.7450583364931803,3562
80,4930.924931714639,46.96960636638564,0.8048571428571428,0.13942857142857143,0.054,0,6.794921566038505,0.8771558909474085,0.6849685609530204,3500
81,5270.101070995599,48.26816336236709,0.8246162592382035,0.1191017623649801,0.05429221148379761,0,7.103468525898851,0.8727224621954223,0.7393196154008925,3518
82,4189.451757369477,42.91480830135093,0.7635135135135135,0.17536855036855037,0.05988943488943489,0,5.548071834174859,0.8663878540636551,0.6834954404309238,3256
83,6897.400154648182,57.06079242661269,0.8996119016817594,0.0724450194049159,0.027166882276843468,0,12.160359818231667,0.8666664626910051,0.8259055463472875,3865
84,6062.726266255081,51.84040280852182,0.8707256046705588,0.10063942174033917,0.027244926327495134,0,9.824557275765306,0.8291581208765672,0.8217274878512899,3597
85,7234.568098617515,58.66893845799305,0.9166666666666666,0.061853002070393376,0.020703933747412008,0,15.097319048628366,0.8446395281567819,0.8709688332139744,3864
86,5115.5823895948415,48.35466140133579,0.8085289066971952,0.14567830566685747,0.04436176302232398,0,9.543350296299414,0.8502442095160351,0.7154994642176477,3494
87,7401.527956551784,60.31289711532579,0.9151254117050924,0.06891309855586522,0.01444134785913352,0,16.439119097696256,0.8550773912246957,0.8531896843384607,3947
88,6615.742602322943,55.29882588209278,0.8933733296973002,0.08535587673847832,0.019361876193073356,0,9.768207546338216,0.8368522246353991,0.8494893296553929,3667
89,7020.999802006637,57.23713678203554,0.9126442812172089,0.06663168940188877,0.01888772298006296,0,7.877462428288108,0.8810159978524176,0.863563861381769,3812
90,4835.713103741306,46.443866142623385,0.7975194692817998,0.15286991635419672,0.04701471012402653,0,6.923468136419634,0.881542502187748,0.7021721724518147,3467
91,4027.8529560044235,41.721225105801736,0.7628398791540786,0.18126888217522658,0.05377643504531722,0,5.297372723114927,0.8702567513530765,0.6335441675320896,3310
92,4111.9205893780645,42.47980911854603,0.7552067612435859,0.15786296408089345,0.08421370359191066,0,4.32830103481988,0.91717973062664,0.6789584424545911,3313
93,4536.125310403111,44.64858044133528,0.7863222776636337,0.16436747872028176,0.046962136777223364,0,8.46225955987097,0.8629005900995171,0.6655969400564183,3407
94,6584.352297078618,55.35563824559983,0.8845750262329486,0.08840503672612801,0.025445960125918154,0,10.204892759764705,0.8770902202165433,0.8186324643500431,3812
95,7683.656264793984,60.40673250748836,0.9441025641025641,0.047948717948717946,0.006153846153846154,0,12.406504345970983,0.8521625217786137,0.9119407087628967,3900
96,6941.480235121337,56.76307118440528,0.90725484985384,0.068296571884135,0.022056869519000797,0,11.272577787270777,0.8458057396215065,0.8838071987788666,3763
97,8307.383838230848,64.85663116074146,0.9509990485252141,0.03377735490009515,0.014272121788772598,0,18.278621813401237,0.8563544208858394,0.9072214433030527,4204
98,7018.94328075984,57.88908375595835,0.905,0.07947368421052632,0.01263157894736842,0,9.795503764894791,0.8686851001093718,0.8715565619206346,3800
99,6328.170188204031,54.59116637536486,0.8665603402445508,0.10047846889952153,0.03110047846889952,0,10.839293484384392,0.8782541654647279,0.7835236313736862,3762
100,4575.263010749362,45.323341895954194,0.7823788546255507,0.168575624082232,0.04728340675477239,0,7.032306067953646,0.8618907671360485,0.6791372648060394,3405
101,7935.452425179545,63.17940100695616,0.9347826086956522,0.04830917874396135,0.015458937198067632,0,19.414884595281144,0.8783718068598069,0.8713656629538767,4140
102,5737.071573196844,50.7908970075423,0.8464948739262954,0.10667775006927127,0.04405652535328346,0,7.810298793406121,0.8752265501096527,0.7627210626072677,3609
103,6804.312924954446,55.76385727025603,0.9075020166711482,0.06587792417316483,0.024737832750739448,0,10.628757985351118,0.8384299912847379,0.8582052238442486,3719
104,6367.125646602106,53.85593662259306,0.8787393162393162,0.08947649572649573,0.029647435897435896,0,11.986433635943799,0.8648487083127194,0.8022911440279098,3744
105,6257.457520817024,53.584412964777215,0.8745587836003258,0.09693184903611186,0.026880260657073038,0,7.793138644850587,0.8632427367793708,0.805110842485439,3683
106,7784.089433955709,62.05558686794875,0.9315203955500618,0.059332509270704575,0.007169344870210136,0,13.112669017357554,0.8571960845070392,0.8889252722140695,4045
107,5536.1401163780565,49.68640878042702,0.8428856572569148,0.12204163102366695,0.033361847733105215,0,6.613356678676646,0.8690813551643145,0.7665873620743686,3507
108,5347.724045621548,48.353638646541604,0.8362691308114352,0.13254403696217154,0.029454230436038117,0,7.413643896929546,0.838818215739749,0.7592933267747654,3463
109,5229.967824522306,48.59941623461811,0.8167524299599771,0.14493996569468268,0.03544882790165809,0,8.686707174073442,0.8599571734695528,0.7370906722807784,3498
110,5363.587591124129,48.096577898405435,0.8381434096994942,0.1279381136566498,0.03153823266884856,0,6.432128329796952,0.8612405105501472,0.794219631568009,3361
111,6469.308617024596,55.1192747987067,0.8793012175754368,0.08099523557437797,0.0378507146638433,0,11.833643863890588,0.870999884084664,0.7943378813022752,3778
112,6814.809859162968,56.435937209601846,0.9018778101031473,0.07405448294102089,0.0224808251785242,0,9.096715127079246,0.8703870880116922,0.8495656557328897,3781
113,6406.825349315587,54.8500688318777,0.8779443254817987,0.08832976445396146,0.03238758029978587,0,15.27009215323439,0.8647225495734799,0.7785376714799163,3736
114,6955.015640988182,57.408237953330925,0.9020979020979021,0.06915306915306915,0.026677026677026677,0,12.658195969669412,0.8718168317429492,0.8366314209359769,3861
115,5776.816322071391,51.82813986104071,0.8422773086352493,0.12258240261509126,0.032961046036502316,0,10.650806410592091,0.8652207479883726,0.7520917946305229,3671
116,5779.6709910438085,51.84877862358055,0.8423066411587865,0.1352828641705384,0.019950806231210712,0,9.712791717373289,0.8719216640327052,0.7454767211443812,3659
117,4779.1095070310375,45.983790211071444,0.7964705882352942,0.15235294117647058,0.04823529411764706,0,5.827603532008705,0.8819333152294737,0.7098198357540759,3400
118,4545.208841331203,45.26572018852931,0.7810240092565809,0.1799247902805901,0.03615851894706393,0,10.878566352921471,0.8816780830984262,0.6390048836170592,3457
119,4281.449376791706,43.11527205155144,0.7752363525465081,0.1756633119853614,0.04696553827386398,0,4.856555016702885,0.890542959313459,0.6753538953422796,3279
120,5556.883982406802,50.21038121186052,0.8343507214206437,0.13152053274139844,0.03218645948945616,0,10.232825248356,0.8665211856784255,0.7394951137128046,3604
121,6353.973971110523,54.16377967458208,0.8814154511075094,0.08806050783360346,0.02863317125877904,0,9.068631302700114,0.8614708214659813,0.792083126980221,3702
122,5666.637704247677,50.31848428047044,0.8493036211699164,0.11894150417827298,0.028969359331476322,0,7.288506343043802,0.8814948368031149,0.74882900057155,3590
123,7756.141028253205,62.267773733295726,0.9293103448275862,0.05960591133004926,0.009113300492610837,0,13.08884018256882,0.8747646517647601,0.868762083622807,4060
124,5638.32968156389,50.3122844606519,0.8453753162777622,0.13044700590385155,0.022209727298285072,0,10.426855283138298,0.8942324160315303,0.7529114670232037,3557
125,5268.016517812274,48.66280424467824,0.8258317025440313,0.1453732177802628,0.025999440872239307,0,11.138018657754817,0.8673648185979236,0.6913511180722847,3577
126,5784.571380863601,50.861719042520875,0.8545099134320022,0.12119519687238202,0.02150237363864842,0,10.773435850906367,0.8737083112159887,0.7685575525293039,3581
127,6411.887870272115,54.944940279241635,0.8739495798319328,0.10399159663865547,0.02022058823529412,0,15.708895715601638,0.8682262856044494,0.7560192513958346,3808
128,4986.20723698274,47.224900341015605,0.8106255355612683,0.15024278777492145,0.03741788060554127,0,6.847155032922039,0.8702764922001945,0.6966987442893664,3501
129,6253.514166887453,55.411236649822996,0.85489785227868,0.12310110005238345,0.020429544264012573,0,13.728126093038338,0.8717079519771241,0.7573134403452731,3818
130,5692.131800730162,51.36370495132932,0.837681955506729,0.1299093655589124,0.030211480362537766,0,8.850479896910723,0.8896883878460863,0.7458487012059958,3641
131,5321.120114022725,49.54756231094533,0.8161077515118197,0.1434854315557999,0.037383177570093455,0,10.788224764393398,0.8818395694752889,0.7044691879299197,3638
132,4273.068013371405,43.964021971457996,0.7681201270574646,0.18481085763788624,0.04418134565405717,0,8.580652033900812,0.8790989627237923,0.5965551509121189,3463
133,3531.3356895656116,38.61900982257872,0.7385003150598614,0.19911783238815375,0.06049149338374291,0,3.82743612763456,0.8701646952392835,0.6012104793190873,3174
134,5691.843165808079,50.900290556742505,0.8449486763911399,0.11318206374932469,0.04024851431658563,0,6.156282713311864,0.894577942457676,0.7390429969160741,3702
135,6558.389699763449,55.95788221961729,0.8819101998442772,0.09421230210225798,0.022579807941863483,0,12.519781006709925,0.877813507979727,0.7645966862230918,3853
136,8384.793947554486,65.19674688694273,0.95410225921522,0.035196195005945306,0.008799048751486327,0,18.598991743302914,0.8799060672586383,0.9024625078410068,4205
137,8902.816514033237,68.1147492667618,0.9759458197104157,0.01821578701541336,0.004203643157403083,0,14.293381823640432,0.8496889319629297,0.9502314626387255,4282
138,6456.89818721813,54.08224336839751,0.8872588970388482,0.08964955175224124,0.020646563433849498,0,10.92791073343368,0.8264820755478316,0.8517649230080216,3681
139,6354.397251276888,53.97444756472627,0.8834372458660884,0.0932502033071293,0.022499322309568987,0,8.027438149774188,0.8699083287499343,0.8121992155728744,3689
140,6692.866646292945,56.54194282622616,0.8873980531439095,0.08892396737700606,0.02183635885293344,0,14.35821519236338,0.8622915294085728,0.8138683191854534,3801
141,5329.181719060972,48.946965225295045,0.8275960170697013,0.12460881934566145,0.04608819345661451,0,6.738211376147768,0.8553650773908009,0.7367504390337185,3515
142,3899.9688194835917,41.08229183392432,0.7518248175182481,0.2086374695863747,0.037408759124087594,0,4.205217033380819,0.8862143291979914,0.6324168652725415,3288
143,9113.54602518257,69.74514339941108,0.9741437967793151,0.02132002721705602,0.0029485144023588114,0,19.014866140296757,0.8576385282207712,0.9342332733009046,4409
144,6531.34977517772,55.045475593536864,0.8881720430107527,0.09650537634408603,0.014516129032258065,0,9.175884174210191,0.8730256823252187,0.8259518107590514,3720
145,6115.012508079439,53.01452242710374,0.8645916467145517,0.11252992817238627,0.020218143123171058,0,8.360276998557875,0.8594765360380925,0.7619399275274796,3759
146,6483.040814951944,54.61911004396743,0.8862849533954728,0.08894806924101198,0.023169107856191744,0,7.56571792415052,0.8622054176581264,0.8106414752419228,3755
147,6154.487943454962,53.32642614543628,0.8658337859858772,0.11841390548614883,0.014122759369907659,0,11.843520788221591,0.8539208198038515,0.7799594686217397,3682
148,8427.980983961193,65.7592279472376,0.9535545023696682,0.04123222748815166,0.0033175355450236967,0,19.560117575309977,0.8661396952909505,0.9024068324692875,4220
149,7631.343121012285,60.17692740728817,0.9408792319353209,0.05255179383527034,0.005053057099545225,0,10.197632030304185,0.8623400441811223,0.8949869440778205,3958
150,7720.292388443104,62.414215887337775,0.9203109815354713,0.07045675413022352,0.006802721088435374,0,16.26139742656164,0.8671949177206686,0.8533789571687648,4116
151,6403.381741388607,54.867718691250005,0.8750330250990753,0.10541611624834875,0.017173051519154558,0,10.028690015248747,0.8829081341998483,0.7834863076248948,3785
152,5906.653171882209,52.85176881176235,0.8459086078639745,0.13443145589798086,0.018065887353878853,0,13.844666292490901,0.878682305331598,0.7186808711687082,3764
153,5891.926575892838,51.98815625068977,0.8562808557323094,0.13000548546352167,0.012616566099835436,0,12.771017679956419,0.8717237475502054,0.7517022272499336,3646
154,6651.682490638385,55.89007636076148,0.8912755237337576,0.09944311853619729,0.0076902678334659245,0,11.388269667782824,0.8744364947198944,0.8198371413248103,3771
155,7847.716673377226,63.78150865599743,0.9194278903456495,0.0731823599523242,0.005244338498212158,0,19.711365361262178,0.8744700038399144,0.8268836705222434,4195
156,6542.464707765233,55.56491708761545,0.8844420885237212,0.1041611449774715,0.009806520010601644,0,13.620751778200841,0.8580508063904111,0.7953419589114804,3773
157,5818.478774917141,52.482300884114025,0.8451351351351352,0.14810810810810812,0.005945945945945946,0,17.19779751501834,0.8637118511664303,0.7053389068231339,3700
158,7398.414875330642,59.87679739438576,0.9210393541876892,0.06786074672048435,0.008577194752774974,0,18.10081013955743,0.8560892763889313,0.8363527394081032,3964
159,7869.541810136002,63.8889699670944,0.925,0.06738095238095237,0.007142857142857143,0,15.415818215096772,0.8726797765854208,0.8293194509986626,4200
160,5854.135544368008,51.314711013034184,0.8602029312288614,0.12401352874859076,0.013528748590755355,0,6.476980298596569,0.8644432631683949,0.7905407677294327,3548
161,5749.239884618193,52.72854996094218,0.8316232570376216,0.161273349118653,0.0055248618784530384,0,15.718094443782995,0.8714263528706114,0.6730398947724431,3801
162,6534.953697822512,56.56219664837522,0.871611253196931,0.12097186700767264,0.005370843989769821,0,13.038703343353683,0.8796173617858731,0.748337985187832,3910
163,5789.203521964923,52.20109046925999,0.8427086110370567,0.15115969074913357,0.004265529192215409,0,14.106223364177936,0.8825453321006952,0.695421755863001,3751
164,7814.717542399233,63.56749066522661,0.921818619196536,0.07312966081308636,0.003367813326918451,0,20.127417532892174,0.8817359370048582,0.8378231005785343,4157
165,5291.351677926173,48.82803379730063,0.8267312624679396,0.15958962667426618,0.011969222000569962,0,7.7999551068040915,0.8741358435540187,0.7268859485037562,3509
166,6441.503642391894,55.6503651335716,0.8708669617287165,0.12184326998177558,0.005467326217130955,0,14.940725512067402,0.8658619154042855,0.7701657112393958,3841
167,7577.606026025847,60.967483707104684,0.9259536275243081,0.06955871353777113,0.002742458239840439,0,26.18787925328697,0.8420814860137396,0.8634075716544467,4011
168,6417.153561644492,55.250101325243065,0.8751319957761352,0.11536430834213306,0.008183738120380148,0,15.57316085579992,0.8294995976122714,0.7604153582037405,3788
169,5715.111338257139,50.43342875575783,0.8522083805209513,0.13759909399773498,0.007644394110985277,0,7.747700702446969,0.8344840052545444,0.7976969828000096,3532
170,7795.435870655101,62.27718664140339,0.9342040413997043,0.061113849186791525,0.0032035485460818135,0,17.75956996486528,0.8526379123933284,0.8675718637242027,4058
171,8095.575817045646,63.43194897110699,0.9500856373868363,0.04722290188402251,0.0019574259848299485,0,22.91348808191087,0.843875283248582,0.9036838005509941,4087
172,6496.656642791706,55.352960302120245,0.8854899837574445,0.10747157552788306,0.006497022198159177,0,9.136122687524619,0.8523572558956014,0.82459410893902,3694
173,8103.270476470888,63.192812282760386,0.9508961453474097,0.04345691136754235,0.003682789098944267,0,13.25842139790504,0.8403761627586877,0.9249242707994689,4073
174,6674.528671477863,56.86190602615838,0.8811402392466277,0.11300585390684653,0.004072283023670145,0,20.41860750062594,0.8571788955463238,0.7629182363245016,3929
175,8099.99925818558,64.77125893516028,0.9344770073862283,0.06290207290922087,0.0011913271384322134,0,26.827306785850688,0.8669408918090439,0.8566411035256017,4197
170,7730.45664635711,62.17149470181208,0.9303248202330772,0.06471609223902802,0.0037193156459211507,0,17.257410290138505,0.8534233846603542,0.8733720908802801,4033
171,7962.667839289723,62.99134386190084,0.9431958508273648,0.05408742899481354,0.001975796492961225,0,21.98907869891218,0.8435371247368461,0.9055463346281521,4049
172,6548.588778784166,55.513664637382306,0.8871313672922252,0.10428954423592493,0.006970509383378016,0,9.17136420347244,0.8528482424300364,0.8236477236011566,3730
173,8060.966425472098,62.64436393487446,0.955379276152702,0.04015865146256817,0.002974714923153198,0,13.64502618488,0.8397983074721211,0.9286420292383543,4034
174,6666.251241140627,57.05460212467075,0.8797549144753638,0.11386264998723512,0.004340056165432729,0,20.507623754915507,0.8579646477494302,0.7675573025273648,3917
175,8145.758195900793,65.19873143618304,0.9347722960151803,0.06309297912713473,0.0011859582542694497,0,26.933136546607336,0.8670587331594135,0.8543536184786256,4216
176,6431.8173660878765,55.58337406182287,0.8709761163032191,0.12305295950155763,0.005192107995846314,0,20.953576087053687,0.8621777235760557,0.7486752929687694,3852
177,7748.642031545848,61.34593992704902,0.9385153711572107,0.057485628592851785,0.001999500124968758,0,13.092346749171691,0.8481176732914883,0.8934272236236594,4001
178,7848.8264674423035,62.071527876431276,0.9435,0.05125,0.00325,0,12.170241771524546,0.8392324820871352,0.9061979613636078,4000
179,8861.468111881346,68.15411327575582,0.9684331797235023,0.027880184331797234,0.002304147465437788,0,24.698794793218504,0.8535198020244076,0.9319168111423419,4340
180,7349.710911546018,59.53318867061168,0.921875,0.07146516393442623,0.005122950819672131,0,13.651236445834058,0.8588955000438258,0.8725446461013778,3904
181,7009.629464430554,58.23341181571681,0.8973384030418251,0.09657794676806084,0.004055766793409379,0,15.475941292704114,0.852763824480303,0.8146967583055101,3945
182,5457.249819754766,50.97703149887122,0.8226193651640438,0.17177914110429449,0.0040010669511869835,0,13.154679717613732,0.8931646186639882,0.6526225830666221,3749
183,6381.1005940806135,54.6124497423222,0.8767735155018392,0.11849710982658959,0.002890173410404624,0,12.37924654790758,0.8719967602868229,0.7668202875359925,3806
184,5214.991543058222,49.04515499715913,0.8147835862844295,0.17397414277684092,0.00955593029792018,0,8.168813031079988,0.8978202982448649,0.7031932894563965,3558
185,4711.743399516937,46.359746576734096,0.7953382603752132,0.19897669130187606,0.003979533826037522,0,7.766192007444319,0.8945047422711563,0.6174693725540267,3518
186,5583.870470256853,49.96936968935975,0.8466427189831445,0.1464492953854656,0.0063553467808786955,0,7.285036866626844,0.880080443554084,0.721985296263371,3619
187,7946.460787460527,63.43416149480064,0.9349083895853423,0.06051108968177435,0.00313404050144648,0,13.496350676086807,0.8611426492679157,0.8658428148195362,4148
188,7115.828540777067,58.74145462935005,0.9053950396318077,0.09000255689082076,0.0025568908207619537,0,16.090256615854496,0.845412111243794,0.8306478403932328,3911
189,7075.805690793194,59.531249706017235,0.8923267326732673,0.10371287128712871,0.0029702970297029703,0,22.351301002309214,0.873294430597518,0.7804682046960083,4040
190,9812.463077259345,74.32528702376356,0.9829642248722317,0.015545144804088586,0.0006388415672913117,0,35.48101574008363,0.8493877420760636,0.9468271191886719,4696
191,7628.962566762805,61.90093307049262,0.9215252152521525,0.07380073800738007,0.002706027060270603,0,17.442463475370957,0.8457780232911042,0.8395688588226746,4065
192,6609.519622366986,57.04138798579553,0.8751279426816786,0.12128966223132037,0.0023029682702149436,0,14.32958484014976,0.8582736492677917,0.7714577791980866,3908
193,6116.337199404861,53.8680689034174,0.8591138232953038,0.13239586097107986,0.006367736800212258,0,12.395611198445316,0.8578681579555213,0.7414819793271903,3769
194,6985.205250162118,58.96063552320713,0.8922961854899027,0.1012216404886562,0.005484916479680878,0,21.52411479540249,0.8543269607884786,0.7780988894576014,4011
195,8489.9413543896,66.50541475172156,0.9497568881685575,0.0476962259782357,0.0013892104653855058,0,17.857845857906295,0.8702056951732893,0.875397651132935,4319
196,6937.370330040199,58.485910698007594,0.8935031847133758,0.10267515923566879,0.0022929936305732482,0,16.15846388291766,0.86246799540037,0.7850781913240631,3925
197,5580.284585539983,51.293480106041365,0.8330636461704423,0.16154261057173677,0.003236245954692557,0,12.357284001913193,0.8578339513945782,0.6815178497251139,3708
198,7051.696971815898,59.67582965994069,0.89125,0.10625,0.00175,0,18.450335240387805,0.8809757867612653,0.7854437795751812,4000
199,7434.513465887125,60.834860238381474,0.9142503097893433,0.08079306071871127,0.003469640644361834,0,21.483216776138573,0.8537223950456837,0.8396988410669332,4035
200,6514.487616432863,56.31224167140296,0.874326750448833,0.12105668120030777,0.004616568350859195,0,17.726060796072797,0.847573278815079,0.7546489305310261,3899
201,6638.7254192321825,56.31306400605248,0.8852246169826019,0.10724487146195794,0.006491820306413918,0,16.08616861951822,0.8581768847330355,0.780350713342851,3851
202,6285.250954667854,54.591992662883534,0.8695767899920149,0.12110726643598616,0.0077189246739419745,0,12.158407614817175,0.848920934444205,0.7770105705979863,3757
203,7351.346686647273,59.74233028032906,0.9176143543088198,0.07783674500884509,0.003032600454890068,0,15.230617079481359,0.8453434167717361,0.8599386576228185,3957
204,9137.366417343434,69.82103192442301,0.9757973309206062,0.022845510065596018,0.00045238633793259444,0,16.508182489476255,0.8807732209322148,0.9422772838491463,4421
205,7742.433407841377,61.77120784930623,0.931930693069307,0.0646039603960396,0.0017326732673267327,0,14.615961788147471,0.8607503047670632,0.8839860142247377,4040
206,8437.087245836525,66.96281312301186,0.9422809457579973,0.056096430227167364,0.0002318034306907742,0,33.72764996883533,0.8715561411865893,0.8640447452566852,4314
207,7627.546229249175,62.229094676439644,0.9176328502415458,0.078743961352657,0.002173913043478261,0,22.87329322728411,0.8591325847214638,0.8138486647792804,4140
200,6514.487616432863,56.31224167140296,0.874326750448833,0.12105668120030777,0.004616568350859195,0,17.726060796072797,0.847573278815079,0.7546489305310261,3899
201,6638.7254192321825,56.31306400605248,0.8852246169826019,0.10724487146195794,0.006491820306413918,0,16.08616861951822,0.8581768847330355,0.780350713342851,3851
202,6285.250954667854,54.591992662883534,0.8695767899920149,0.12110726643598616,0.0077189246739419745,0,12.158407614817175,0.848920934444205,0.7770105705979863,3757
200,6514.487616432863,56.31224167140296,0.874326750448833,0.12105668120030777,0.004616568350859195,0,17.726060796072797,0.847573278815079,0.7546489305310261,3899
201,6638.7254192321825,56.31306400605248,0.8852246169826019,0.10724487146195794,0.006491820306413918,0,16.08616861951822,0.8581768847330355,0.780350713342851,3851
202,6285.250954667854,54.591992662883534,0.8695767899920149,0.12110726643598616,0.0077189246739419745,0,12.158407614817175,0.848920934444205,0.7770105705979863,3757
202,6430.8631918503215,54.93962232941463,0.8784603216451358,0.11442130239915634,0.004745583970471922,0,11.933177616760652,0.8494325531585595,0.7838718762601087,3793
203,7367.079236907108,59.665159217623255,0.9174033846931043,0.07552412225309421,0.004294013639808032,0,15.630926751741514,0.8448278594044286,0.8539603494789935,3959
204,9111.7123784618,69.85421192432618,0.9704888488398288,0.026807839603514304,0.0009011038522189682,0,16.88592686800284,0.8808649980532126,0.9385648944936374,4439
205,7783.225482052392,61.62748365144618,0.936849925705795,0.058692421991084695,0.0027241208519068845,0,15.01981028104877,0.860988791742239,0.8758906465186487,4038
206,8487.416514543569,67.75409493526645,0.9383280036546369,0.06007309273640932,0.00045682960255824577,0,34.72474610413799,0.8716663810218411,0.8519053495782788,4378
207,7515.474399000918,61.2673433639193,0.9161603888213852,0.08019441069258809,0.002430133657351154,0,23.663726409437594,0.859257373819653,0.8207326677273437,4115
208,8356.031703099065,65.89433668622077,0.944612520363044,0.050965790086106584,0.0018617640214102862,0,28.23421914874863,0.8491191577417011,0.8723737518736364,4297
209,7925.419004635355,64.01758426512136,0.9255671077504726,0.07112476370510397,0.0016540642722117202,0,18.913563967810923,0.8555344234596974,0.825237630343837,4232
210,7938.762154508191,63.430208685870205,0.9347668518965934,0.06209229282435371,0.0019328340178787146,0,27.109642617578636,0.8494600791795446,0.8631459573377664,4139
211,6416.744521884273,55.356465599404636,0.8709677419354839,0.12174817898022892,0.005202913631633715,0,15.585760244917244,0.8833910271824803,0.7611277767564149,3844
212,7291.457716189348,60.844640225721726,0.8990891658676894,0.09851390220517738,0.0011984659635666348,0,16.75367183349826,0.8643180314084076,0.7838168027138946,4172
213,5592.804172069183,50.70598681178147,0.8415135727995613,0.1546476556073485,0.0021935837674801205,0,8.573229992012184,0.8692237427601975,0.7061283340736235,3647
214,5934.381838224276,52.66122313608192,0.854194585901903,0.1385687483248459,0.005360493165371214,0,7.441744779036802,0.8707926011123692,0.7452587553433406,3731
215,6410.658575099691,56.13225273304419,0.8641817717641052,0.13020168496298187,0.0040847587439366865,0,13.6939715212492,0.8649023284465026,0.7360812174748635,3917
216,7446.1365305527615,61.4476840589839,0.9085365853658537,0.08804878048780487,0.0024390243902439024,0,16.974252576252486,0.8728813823753008,0.8165907661384787,4100
217,6538.094702398807,56.55553187411316,0.871501272264631,0.12391857506361323,0.0035623409669211198,0,20.633305404723163,0.8580533443470961,0.7501141962216081,3930
218,7047.118618139498,58.93041742143262,0.8954068896655017,0.09960059910134798,0.0029955067398901645,0,17.57374690529598,0.8713317970549044,0.8129594413801425,4006
219,7106.2159819415765,58.278063428230595,0.9120936280884265,0.07958387516254876,0.006762028608582575,0,10.934143108979216,0.8774071662951574,0.8637889827238319,3845
220,5368.158532278034,51.569850844816955,0.8076120959332638,0.18873826903023982,0.0020855057351407717,0,17.750866506121042,0.8836032967483164,0.6069692319067425,3836
221,4459.371542474211,45.17268384420857,0.7788516202387721,0.21233655486071631,0.005969300739056282,0,8.261381443860436,0.8987300143298874,0.5937485563356688,3518
222,8396.480456506366,65.54725802201047,0.9514951730633389,0.04567930303743819,0.0011773016246762421,0,14.148750874367925,0.8364395512836995,0.9013604803437456,4247
223,6222.533530027985,53.61958898019216,0.8734793187347932,0.12219518788861855,0.0029737766964044337,0,9.59600178699109,0.8773364240272079,0.7909570886865759,3699
224,6588.741726646514,56.47243151653616,0.8790757381258023,0.11758664955070604,0.0015404364569961489,0,14.821650488164813,0.8529154591301857,0.7648890394815494,3895
225,6448.950392856889,55.65842905934687,0.8768988999476166,0.11917234154007333,0.002881089575694081,0,12.674513415252191,0.8765186961312922,0.7664769709594027,3818
226,6836.575169964919,57.63140171045957,0.8885534591194969,0.10591194968553459,0.0037735849056603774,0,12.225311196838412,0.8858497237229347,0.7855919114574724,3975
227,7228.721083680912,59.32667270426139,0.9118157047312361,0.08595491701758731,0.0009908347783007183,0,8.74699040273798,0.900950775186946,0.8020545173181904,4037
228,6382.726806258118,55.0872559410181,0.8744824016563147,0.12111801242236025,0.004140786749482402,0,11.423643308639805,0.8980751111428399,0.7414679092946799,3864
229,6469.490507288241,56.84051568540318,0.861939363568028,0.1363066900526184,0.0,0,15.614152072971926,0.8836528898116358,0.7203958724108822,3991
230,5374.940847405208,50.23444589591669,0.8232014865941067,0.17547119723918236,0.0002654632333421821,0,10.571825014793125,0.8950556358320461,0.642362891975872,3767
231,7751.968416395076,63.91423350596089,0.9078128601060153,0.09034339709610509,0.0013828070984097719,0,25.149982528373478,0.8650922899819252,0.7836973014554103,4339
232,6978.820890053184,58.65459866310849,0.8943894389438944,0.10281797410510282,0.0010154861640010156,0,17.985399639907946,0.8460289883973123,0.7962584748533406,3939
233,6744.366039898371,57.14953705347961,0.8840361445783133,0.11244979919678715,0.001004016064257028,0,11.033135037706451,0.863179850539979,0.7609429995696522,3984
234,7560.494833720395,61.29251116871257,0.9245188702824294,0.07298175456135966,0.000999750062484379,0,11.815620663871291,0.8555829529986475,0.8700201652431108,4001
235,5870.449706354209,52.216842679250774,0.8543155579989005,0.14293567894447498,0.0,0,9.234635045322422,0.8633326648124634,0.7517363481499169,3638
236,4822.372501061535,46.79564395974246,0.8002241524236481,0.19753432333987112,0.0008405715886803026,0,8.949638403142155,0.8675766010147192,0.6329525905503215,3569
237,8038.383879414599,65.3357177258389,0.922792417938049,0.0758206195099399,0.0002311604253351826,0,18.85347680527582,0.8655263203838933,0.8249953281868521,4326
238,7960.5558338286455,63.44262406409695,0.9349554324259215,0.06287641532160924,0.000963623223319682,0,20.29333496250105,0.8671104592377812,0.8723481980251628,4151
239,7283.378391429886,59.30590904601887,0.9151515151515152,0.08181818181818182,0.00101010101010101,0,13.550187042025305,0.8662788558622928,0.8346560844271778,3960
240,8261.840102754923,67.33726161282827,0.9211767347855379,0.07770042667864362,0.0,0,25.746712179354354,0.8678521413941043,0.8069827907677929,4453
241,7765.102877727763,64.47706962615106,0.9022161297692484,0.0941283984464245,0.0018277358921635824,0,22.120316302823902,0.8644802826417056,0.7750119507467164,4377
242,6269.8840048749735,56.37348108004719,0.8498498498498499,0.1473973973973974,0.0012512512512512512,0,17.524855044267913,0.8757719260521172,0.6885749509016774,3996
243,8655.531999360792,67.47196763680466,0.9525431425976385,0.04586739327883742,0.0006811989100817438,0,19.14387512884243,0.8643966084136172,0.8863727045721215,4404
244,7429.719471045523,61.6811927718734,0.904969696969697,0.09163636363636364,0.0019393939393939393,0,24.600443612533716,0.8554895169992556,0.8059136177385532,4125
245,7884.616589885204,64.46441479625678,0.9163374389960492,0.08273297699279572,0.00023239600278875203,0,26.943584232472087,0.8723486862547288,0.8155722859388249,4303
246,9103.882681540335,69.8031569887705,0.9671184181293045,0.03110419906687403,0.00044434570095534326,0,18.0912350273632,0.8526398910492062,0.9197124687530183,4501
247,5741.191808018383,52.83037415865733,0.8336820083682008,0.16344142259414227,0.0005230125523012552,0,13.145964293896862,0.8682944898559931,0.6785731148647013,3824
248,6944.877276006567,57.69734844425708,0.8978194726166329,0.09913793103448276,0.002028397565922921,0,12.37263942269567,0.8549242188098336,0.8039257395453555,3944
249,6510.328856912171,56.420578617383505,0.871814282109513,0.12566237698713095,0.001514004542013626,0,15.076251547895696,0.8636111396998932,0.735154374672399,3963
250,6730.702700835684,57.01974256719121,0.8866632860040567,0.10953346855983773,0.0015212981744421906,0,12.321497632808798,0.8582048616013391,0.766752336182411,3944
251,5839.375306703098,52.53553701755483,0.847255369928401,0.15062317687616017,0.0005303632988597189,0,11.627780511461413,0.8769605165056465,0.6979220601566208,3771
252,5073.2346085671825,50.06330977479892,0.7957635983263598,0.20292887029288703,0.0002615062761506276,0,19.43011810809384,0.8791928701203183,0.5910692541923297,3824
253,7274.8974812148035,59.66366300315599,0.9092030594621269,0.08931655563779917,0.0,0,16.63715706766107,0.8674162104895147,0.809910574133417,4053
254,7150.239777471083,58.61486885586642,0.9122762148337595,0.08491048593350384,0.0020460358056265983,0,8.972239310967499,0.8638187227499047,0.8482112448984211,3910
255,7515.241332408057,61.98201487801567,0.9095923261390887,0.08896882494004796,0.00023980815347721823,0,17.81711650516209,0.854199893831618,0.795465550133866,4170
256,6355.477479954832,56.10013440656435,0.8600400600901352,0.13795693540310466,0.000500751126690035,0,13.38097325560572,0.8485126778455585,0.6976247251103842,3994
257,7217.281809955168,59.48482444508374,0.9061102831594635,0.09239940387481371,0.00024838549428713363,0,16.292614549065387,0.8454673691025818,0.8110916574759544,4026
258,6689.096402921467,57.342841108855694,0.8798791236464366,0.11785444472425081,0.0002518257365902795,0,13.658652086151509,0.856184611659394,0.7630198624768842,3971
259,6156.214297137739,54.854819870341764,0.8536523288368542,0.14456604734029016,0.0,0,13.066156825867859,0.87389173224531,0.7030542225701306,3929
260,7493.688471189298,61.045267296595014,0.9135832521908471,0.08568646543330087,0.0,0,19.19089765433223,0.8640481180937807,0.8232727590188558,4108
261,8216.19432956741,65.36034231621997,0.9406919275123559,0.05742527653565545,0.0002353494939985879,0,23.431207989670966,0.8693730085839929,0.8720065289729061,4249
262,8223.011904588022,65.09984652097593,0.9440113394755493,0.05433498700685093,0.0009449562957713206,0,27.57628057748746,0.8338866641743097,0.873092043222214,4233
263,7562.154390190283,62.2184229440197,0.9090257879656161,0.08763132760267431,0.0016714422158548234,0,26.72174170214902,0.8625722081860573,0.8122131932443138,4188
264,7239.33463891151,61.56307067386945,0.8881781568348732,0.10968964700307984,0.00047382136934375743,0,21.330281466063564,0.8617052811935058,0.7333720585465966,4221
265,7947.5639820045635,65.84749028729514,0.9119944852941176,0.08731617647058823,0.0,0,27.413044332852884,0.8654118997083838,0.7916729462391863,4352
266,4962.900978459091,49.2054370536936,0.7921734531993654,0.20518244315177156,0.0,0,13.830259618680333,0.8977771179604352,0.5872255616122006,3782
267,6556.971056142739,56.486819555718746,0.8734497595545432,0.12477853707922044,0.0002531004808909137,0,15.324231047987201,0.8533355274004442,0.7418978627343061,3951
268,5927.889852140403,53.438653417087814,0.8460342146189735,0.15163297045101087,0.0007776049766718507,0,13.990435092402251,0.8738732502095813,0.6846613518178307,3858
269,8278.79291387277,66.5730360701931,0.9316298342541437,0.06698895027624309,0.0,0,21.018504131543626,0.8559764644355016,0.8497298959813347,4344
270,6748.018111242916,58.144652599897476,0.875246062992126,0.12229330708661418,0.0004921259842519685,0,18.104160380531702,0.8648432208392709,0.7143611727048088,4064
271,5333.3979582602005,50.272670896547226,0.8180851063829787,0.1803191489361702,0.0,0,18.354452694888014,0.8624013279632537,0.6341950020797489,3760
272,5606.936524284773,52.641302397942056,0.8221017299251226,0.17609088561838368,0.0,0,14.909325014808877,0.8834005431121452,0.6452577725144594,3873
273,6145.658226481535,55.0568955155595,0.850939563230066,0.14728288471305231,0.0012696800406297613,0,15.724949326061818,0.89548469803414,0.6890570559661139,3938
274,6603.017386569372,56.90313968983333,0.8767915514206689,0.12119688207191351,0.0007543374402816193,0,15.904144472192403,0.888992271161828,0.7334177691939319,3977
275,7896.074014282283,64.5255942897864,0.9173457508731082,0.08149010477299184,0.00023282887077997672,0,21.94211835771039,0.8715907095219878,0.8134935354022875,4295
276,7290.427739044099,61.199475344573486,0.8954263935207242,0.10338256312529776,0.00023820867079561695,0,19.945566843179417,0.8808218753074312,0.7705085220290927,4198
277,7188.62321472365,60.47419508271457,0.8944809141745684,0.10357403355215171,0.0004862630683199611,0,19.08640815802596,0.855192579503128,0.7786976257247009,4113
278,7070.57116366361,60.0043443445351,0.8869523117889131,0.11183732752360204,0.0002420721374969741,0,20.111231626263976,0.8547679038291193,0.756847937834971,4131
279,7096.403640451587,58.91565119163428,0.8995568685376661,0.09896602658788774,0.0,0,13.523759127920755,0.8721557990076465,0.7942414689156173,4062
280,7718.887996527981,63.38559528475392,0.9133895131086143,0.08497191011235955,0.00023408239700374532,0,24.476365375836032,0.8589369700246776,0.8020352839592141,4272
281,8171.452814153143,65.61498123715693,0.9323447636700649,0.06626506024096386,0.00023169601482854495,0,23.972633916556497,0.8625784903975272,0.8367636506955318,4316
282,7062.259130054428,60.61848567115843,0.879667063020214,0.11843043995243757,0.0,0,18.232599723165176,0.8716219818016046,0.7421459890054999,4205
283,7945.734441587652,65.21460087863511,0.9124268347591176,0.08667266996848266,0.00022512381809995497,0,20.87414076392546,0.8410741627131337,0.7815634180602345,4442
284,7670.816982708213,62.6883300217852,0.9150560725363875,0.08303507516105942,0.0004772130756382725,0,19.505859940468923,0.8300179720233352,0.8288171452763261,4191
285,8234.348940076037,65.69171199304445,0.9334857142857143,0.06537142857142857,0.00022857142857142857,0,34.17448659591793,0.8452999957687515,0.8502173873167576,4375
286,8071.028194940149,63.18774631701947,0.9464544138929089,0.05161601543656536,0.000482392667631452,0,20.084568973834045,0.8422133092457681,0.8948641464581323,4146
287,8063.185843054836,65.31747152589402,0.9215686274509803,0.07660738714090287,0.00022799817601459188,0,18.824194396248707,0.8628115924527048,0.817538519641952,4386
288,4878.429490000307,48.169100304860784,0.7942609637249594,0.20357336220898756,0.0,0,13.404114946723132,0.8635058612740842,0.596093266076196,3694
289,6854.681043223206,59.039668287064245,0.8770053475935828,0.12153621779290229,0.0,0,23.316396246786844,0.8789726699454944,0.7170072193023104,4114
290,7591.352545581507,62.62313909971986,0.9074117371989713,0.09141921907879355,0.0,0,15.01748563990844,0.8665084920690296,0.7829184170100664,4277
291,5732.357546607739,54.00103855388535,0.820962888665998,0.17753259779338015,0.0,0,17.83458143627066,0.862769812663192,0.6306481153310439,3988
292,6017.299719038287,54.77631780720468,0.8415466262319939,0.15668435683598686,0.0,0,15.30406294681705,0.8860813199393541,0.6557421326150131,3957
293,7164.101490618246,60.90053708531658,0.885781990521327,0.11255924170616113,0.00023696682464454977,0,17.958213528599384,0.879936880458627,0.7439960214937524,4220
294,6726.4047549797115,57.852057259383564,0.8749082007343941,0.12435740514075887,0.0,0,14.164179478189938,0.8649575953393754,0.7195273492305265,4085
295,8126.884723171997,65.86085404540687,0.9218820351193157,0.07721746960828456,0.00022512381809995497,0,22.55904232064612,0.8619711998721644,0.8130181572498202,4442
296,7031.802613366543,59.10703222263418,0.8943433840019935,0.1046598554697234,0.0,0,16.817553705982693,0.8366744887514882,0.7859756304070662,4013
297,7680.139736248733,63.787076017383605,0.9039301310043668,0.09469087566076764,0.0,0,19.62166826055035,0.8351531505667456,0.776773769699009,4351
298,8978.328081270885,69.54530189099019,0.9609549308344489,0.037706381079875055,0.0,0,22.329264289330432,0.8584668272760697,0.9019711294565922,4482
299,6748.046859407929,57.95835949707387,0.8755186721991701,0.12301684159140834,0.0,0,16.11730804350991,0.8609715503046151,0.7338857208439798,4097
300,7440.391273923584,61.01186511726485,0.908521906596052,0.08955223880597014,0.00048146364949446316,0,18.48031856695797,0.861149445017243,0.8040836578365659,4154
301,5718.236043053503,53.2398874748569,0.8277707006369427,0.17095541401273887,0.00025477707006369424,0,14.228523531688122,0.872993959097266,0.647633381150289,3925
302,8074.907871915039,66.07220565513786,0.9158083296014331,0.08240035826242723,0.0002239140170174653,0,21.358559666857193,0.8537299971882097,0.7979803552836991,4466
303,5886.895015368347,53.95177982226257,0.8356510745891277,0.16257901390644752,0.0,0,19.379017143146143,0.85024348059848,0.6525318498694564,3955
304,7999.895599736137,64.15893128537452,0.9284552845528455,0.07038327526132404,0.0004645760743321719,0,15.399791346062779,0.8596096729572624,0.8418522273962978,4305
305,8030.65483578689,65.4122279922393,0.9184895233709417,0.08012894312687083,0.00023025558369790466,0,22.523963142924156,0.8684819193431846,0.8218618409561671,4343
306,7205.251568836091,60.843103288325636,0.8875823142050799,0.11147695202257761,0.0,0,17.40567702651665,0.8707654756870947,0.7441444080720367,4252
307,6977.638859189339,60.52969676975681,0.8734117647058823,0.12564705882352942,0.0,0,18.059912941005194,0.8569172531886584,0.7238891481756023,4250
308,7641.21637099946,62.44287095531145,0.9171837708830549,0.08186157517899761,0.0,0,15.574356854068736,0.877427852302807,0.8183406361675484,4190
309,6934.058907243097,60.61539663548679,0.8684579439252337,0.13060747663551403,0.0,0,26.646113989166,0.8637786576462129,0.6922269359870385,4280
310,7822.126837140178,63.70948178247192,0.9181585677749361,0.0797488956056731,0.00023250406882120437,0,12.592725466843785,0.8669991252862506,0.8200063464912075,4301
311,7672.777337391411,64.1245189623044,0.9016169437485766,0.0976998405830107,0.0004554771122751082,0,19.62377006025531,0.8768830577002846,0.768568207930591,4391
312,6799.561049328361,57.54810680657972,0.8891414141414141,0.10909090909090909,0.0002525252525252525,0,11.881725882820298,0.8642880456538925,0.7649964832917183,3960
313,6020.5973409606295,54.64209052310308,0.8389578163771713,0.15930521091811414,0.00024813895781637717,0,12.16794099563526,0.8828652424819782,0.66477398284067,4030
314,7043.596082504933,59.64675145764731,0.8900409934892693,0.10923559199421268,0.0,0,14.464973697910718,0.873278592670843,0.7414486503017969,4147
315,6809.427645931783,59.07619055145298,0.8688018979833927,0.13001186239620402,0.0,0,20.101533904606946,0.8771178422450823,0.7140011213461942,4215
316,7455.668821963716,61.904051369287856,0.9017286289367749,0.0956665877338385,0.00023679848448969926,0,21.570449947516185,0.8514286269668798,0.7812618879444836,4223
317,7348.026796267992,62.66982458429532,0.8844116969836519,0.11397651393046282,0.0,0,23.78429996876635,0.8662862975600174,0.7410834982391541,4343
318,6029.456477480458,55.26938214942902,0.8355392156862745,0.1625,0.0,0,21.597249922324956,0.8593207592696273,0.6329564945718797,4080
319,6611.344608596897,58.16902580819582,0.8629245964827752,0.13562996868224525,0.0,0,15.132460596679092,0.8797210171621878,0.6899396125104055,4151
320,6734.1847704486445,58.350659831345745,0.8710691823899371,0.1269956458635704,0.0,0,16.83437753926042,0.8634004666402741,0.7149005457583957,4134
321,8431.117443813084,67.70771695132949,0.9305156007966364,0.06882053551670723,0.0,0,26.308060212601205,0.8609519810092208,0.8107412102880862,4519
322,6558.079901528909,57.4050415785929,0.8659313725490196,0.1323529411764706,0.0,0,16.75493308602909,0.865227750090111,0.7020822322681078,4080
323,6288.811712069833,57.11105686161242,0.8438402309913379,0.1551973051010587,0.0,0,19.574290490045225,0.8584640776663105,0.6572120156569224,4156
324,7692.381822821369,63.036965304802,0.9109255393180237,0.08791463697517977,0.0,0,17.122988272117727,0.8584398430230972,0.7845479769937139,4311
325,6829.127598953368,59.30755785312455,0.8709677419354839,0.12831541218637993,0.0,0,19.75160804936523,0.8433625129012005,0.721836948516404,4185
326,7200.71859162079,60.8902774385835,0.8900473933649289,0.10829383886255924,0.0,0,17.27206691296238,0.8492430282897682,0.7609821072434058,4220
327,7750.216677468068,63.649497290019724,0.9132569558101473,0.0851063829787234,0.0,0,15.86205033989014,0.8682009426140759,0.8143722800209248,4277
328,6785.66618697271,59.30786506036391,0.8673928486857684,0.1314231588917831,0.0,0,18.590735161297943,0.8571541056052318,0.6946556794287579,4223
329,6765.305809310978,58.73314068081289,0.8735187424425634,0.12575574365175332,0.0,0,14.50135245717069,0.9015251687118012,0.7184898085162761,4135
330,7821.900719032757,64.41317249820918,0.9087599544937429,0.08987485779294653,0.0,0,16.818674914917352,0.8738161217383481,0.7887585860768521,4395
331,7127.698333012199,59.90651906831904,0.8921968787515006,0.10636254501800721,0.0,0,13.889125894961944,0.8872588985930426,0.7705276351388439,4165
332,8088.834786729273,66.14532438530858,0.9178329571106095,0.08148984198645598,0.0,0,18.46788693510002,0.8973074049504417,0.7995422952788735,4430
333,5911.076650730859,54.49040924019674,0.8307426597582038,0.16679003207500617,0.0,0,13.543843656676543,0.8647174902678243,0.6426777494566677,4053
334,7639.802696002863,63.627324230033324,0.9020417526955724,0.09635237439779766,0.00022941041523285156,0,14.950372877786112,0.8861492166069245,0.7690447063582115,4359
335,6576.43095745328,58.63586755254897,0.853993837402228,0.14458402465039108,0.0,0,19.249030202470895,0.8529246649785103,0.6759308082454103,4219
336,7002.580343455872,60.167706372496475,0.8793226806582399,0.11972334843787265,0.0,0,15.30642820399585,0.8657972964738223,0.7284820824479376,4193
337,7947.100718847036,65.21870048753495,0.911744738628649,0.08689748811948404,0.0,0,18.27076872185597,0.8441552058976136,0.7951308327536005,4419
338,8571.219260389109,68.6320372296539,0.9385300668151447,0.06102449888641425,0.0,0,17.969320903185164,0.8624887064991619,0.8428937613645604,4490
339,6995.165824526442,59.14477518724501,0.8888621022179364,0.109450337512054,0.0,0,10.858959886767767,0.880364516465194,0.7479765860623729,4148
340,7090.8519077575465,60.30883180800584,0.8864451350705236,0.11259861343533349,0.0,0,14.533164577235503,0.8693328897828446,0.7450964660831096,4183
341,6829.269430246322,59.61126371126369,0.8668548576805457,0.13149847094801223,0.0,0,19.06584239213491,0.8845179251268546,0.6937165333601097,4251
342,7990.719161868894,65.87757163509347,0.9068572704936342,0.09090909090909091,0.0,0,23.699565427627963,0.8749865457707625,0.79012925736601,4477
343,9021.061162272168,71.74176262975323,0.9389264581572274,0.05980557903634827,0.0,0,29.735564032468123,0.8676441512996129,0.847096178451629,4732
344,7777.0551158354865,63.9199733456182,0.9114799446749654,0.08667588750576302,0.0,0,19.466339363107835,0.8386251813752418,0.7990826766144703,4338
345,8708.621904918899,68.09594655247096,0.9479537366548043,0.05048932384341637,0.0,0,23.2043371454813,0.8431569734532716,0.8728296322201902,4496
346,9055.179867493815,71.09808291444328,0.9503012048192772,0.048838209982788296,0.0,0,23.60712769722174,0.8591820694904372,0.8734392310499624,4648
347,8563.574846545487,68.28768151719648,0.9354410789299138,0.06345346009285872,0.0,0,30.37585172467491,0.8390601209306048,0.848486743113793,4523
348,7657.7845856814965,63.9106440636368,0.900045850527281,0.09880788629069234,0.0,0,27.894244977212868,0.8620433527838081,0.7583255650555476,4362
349,6403.740856961847,57.585308020616154,0.8480019029495718,0.15104662226451,0.0,0,25.733835521989434,0.8668327100505497,0.6483028864622103,4204
350,6896.876752131502,60.38760553427192,0.8664033457249071,0.1324349442379182,0.0,0,17.088011004204727,0.8714586137672005,0.6947269701209067,4304
351,7913.5906218074515,64.61026269697625,0.9181232750689973,0.08072677092916283,0.0,0,13.045306649507433,0.8848161432583549,0.8120375800807574,4348
352,7016.230450260735,60.22192599885358,0.8767219238851273,0.12211067009105767,0.0,0,16.859591407255717,0.8739825944371553,0.7154470217639924,4283
353,8461.106133224192,67.52693796022515,0.9351497410493133,0.06372438639945958,0.0,0,17.114957273760435,0.8797136841131978,0.8582091186273698,4441
354,7247.293860857276,61.83824696730135,0.8833914053426248,0.11591173054587689,0.0,0,24.98157140778367,0.867122988434773,0.7354857887982795,4305
355,7261.7837704812055,62.62448058140949,0.8757679180887372,0.12286689419795221,0.0,0,22.731753070431935,0.8834181239190797,0.7083965259848953,4395
356,9198.747108813672,72.07378570111243,0.9511111111111111,0.04825396825396826,0.0,0,24.74720406504575,0.8611872658681151,0.8711430498507721,4725
357,6434.299289030006,56.988158100009485,0.8585558852621167,0.1404549950544016,0.0,0,23.258152179208018,0.8681843628965829,0.6921574877112542,4044
358,7091.462270974578,60.08570649181215,0.887881679389313,0.11092557251908397,0.0,0,17.708744209157643,0.8678744302635895,0.7425484397019031,4192
359,7142.9901727772185,60.20757060698013,0.8883907503539406,0.11090136857008023,0.0,0,17.146855611362547,0.8441789995246616,0.747116622223478,4238
360,7474.862111086375,62.93061110401397,0.8910461397898584,0.10735495660118775,0.0,0,17.316424427044442,0.8634337328526255,0.7325392249492398,4378
361,8733.145400560396,69.32387503360373,0.9398381098227959,0.05841172609932181,0.0,0,19.274699022181203,0.8507192801437214,0.8463900530416362,4571
362,7510.162762029572,64.0325145346825,0.8835081455032359,0.115376032135684,0.0,0,20.888612314136175,0.8737860199900527,0.7158064591839997,4481
363,8766.823599508381,71.47425559597713,0.9199251247920133,0.07965890183028286,0.0,0,27.04953786689428,0.8816508901872793,0.7919723292181077,4808
364,6913.444204037343,59.71596115280366,0.8738717339667459,0.12470308788598575,0.0,0,22.156072915398852,0.8772285317621484,0.7079685365820502,4210
365,5484.248841581598,52.46549667121464,0.8124842052059641,0.18625221127116504,0.0,0,14.254461284160607,0.8884753376535088,0.5969897408145842,3957
366,7068.603192665462,60.387224516994934,0.8831908831908832,0.1144349477682811,0.00023741690408357076,0,14.190417933838177,0.8843749114381628,0.7333860846029985,4212
367,6804.328138333806,59.47652690667555,0.8628359592215014,0.13484708063021317,0.0,0,16.42143312199124,0.8766562473448244,0.675608313016606,4316
368,7359.633146503817,62.293226567120236,0.8900717426521638,0.1094654015274242,0.0,0,15.979403533769192,0.8707412886458844,0.7559937878026207,4321
369,5757.445680931019,54.036195900028304,0.8209542547958681,0.17683226758485,0.0,0,15.660066025824884,0.8937345508548059,0.6135406323088471,4066
370,6466.4884383329445,57.32892631814411,0.8571082586582708,0.1416807943812061,0.0,0,14.522892356816165,0.8913823999159477,0.6734318623321986,4129
371,6198.932600176274,56.71678211465988,0.8381044022131344,0.16093336540774597,0.0,0,18.236011519345062,0.8712887113948106,0.6285224545734481,4157
372,8821.249643060166,70.35732913996658,0.9348708093102712,0.06384796070894726,0.00021353833013025838,0,21.900100285960768,0.8706595371103246,0.8415132925330584,4683
373,7721.917182884565,65.27478498518002,0.8893263342082239,0.10979877515310586,0.0,0,23.131914220283427,0.867243359405303,0.7119152920936825,4572
374,7521.129384658806,63.286480922913434,0.8925413738381319,0.10632509635003401,0.00022670596236681024,0,25.287940956359726,0.8686965224362801,0.7320757944109326,4411
375,7612.0891356778875,63.95102665506347,0.8957388939256573,0.10335448776065277,0.0,0,20.574453320511683,0.8678819517209235,0.7375049328760119,4412
376,7306.439641668783,61.83195680707662,0.8889147647880764,0.10922217047042385,0.0,0,19.451981512440096,0.8683571853355291,0.7268729437317114,4294
377,8185.593580286636,67.83406691556478,0.9092499453312923,0.0894380056855456,0.0,0,28.772173668152703,0.8598668348545898,0.7651009852339288,4573
378,8271.629196544935,68.03705477395025,0.9114910192599005,0.08785977061242155,0.0,0,36.04133439911444,0.8666205959965382,0.7758970614302512,4621
379,7270.449456885077,63.46283515812825,0.8699460916442049,0.12870619946091644,0.0,0,36.79334500614969,0.8575407332108685,0.6802895748715423,4452
380,8229.106599241004,67.40121585040279,0.9188347787413832,0.08049810985101179,0.0,0,30.693396195806542,0.8520639916924898,0.8055340210819084,4497
381,6884.100017897802,59.75453164633478,0.8690977092099111,0.1294997662459093,0.0,0,22.612549034402306,0.8545558476559183,0.6867060891412948,4278
382,7972.708297228615,65.84852029401719,0.9072508896797153,0.09119217081850534,0.0,0,24.18559775401329,0.8501641143626582,0.7870853530110368,4496
383,8413.929093134113,68.26482024974106,0.9232954545454546,0.07539335664335664,0.00021853146853146853,0,29.97335091000403,0.8510971922458859,0.8087056361702217,4576
384,7305.30918630947,62.81164471007445,0.879302536231884,0.12001811594202899,0.0,0,27.289012503746285,0.8722008996920176,0.7055108103138125,4416
385,9356.496155811019,72.67982914742338,0.9587234042553191,0.039787234042553195,0.0002127659574468085,0,23.876302593927598,0.8545947988125969,0.9031387357904419,4700
386,7436.903285652399,63.30838673687404,0.8855340243352862,0.11356466876971609,0.0,0,23.421809225603766,0.8736966010593444,0.7215638174524036,4438
387,8632.458194002276,68.29033280175177,0.9429785330948122,0.05590339892665474,0.00022361359570661896,0,21.610188549043123,0.855710964502843,0.8681658347488292,4472
388,7123.667892348415,61.01618009812109,0.8798143851508121,0.11948955916473318,0.0,0,24.348161718774392,0.8460994708827482,0.7173061164821506,4310
389,7577.526949673426,64.32186191102305,0.8885912033936146,0.11096226836347399,0.0,0,23.899145281499614,0.8711408652596115,0.733454279222779,4479
390,6655.040583056016,59.79678971948986,0.8509604258273548,0.1476510067114094,0.0,0,22.618544874139364,0.8703975784347857,0.6440619588349527,4321
391,6731.961546294376,59.753758320809574,0.857577174929841,0.14101964452759588,0.0,0,20.1315311281668,0.8716898027323656,0.6702512024780258,4276
392,6321.790166007966,56.989076471074576,0.8472121650977552,0.1518223509534154,0.0,0,15.70008867307611,0.8662218637838888,0.6585248493378255,4143
393,7832.714742791219,64.98626132800365,0.9028430714125811,0.09626147302440116,0.0,0,31.812200425883614,0.8642784816311031,0.7643817228299077,4467
394,6922.115746258218,60.85277870432754,0.8631433187168244,0.13593353334871913,0.0,0,25.01472592572606,0.8800434377997707,0.6867145291118184,4333
395,7181.920076496572,61.50680014200972,0.8796508957280661,0.11920073495636196,0.0,0,22.028425168105933,0.8710158895818731,0.7040679593795623,4354
396,6128.053163142437,56.35008372882307,0.8350315380883067,0.16375545851528384,0.0,0,19.781903830878008,0.8803473145044795,0.6358934705878805,4122
397,6705.349572834889,59.119645099811386,0.8614984637201607,0.13684708106830537,0.0,0,15.737586605850055,0.8705209943747722,0.6881485987512487,4231
398,6595.149695867396,57.909202615134284,0.8615125240847784,0.13728323699421965,0.0,0,16.434170496754362,0.8783982704512167,0.687012135624891,4152
399,6154.548452554555,56.63689457353697,0.8334921391138638,0.16507860886136255,0.0,0,20.209470968829088,0.8787922295486037,0.6213581559895879,4198
400,6796.530885392463,59.53912199497307,0.8653483992467044,0.1337099811676083,0.0,0,20.60747800322799,0.8852524297656201,0.6852768218580787,4248
401,8010.237643281118,66.62988509494309,0.9030289823490957,0.0965351928524733,0.0,0,27.668775441993546,0.8621434358585152,0.7504280757834464,4589
402,7380.459481681412,63.040849724166,0.8837262012692656,0.11559383499546691,0.0,0,20.593669301775407,0.8785880317492405,0.7135816366395205,4412
403,6647.018581129505,59.04402753608354,0.8559757236227824,0.1430905695611578,0.0,0,19.23490004156596,0.882573225756313,0.6689568239793604,4284
404,5769.524326774863,54.82855200944821,0.8150734408861064,0.18348182037081628,0.0,0,20.51315018682462,0.8620770819252103,0.5923374884890039,4153
405,6639.652652210908,58.577301129650465,0.8617046818727491,0.1368547418967587,0.0,0,20.400594488609865,0.8825354399695666,0.7011743636556775,4165
406,7791.3071102921385,65.52209635829851,0.8931868131868131,0.1054945054945055,0.0,0,37.639626903843265,0.8473240874373614,0.7388420465748644,4550
407,8519.196283538357,68.16759053703979,0.9307996485061512,0.06788224956063268,0.0,0,21.248548449116193,0.8428480563494899,0.8444289629709603,4552
408,7983.700044325167,66.74768713067338,0.8994974874371859,0.09941009394800088,0.0,0,26.946054563278416,0.8481100531360644,0.7533556287580998,4577
409,7150.375309107312,60.96806687314262,0.8831534490849366,0.11543876114500234,0.0,0,20.142548616966454,0.8560362393322567,0.7287771648156681,4262
410,6183.8383035276875,56.416359130132754,0.8371537726838586,0.16141356255969436,0.0,0,21.78453808600933,0.8659641183321222,0.6212012189925343,4188
411,6233.292259226131,56.714557420105415,0.8412928123492522,0.15726000964785336,0.0,0,18.250179785145452,0.8906138255482371,0.6401150123715295,4146
412,6087.7569456695455,56.45793481870307,0.829583532790809,0.168741024413595,0.0,0,18.636937677896153,0.8919433657671823,0.612396689947729,4178
413,7277.009072181997,61.64115351472992,0.8860583603520148,0.11185734136174155,0.0,0,25.380746826944076,0.8581179571224397,0.7237499400871635,4318
414,7684.679578085061,64.38936146846402,0.8993410588502613,0.09997727789138833,0.0,0,18.92939751166876,0.8712509789739803,0.769222657723783,4401
415,7985.562501905769,66.3176331909369,0.9001751313485113,0.09763572679509633,0.0,0,29.108600753757912,0.8492740505202006,0.7608814706747615,4568
416,6483.661364270286,58.51421025645692,0.8460280373831776,0.1530373831775701,0.0,0,28.787504337155102,0.8598925310871014,0.6328418246838791,4280
417,7975.726341225783,65.31268347602156,0.9123676503717053,0.08605541788691147,0.0,0,29.09249601545242,0.8362010900121849,0.8017722958745945,4439
418,8224.295255847144,66.14295818087129,0.9248373345299529,0.07381646847655374,0.0,0,28.056866567520323,0.8393693756533134,0.8233084361353913,4457
419,7905.28403701178,66.19547739646484,0.8958742632612967,0.10281597904387688,0.0,0,30.865341283399296,0.8536575238510107,0.7485737273904468,4581
420,8224.922604451855,67.46649657966141,0.9113375243876003,0.08779536093648385,0.0,0,26.429807280817617,0.840195214750938,0.7742815807257946,4613
421,7655.2873580317455,65.08746958200665,0.8877076411960133,0.11140642303433002,0.0,0,20.24497576468711,0.8794998662594323,0.7319415558784804,4515
422,8357.372080445846,68.22003149299803,0.9189012426422498,0.07979071288423806,0.0,0,27.04606979026721,0.8649002962724153,0.782398134343441,4587
423,7788.595374652596,65.11756547034473,0.8994638069705094,0.09941912421805184,0.0,0,18.961638856937675,0.878920483143218,0.7599756750326203,4476
424,6737.37103413869,59.18363425293545,0.8625235404896422,0.13559322033898305,0.0,0,17.4255066163903,0.8693301813049475,0.6733308480975151,4248
425,6348.484949544461,57.30270744370313,0.8445608188526541,0.15424898833611045,0.0,0,17.3680886048367,0.8509656427884907,0.6474251890276528,4201
426,7255.678917891421,63.18278677777738,0.8702630405706643,0.12884529647793133,0.0,0,23.067001379501697,0.8774777533862778,0.682233860969536,4486
427,7466.841302364355,63.04931316625375,0.8917738970588235,0.10730698529411764,0.0,0,22.000832066491284,0.8414960845973029,0.7480113853687301,4352
428,6657.668312159272,58.66891516908967,0.860636277302944,0.13793922127255462,0.0,0,15.660941910320707,0.8743382396406889,0.6777494427680157,4212
429,6770.380786549301,59.73868204366536,0.8606825619448341,0.13814866760168304,0.0,0,19.82849720996722,0.8608937029999753,0.6785216281640288,4278
430,7819.814832178406,65.18385965980654,0.8983314794215795,0.10011123470522804,0.0,0,20.69108470759046,0.8597137311819747,0.7633106206553222,4495
431,7400.100611812815,62.84814123954816,0.8850158442734269,0.11407876867360797,0.0,0,19.055858206837495,0.8703028180658771,0.7165693836328162,4418
432,7376.32384244907,62.94719459544066,0.8828461364151371,0.11624745071380013,0.0,0,19.331373204572362,0.8750268183615528,0.719279524227992,4413
433,6489.300683491158,58.25219228552379,0.8482435597189696,0.1505854800936768,0.0,0,20.855048374309394,0.8703161769916465,0.6451464727790548,4270
434,6811.601167979826,59.76766865595894,0.8646175504458001,0.1346785546691694,0.0,0,15.50481255035358,0.8830228201084982,0.6871405272176605,4262
435,6831.82435708504,59.83795010548025,0.8643356643356643,0.13473193473193473,0.0,0,17.417950352901425,0.8879250430138352,0.6740741339198366,4290
436,6672.8650485629505,58.94097250012042,0.8570429104477612,0.14202425373134328,0.0,0,17.98569939682006,0.8534808336537093,0.6595479417262634,4288
437,6381.7198844479435,56.47652518316471,0.8565463031196267,0.1419798575288627,0.0,0,15.709703199744968,0.8856403698679021,0.6845510481551231,4071
438,7792.0713862066295,65.49198428824053,0.8936781609195402,0.10521662245800177,0.0,0,23.06385392337347,0.8653178398532773,0.7459510463005999,4524
439,7711.7738931028725,65.13150514187775,0.8908287292817679,0.10806629834254143,0.0,0,24.629859464657446,0.8852492800568986,0.7259692070358519,4525
440,6688.518290809012,59.3609920441932,0.8570424185610499,0.14178579798453245,0.0,0,26.38299268860314,0.8606178004160818,0.6593818861921616,4267
441,7134.6637626526135,61.14357002951502,0.8811025461340808,0.11819668301798646,0.0,0,22.552058524220477,0.8429535245130714,0.7249049491836657,4281
442,7691.708326973613,64.8135849452827,0.8915742793791575,0.10753880266075388,0.0,0,23.61511745907842,0.8550934536458328,0.7355233703790144,4510
443,6792.615363165095,60.460128576674045,0.8547320410490308,0.14412770809578107,0.0,0,32.31367942000661,0.8311681025314895,0.6453862450619946,4385
444,8247.26624243944,68.01332855865145,0.9087975908797591,0.0905571090557109,0.0,0,26.755252142544634,0.8613171005462699,0.7685374262742364,4649
445,7420.49914276919,63.39421478475712,0.8830027051397655,0.11541929666366095,0.0,0,22.034696289245836,0.8659563746284389,0.715506630272897,4436
446,7262.868436034268,62.49761673105928,0.8770380434782609,0.12182971014492754,0.0,0,24.59001703364062,0.8445378406292302,0.6929100842856927,4416
447,7497.957202189602,63.54381890399268,0.8862569832402235,0.11262569832402235,0.0,0,23.87458553381517,0.8725534198758648,0.7139431300281938,4475
448,7667.190974477706,64.82879528573167,0.8883548175660914,0.11142669871094603,0.0,0,37.15752923830039,0.8616104083695578,0.7120882015203497,4577
449,7458.79049881148,62.66711043255358,0.8914285714285715,0.10651428571428571,0.0,0,23.62161640254871,0.847929992115873,0.7366400672045655,4375
450,8221.733852353464,68.15582677897474,0.907192075796727,0.0921619293712317,0.0,0,38.21118213107842,0.8601073114764844,0.7516601346729509,4644
451,7294.538643102178,61.52304065415552,0.8899232022341168,0.10891319525250175,0.0,0,22.520355449062784,0.8575686734583735,0.7333239703102176,4297
452,6429.395000603204,58.1505191525579,0.8447058823529412,0.15435294117647058,0.0,0,17.20420853025886,0.8682378324026431,0.6394739045206993,4250
453,6496.354276573239,57.71451133900795,0.8552853359017578,0.14351071514567781,0.0,0,26.541730455443137,0.8594808292827407,0.6634764698400344,4153
454,6694.8986479177975,58.76521805675022,0.8617598490209956,0.13706062750648737,0.0,0,21.86198159065398,0.8938436073741916,0.6829418271378037,4239
455,6889.08134502222,59.772903693976765,0.8721094856064181,0.12741859367626238,0.0,0,19.50798562629277,0.8698551198123564,0.714034428455806,4238
456,6582.497027973847,58.83706686969976,0.8496762257169288,0.14939870490286772,0.0,0,21.421904832501557,0.8872782521536067,0.6525228904874982,4324
457,7370.248807732823,62.54096932680022,0.885720802919708,0.11313868613138686,0.0,0,21.65930496899913,0.8428271481847768,0.7227683247329357,4384
458,7468.813040548477,63.78693424114157,0.8818809895252953,0.11678181412970805,0.0,0,30.3374054440026,0.8439113622062605,0.7033778685303204,4487
459,7525.872582532579,63.402505936022756,0.8924093913836335,0.10645087759288809,0.0,0,18.24306221942954,0.8497752352872613,0.7384113706146759,4387
460,7754.0271871491395,64.46075460144772,0.9013261407057765,0.0979995504607777,0.0,0,20.35896317294916,0.8505795124511591,0.7538178966455541,4449
461,7421.422998951616,63.16805292627865,0.8871666286756326,0.11169364030088899,0.0,0,23.555494142208808,0.8543548788857146,0.7266504681150386,4387
462,6593.885983919161,59.264971819910436,0.8488991888760139,0.15017381228273466,0.0,0,22.397513006678338,0.866526702053863,0.6418153862178013,4315
463,7005.702425736228,60.56230377990906,0.8726975985078107,0.12590347400326415,0.0,0,22.235807171667297,0.8738013970328696,0.6993994920412054,4289
464,7329.3578429507825,62.740319359760804,0.8806546942486929,0.11798135939986361,0.0,0,21.235543036223387,0.8773842739367333,0.7073434653501756,4399
465,6433.616544094924,56.898397812387046,0.8554565165020477,0.1433389544688027,0.0,0,15.728843638513894,0.8871185897829066,0.6768373240523238,4151
466,7791.540714454139,65.15883986644333,0.896268325188805,0.10262105730786317,0.0,0,20.14460907311169,0.8359915409215409,0.7479837075166744,4502
467,6981.6455562285655,60.02256800767895,0.8773674242424242,0.12192234848484848,0.0,0,14.25206393842699,0.8562374885650778,0.7221362770306907,4224
468,6804.542114747781,58.00678691666006,0.8792011690209449,0.11982464685825621,0.0,0,12.928604935768904,0.8579434551494741,0.7558755316067959,4106
469,6963.951949230799,60.39725378401024,0.8714119019836639,0.12742123687281215,0.0,0,16.571958277584702,0.850904615710651,0.6900369849893462,4285
470,6635.7361306736375,57.90863192050159,0.866715045960329,0.1328011611030479,0.0,0,17.173639686167153,0.8830779612369238,0.6927246346168039,4134
471,8064.6679348443,66.1506440890812,0.9127054642381164,0.0866281652598845,0.0,0,27.574966928395884,0.8715865569630844,0.7809447441943842,4502
472,7472.655489046498,63.31513484767599,0.889849795175239,0.10969503868912153,0.0,0,22.027827278171404,0.8756118266494655,0.7294095104359873,4394
473,7212.015707377397,61.91898421465462,0.8799907685206554,0.11885529656127394,0.0,0,19.42088932446094,0.8694522559981338,0.7161745513350971,4333
474,7967.978438519534,65.86205403896103,0.9075892857142858,0.09174107142857142,0.0,0,29.30024169929403,0.8607343459753413,0.7856184442276352,4480
475,7502.478138621835,63.36652494649063,0.8883374689826302,0.11076020753440108,0.0,0,18.90978769680357,0.8772857841693231,0.7412445083427458,4433
476,7483.872737559101,63.207247492255696,0.8880647336480108,0.11081141829624634,0.0,0,21.892703575001242,0.8547335726357606,0.7217671038355292,4449
477,7553.101996465365,63.122490009809766,0.8956006382493732,0.10394346934123547,0.0,0,19.4005063542037,0.844538372956396,0.7777669941526647,4387
478,7700.981626214668,64.49984315651716,0.893353941267388,0.10554206226540075,0.0,0,25.077277092632954,0.8434498248286949,0.7338482704588037,4529
479,8142.040866259762,66.76862219912768,0.9123233215547704,0.08635159010600707,0.0,0,32.63182455729918,0.8645479682714711,0.7675569999225716,4528
480,6958.708261995264,61.067513581093834,0.865032080659945,0.134051329055912,0.0,0,29.878316887319126,0.8401468261947987,0.6744982613586417,4364
481,7367.3752717954085,63.26792276572825,0.8773019747060129,0.121588639893499,0.0,0,21.533277316686394,0.8933787497304182,0.6882354926589997,4507
482,6517.224904868735,57.98794082386969,0.8534217381008762,0.14539426947667536,0.0,0,21.213346548950266,0.8755106390129037,0.6555338612403561,4223
483,6336.618956339994,57.37857038426877,0.8418198962753418,0.15652993870815654,0.0,0,21.13851541322068,0.8548288436036537,0.6268919497711651,4242
484,7390.092543968267,63.0902010649892,0.8823264201983769,0.11677186654643823,0.0,0,24.66937478139679,0.8841179302087666,0.7091381049046904,4436
485,7988.4212234912175,65.79918389779677,0.9072759538598048,0.09183673469387756,0.0,0,22.13727263706776,0.8447082184607424,0.7729709514504799,4508
486,7473.675950005195,63.598970978177064,0.8840125391849529,0.11464397671294223,0.0,0,22.067463116418857,0.8619896501840226,0.7133370782692111,4466
487,6897.528060460019,60.706482816790306,0.8620133609767334,0.13660446901635567,0.0,0,24.874811266748466,0.8419818911722381,0.6740137085313411,4341
488,7422.194620762523,62.58988161748434,0.8901853122855182,0.10889956531686112,0.0,0,20.782547476067187,0.8474316852982631,0.7255147144783356,4371
489,6741.962496952718,59.92617916601576,0.8569444444444444,0.14305555555555555,0.0,0,20.46758451857018,0.8717077797612903,0.6650021476026515,4320
490,6701.918718204376,59.28152141014868,0.8570762415481464,0.14152483096292842,0.0,0,18.55776878110319,0.8837045448007308,0.6616540841565345,4289
491,6967.325648253305,60.56441733499157,0.87,0.1288372093023256,0.0,0,21.24533403464211,0.8776478134290632,0.6808222722430461,4300
492,7572.349685925567,63.866345270665484,0.8909460374802438,0.10792503951230525,0.0,0,23.06987995484418,0.86047156732691,0.7166289004598899,4429
493,7764.291538727364,64.79751655744653,0.8981005586592179,0.1005586592178771,0.0,0,20.446612958864776,0.8948778547461375,0.7347003115605765,4475
494,7468.395271713401,63.07228654741804,0.888159384197419,0.11002943174100067,0.0,0,22.333727924951916,0.85062373434899,0.7266711379619404,4417
495,6124.709904158477,56.311982900553495,0.8325813345998575,0.1655188791260983,0.0,0,20.452735379722867,0.8635137711291458,0.6115152308576773,4211
496,6143.827134576866,56.19489714830143,0.8354066985645933,0.16267942583732056,0.0,0,18.352577341766683,0.859302944985798,0.6295392475458693,4180
497,6670.522668566858,59.04248900478897,0.8581144465290806,0.14094746716697937,0.0,0,17.920899005999402,0.8685089735912048,0.6613303760613581,4264
498,7335.832444911973,61.82109709906483,0.8898148148148148,0.10925925925925926,0.0,0,20.910583601849698,0.8680054334626408,0.7442256976422547,4320
499,7121.052735029981,60.554044673610086,0.8829188174565932,0.11637728765837635,0.0,0,17.694743362172545,0.8825962358593261,0.7201470554696675,4262
500,7263.218669349078,62.01604083709952,0.882258064516129,0.11635944700460829,0.0,0,19.607716066639032,0.8847234891900695,0.7137825879192995,4340
501,6390.222610891861,57.61119900060951,0.8462455303933254,0.15208581644815256,0.0,0,24.46246836463018,0.8466892284704676,0.637471232411367,4195
502,6679.65143117759,58.612629060337134,0.8630104463437797,0.13580246913580246,0.0,0,15.867410499321352,0.8666979075309422,0.6718156192935063,4212
503,6868.532684083923,60.161580675159925,0.8641291810841983,0.13494809688581316,0.0,0,21.30835900367269,0.8450941318908113,0.6687562029901056,4335
504,7458.654592262346,63.29244486658431,0.8842509025270758,0.1141696750902527,0.0,0,22.426273837580894,0.8629856511701174,0.7213368558169925,4432
505,7232.751631185124,61.59929234605004,0.8820147194112236,0.11660533578656854,0.0,0,22.026132583225223,0.8642535683267787,0.6988793210844296,4348
506,7978.306644228164,65.89938540029357,0.9052048726467331,0.09324473975636767,0.0,0,23.61497889885024,0.8576321102392789,0.7696272843135552,4515
507,7543.294432737284,64.10623799079274,0.886277143496754,0.11305126483098277,0.0,0,27.037134897392498,0.8754680464493279,0.7099809124387795,4467
508,7158.177354362495,61.348270862564725,0.8790546802594995,0.11978683966635774,0.0,0,29.87954563663628,0.8640762895641937,0.7041564794384718,4316
509,7485.106550426511,62.58722100062207,0.8967353554063441,0.10257003936096319,0.0,0,15.89610966090211,0.8728904115204916,0.7527891000708162,4319
510,7788.069667239576,63.97076170927208,0.9057367829021372,0.09403824521934759,0.0,0,22.477347605428456,0.8518476190407135,0.7715184758260988,4445
511,8047.982287888905,65.7931974868907,0.9119482835488185,0.08626839054837271,0.0,0,22.403160050896467,0.8614475398100824,0.7846777356754856,4486
512,7638.482582653296,64.20755993412685,0.895117540687161,0.10443037974683544,0.0,0,25.085847512907232,0.8620869816060015,0.7510705226227663,4424
513,8433.776798870394,68.12078723500677,0.9213653056815727,0.07712248865845756,0.0,0,24.86735298228519,0.8696651806210267,0.8008229349452484,4629
514,7979.084283666262,66.27629788210042,0.9012884909368858,0.0974011792967897,0.0,0,22.84961382368514,0.8792710086995698,0.7512914641621946,4579
515,7926.487772539513,65.29693791150508,0.9080767514502455,0.09125390450691656,0.0,0,27.66621751444179,0.8765994582486738,0.7560801455596882,4482
516,6506.985126624789,57.929276962193235,0.852219074598678,0.14683663833805477,0.0,0,21.22686043393763,0.8709696500277583,0.6557424169019642,4236
517,7940.739072645405,64.39703741062061,0.9171409059867972,0.0817209196448896,0.0,0,29.142823707188427,0.8654310739620042,0.8024732397066201,4393
518,8499.251028824066,68.83268831035656,0.9206008583690987,0.07811158798283262,0.0,0,32.358413988718375,0.8612387472058998,0.7793024844471874,4660
519,7458.756471780145,63.229361902978546,0.8868480725623583,0.11179138321995465,0.0,0,36.11407989387379,0.8699917591329518,0.7261294991189068,4410
520,8643.59120632738,69.64869088451566,0.9259417808219178,0.07298801369863013,0.0,0,26.594677729767074,0.8704591195307201,0.8008997477820593,4672
521,6813.242713636317,60.33224925964456,0.8585602215043839,0.14051684356252883,0.0,0,28.315585124913838,0.8835408473676208,0.6590132806690936,4334
522,7258.2376561573565,62.1159016845948,0.8803477465110958,0.11805078929306795,0.0,0,22.430537768016784,0.8657871832459497,0.7086321942380693,4371
523,7483.158895454747,62.909054757017415,0.8907811080835604,0.10762942779291552,0.0,0,20.46372971241713,0.8755548819675257,0.7375244749699877,4404
524,7467.885881711764,63.458284386798105,0.8870748299319728,0.11201814058956916,0.0,0,26.106381817972768,0.8842602583306036,0.7033952106805526,4410
520,8643.59120632738,69.64869088451566,0.9259417808219178,0.07298801369863013,0.0,0,26.594677729767074,0.8704591195307201,0.8008997477820593,4672,16,10.0,1.0055270954639584
521,6813.242713636317,60.33224925964456,0.8585602215043839,0.14051684356252883,0.0,0,28.315585124913838,0.8835408473676208,0.6590132806690936,4334,16,10.0,1.0049317900280643
522,7258.2376561573565,62.1159016845948,0.8803477465110958,0.11805078929306795,0.0,0,22.430537768016784,0.8657871832459497,0.7086321942380693,4371,16,10.0,1.0025299209510998
523,7483.158895454747,62.909054757017415,0.8907811080835604,0.10762942779291552,0.0,0,20.46372971241713,0.8755548819675257,0.7375244749699877,4404,16,10.0,1.0019309981301094
524,7467.885881711764,63.458284386798105,0.8870748299319728,0.11201814058956916,0.0,0,26.106381817972768,0.8842602583306036,0.7033952106805526,4410,16,10.0,1.0021923361871636
525,7643.9704882326805,64.92888152013383,0.8843373493975903,0.11478641840087624,0.0,0,28.5017750792251,0.8661836298468023,0.7095561337768087,4565,16,10.0,1.0027052261301286
526,6768.7993972116365,60.08366059209777,0.8564527260179434,0.14239705544053372,0.0,0,26.516697239185447,0.861760914273731,0.6489263002597409,4347,16,10.0,1.0023287900304616
527,7550.618441674805,63.96929714540988,0.8868385949310805,0.111827478879502,0.0,0,28.881872113233243,0.8505174555337324,0.7190048584142912,4498,16,10.0,1.0004740647732864
528,7135.714289785377,61.66170708119198,0.8745412844036697,0.12454128440366972,0.0,0,22.746526542676765,0.8588606038865946,0.6920551778080205,4360,16,10.0,1.001746474626655
529,7149.651987530475,60.414696678440166,0.8849289541113441,0.11437223386908922,0.0,0,16.011189893500926,0.8466453264257111,0.7224132918180367,4293,16,10.0,1.0005452021946264
530,6790.881528839568,58.75884329914609,0.8682903759754079,0.13029084890044929,0.0,0,16.40536672001487,0.8530592988776163,0.7020568101574152,4229,16,10.0,1.0002243181974095
531,7188.62154535674,61.71552101390574,0.8780375974323704,0.12081613938560293,0.0,0,19.92488093663123,0.8634670252683775,0.7045301877653306,4362,16,10.0,1.0003938207063208
532,6666.152056388754,58.816459161666515,0.8595294117647059,0.13952941176470587,0.0,0,21.51641230057688,0.8544205115039096,0.6578094368576586,4250,16,10.0,1.000221005204692
533,8083.786476683049,66.52900128129816,0.9081677704194261,0.09050772626931568,0.0,0,29.111524551672204,0.8612790755325634,0.7754597172110463,4530,16,10.0,1.0
534,8165.81365278402,67.01770545801999,0.9116289294350407,0.08727192789624093,0.0,0,22.797353291543185,0.8593887008252817,0.7540263138062137,4549,16,10.0,1.0
535,7027.937452730188,60.110991100322586,0.8773164438189068,0.12174524982406756,0.0,0,21.2670443507621,0.8778550619827634,0.707608321525037,4263,16,10.0,1.0004763472783194
536,7111.9590988171385,61.955414258050574,0.867012869722285,0.13163242266877398,0.0,0,20.810142931930237,0.8573738397275015,0.6842494492995723,4429,16,10.0,1.0009342900367912
537,6805.72561004771,58.90266680443881,0.8700497984349064,0.12876452454351434,0.0,0,18.8082478743457,0.8500004352196198,0.6936208264609774,4217,16,10.0,1.0002511338789044
538,6738.94448291005,58.694069652390795,0.8656858092074039,0.1326530612244898,0.0,0,20.124767022998835,0.8663689595015511,0.6762866733571535,4214,16,10.0,1.0
539,6758.798554955518,59.95541309035463,0.8564185296151187,0.1424291311362065,0.0,0,18.58922653585195,0.8728519122926924,0.6547884437158288,4339,16,10.0,1.0004761945314984
540,7882.740743632723,65.77683360238302,0.8981339187705818,0.10054884742041713,0.0,0,19.54289423929646,0.8843809669806517,0.7366305348097858,4555,16,10.0,1.0
541,8403.70739210031,68.44457537749254,0.9165415146964171,0.0826003003647286,0.0,0,27.578612701521003,0.8607230683761179,0.7816058952829645,4661,16,10.0,1.0002078324794759
542,8187.108325587713,66.46623501219953,0.9191356649587882,0.0797505012252172,0.0,0,24.53952606490718,0.8594133074257941,0.7988044297478272,4489,16,10.0,1.0002492639488467
543,7441.54607216885,64.32100716015388,0.8763596004439511,0.12230854605993341,0.0,0,30.22692086893351,0.8611392297788681,0.6845605737942283,4505,16,10.0,1.0034983752108686
544,7031.650271160008,61.38829070447142,0.8661363636363636,0.13340909090909092,0.0,0,22.653478958488552,0.8869763563768597,0.6691954080274839,4400,16,10.0,1.0070240052804138
545,8278.384529229063,67.30727895291865,0.9165031611074776,0.08240680183126227,0.0,0,26.451736976861866,0.9050801263367605,0.7837469215035422,4587,16,10.0,1.0017074974007483
546,5502.271099918562,52.569180054844175,0.8111853501608512,0.1880722593417471,0.0,0,18.184745579541588,0.8859093693379635,0.5748548511261675,4041,16,10.0,1.0020334341888928
547,7117.685983536533,60.56316190907892,0.8822565543071161,0.11633895131086143,0.0,0,18.119499267847658,0.8865636678689408,0.7093196228374837,4272,16,10.0,1.0015570017009758
548,8163.402993652333,66.93670122005693,0.9111111111111111,0.08801742919389978,0.0,0,32.02530893838034,0.8713829124092977,0.7666869076862816,4590,16,10.0,1.001455870904171
549,7061.586378946082,61.46463875781223,0.871280276816609,0.12756632064590542,0.0,0,29.458140457365296,0.8379684561419244,0.693145086740109,4335,16,10.0,1.0050659353549736
550,6845.17389782272,60.00516605953794,0.8638159423657913,0.13478968161747618,0.0,0,26.367398161613316,0.8641087292907241,0.6735586965533877,4303,16,10.0,1.0011821273233221
551,7254.7875963772985,61.877088109388254,0.8799086757990867,0.1182648401826484,0.0,0,31.710505329002352,0.8675224930039918,0.6981148554458395,4380,16,10.0,1.0026451174841655
552,6667.8995399793575,59.01639856982408,0.8573426573426574,0.14219114219114218,0.0,0,18.880684976846727,0.8848927938991784,0.666030779901664,4290,16,10.0,1.0006689244534432
553,6722.756898439429,58.93675713630285,0.8639375295787979,0.1353525792711784,0.0,0,18.458466947032512,0.8789925639850619,0.6673168617473432,4226,16,10.0,1.0007719514135314
554,7259.9276438386805,61.65774387357445,0.8829469818682579,0.11544640807895341,0.0,0,18.353267647306733,0.8739949568356505,0.7200919519508162,4357,16,10.0,1.0
555,7719.876543646603,64.75192595529052,0.8952042628774423,0.10390763765541741,0.0,0,24.404776379706163,0.8549929937951397,0.7289554253793858,4504,16,10.0,1.0
556,7260.913485160764,62.11097603380526,0.8800182481751825,0.11861313868613138,0.0,0,22.373865151960544,0.8190242381935618,0.7061914143810605,4384,16,10.0,1.0004529420845467
557,7541.554281765605,62.470169187765734,0.9019653179190752,0.096878612716763,0.0,0,17.949753298788995,0.8329410653503359,0.7597831661029042,4325,16,10.0,1.0006923254195939
558,7808.7249714968175,64.0019169851276,0.9098398169336385,0.088558352402746,0.0,0,18.320366621037383,0.8322948371754799,0.7767597557380571,4370,16,10.0,1.0002091804708417
559,7196.98075467696,62.03975167116815,0.876841620626151,0.1210865561694291,0.0,0,21.140092854695126,0.842434040104825,0.7113743670082573,4344,16,10.0,1.0013544958462246
560,7867.5237750965,65.53718186487652,0.8991411583351685,0.09975776260735521,0.0,0,28.249170621085927,0.8570253799739154,0.749979544953359,4541,16,10.0,1.00108702494985
561,6397.91345537767,56.791895578787575,0.8529980657640233,0.14482591876208897,0.0,0,13.676483590524956,0.8781227766538187,0.6624672597668703,4136,16,10.0,1.001496069940259
