update,ep_idx,ue,speed_kmh,acked_bits,n_comp,deadline_miss,retx_drop,mean_mu_depth
9,0,0,6.65,66910.7,0,115,0,1.0
9,0,1,22.27,5496.8,0,111,0,1.0
9,0,2,20.19,2967488.0,370,8,0,1.002
9,0,3,15.08,3025238.0,377,0,0,1.008
9,0,4,12.66,69592.0,0,112,0,1.0
9,0,5,12.32,3013135.0,385,0,0,1.0
9,0,6,23.59,25244.6,0,113,0,1.0
9,0,7,29.41,3273850.0,416,0,0,1.0
9,0,8,26.89,209696.2,0,112,1,1.0
9,0,9,11.95,2666952.8,323,14,0,1.005
9,0,10,25.73,23351.0,0,108,0,1.0
9,0,11,9.19,3072403.0,384,0,0,1.003
9,0,12,11.11,3037567.7,378,1,0,1.0
9,0,13,15.51,201339.8,0,107,0,1.004
9,0,14,23.28,3152275.0,398,0,0,1.0
9,0,15,21.85,2474845.9,296,22,0,1.009
9,0,16,21.6,657.0,0,118,0,1.0
9,0,17,23.82,1323835.1,96,81,0,1.0
9,0,18,27.48,2093640.9,212,42,0,1.005
9,0,19,5.6,12931.6,0,115,0,1.008
9,0,20,13.77,3234219.3,401,2,0,1.005
9,0,21,17.56,2388742.7,283,22,0,1.008
9,0,22,22.78,40334.7,0,109,0,1.0
9,0,23,12.17,28068.1,0,103,0,1.008
9,0,24,22.8,0.0,0,0,0,0.0
9,0,25,12.77,0.0,0,0,0,0.0
9,0,26,10.24,0.0,0,0,0,0.0
9,0,27,18.02,0.0,0,0,0,0.0
9,0,28,17.56,0.0,0,0,0,0.0
9,0,29,14.3,0.0,0,0,0,0.0
9,0,30,23.94,0.0,0,0,0,0.0
9,0,31,26.59,0.0,0,0,0,0.0
9,1,0,15.71,54093.4,0,112,0,1.0
9,1,1,17.29,2725339.3,325,18,0,1.0
9,1,2,19.04,138182.4,0,115,0,1.0
9,1,3,16.81,3099354.0,388,0,0,1.012
9,1,4,25.54,4496.6,0,108,0,1.0
9,1,5,18.36,2820345.2,323,21,0,1.002
9,1,6,8.63,1030901.0,70,84,0,1.006
9,1,7,5.33,2840452.8,359,3,0,1.0
9,1,8,8.28,2641757.8,306,21,0,1.004
9,1,9,16.95,50632.9,0,114,0,1.0
9,1,10,5.22,3236481.0,394,2,0,1.002
9,1,11,27.19,1923902.1,209,49,0,1.005
9,1,12,16.04,5238.7,0,113,0,1.0
9,1,13,25.94,1892384.3,190,54,0,1.009
9,1,14,7.56,2193123.6,249,39,0,1.0
9,1,15,10.93,909250.0,51,92,0,1.0
9,1,16,21.21,2743865.8,327,15,0,1.0
9,1,17,10.16,1893576.4,206,41,0,1.0
9,1,18,13.45,558451.9,15,101,0,1.0
9,1,19,28.59,164852.7,2,108,0,1.0
9,1,20,28.46,1919396.2,201,51,0,1.0
9,1,21,7.19,758965.8,38,91,0,1.004
9,1,22,21.02,2370487.7,272,32,0,1.0
9,1,23,22.73,377959.7,6,114,0,1.0
9,1,24,27.19,15348.0,0,111,0,1.0
9,1,25,13.95,139496.7,0,110,0,1.0
9,1,26,20.95,2099417.7,232,41,0,1.0
9,1,27,28.46,0.0,0,0,0,0.0
9,1,28,27.22,0.0,0,0,0,0.0
9,1,29,21.5,0.0,0,0,0,0.0
9,1,30,21.16,0.0,0,0,0,0.0
9,1,31,18.93,0.0,0,0,0,0.0
9,2,0,6.96,1038.1,0,112,0,1.0
9,2,1,7.77,1189828.8,105,69,0,1.0
9,2,2,20.56,93193.5,0,115,0,1.0
9,2,3,13.62,2436081.0,291,20,0,1.0
9,2,4,16.07,2636989.1,311,18,0,1.0
9,2,5,14.57,1534.0,0,113,0,1.0
9,2,6,13.01,3082098.0,393,0,0,1.0
9,2,7,22.07,770304.2,62,91,0,1.0
9,2,8,12.5,421787.0,9,104,0,1.0
9,2,9,25.95,86373.1,0,117,0,1.017
9,2,10,28.65,1252514.7,100,81,0,1.0
9,2,11,13.51,56171.9,0,106,0,1.0
9,2,12,8.75,3019685.0,378,0,0,1.005
9,2,13,16.81,757488.6,45,97,0,1.0
9,2,14,15.53,1479196.3,129,71,0,1.0
9,2,15,24.33,647411.1,26,106,0,1.0
9,2,16,27.2,2262335.1,255,31,0,1.0
9,2,17,22.13,3018902.1,377,6,0,1.004
9,2,18,7.17,2861190.0,337,12,0,1.0
9,2,19,25.2,1139523.4,79,85,0,1.0
9,2,20,14.13,13308.4,0,114,0,1.0
9,2,21,13.24,906373.4,51,94,0,1.008
9,2,22,17.91,2476554.7,282,29,0,1.0
9,2,23,17.9,2546016.0,292,23,0,1.004
9,2,24,22.87,133871.7,0,112,0,1.0
9,2,25,14.85,10161.3,0,109,0,1.0
9,2,26,13.33,680034.0,22,107,0,1.0
9,2,27,21.36,2540970.0,307,16,0,1.0
9,2,28,11.89,315414.9,3,113,0,1.0
9,2,29,27.14,2779064.6,329,25,0,1.002
9,2,30,26.39,0.0,0,0,0,0.0
9,2,31,12.54,0.0,0,0,0,0.0
19,0,0,6.65,82939.5,0,112,0,1.057
19,0,1,22.27,3483.1,0,115,0,1.028
19,0,2,20.19,3048693.6,376,1,0,1.24
19,0,3,15.08,3331986.0,411,0,0,1.207
19,0,4,12.66,51864.6,0,110,0,1.022
19,0,5,12.32,3110447.0,394,0,0,1.23
19,0,6,23.59,20383.0,0,106,0,1.029
19,0,7,29.41,3020069.0,384,0,0,1.223
19,0,8,26.89,190572.1,3,109,0,1.067
19,0,9,11.95,2906115.0,358,0,0,1.228
19,0,10,25.73,22415.6,0,111,0,1.022
19,0,11,9.19,3027523.0,372,0,0,1.191
19,0,12,11.11,3010870.0,373,0,0,1.231
19,0,13,15.51,205759.9,0,119,0,1.131
19,0,14,23.28,3118666.0,390,0,0,1.246
19,0,15,21.85,2585357.7,317,7,0,1.265
19,0,16,21.6,400.8,0,115,0,1.041
19,0,17,23.82,2041284.4,218,35,0,1.335
19,0,18,27.48,2485190.5,300,18,0,1.329
19,0,19,5.6,10305.3,0,117,0,1.01
19,0,20,13.77,2784343.0,352,0,0,1.181
19,0,21,17.56,3099631.4,383,2,0,1.23
19,0,22,22.78,35570.7,0,107,0,1.025
19,0,23,12.17,18971.1,0,110,0,1.025
19,0,24,22.8,0.0,0,0,0,0.0
19,0,25,12.77,0.0,0,0,0,0.0
19,0,26,10.24,0.0,0,0,0,0.0
19,0,27,18.02,0.0,0,0,0,0.0
19,0,28,17.56,0.0,0,0,0,0.0
19,0,29,14.3,0.0,0,0,0,0.0
19,0,30,23.94,0.0,0,0,0,0.0
19,0,31,26.59,0.0,0,0,0,0.0
19,1,0,15.71,22164.8,0,111,0,1.585
19,1,1,17.29,2760288.0,344,0,0,1.76
19,1,2,19.04,95816.3,3,110,0,1.693
19,1,3,16.81,2844571.0,356,0,0,1.787
19,1,4,25.54,1228.2,0,110,0,1.0
19,1,5,18.36,2846982.0,353,0,0,1.764
19,1,6,8.63,1621577.1,159,46,0,1.918
19,1,7,5.33,2649828.0,334,0,0,1.723
19,1,8,8.28,3021169.0,365,0,0,1.773
19,1,9,16.95,16928.7,0,118,0,1.68
19,1,10,5.22,2763422.0,344,0,0,1.747
19,1,11,27.19,2189554.5,253,27,0,1.794
19,1,12,16.04,765.6,0,113,0,1.0
19,1,13,25.94,2616449.6,318,3,0,1.812
19,1,14,7.56,2428181.7,296,11,0,1.745
19,1,15,10.93,2099925.4,232,34,0,1.884
19,1,16,21.21,2843406.0,347,0,0,1.676
19,1,17,10.16,2337969.1,267,25,0,1.707
19,1,18,13.45,1005436.9,58,88,0,2.022
19,1,19,28.59,138492.1,1,108,0,1.911
19,1,20,28.46,2444511.8,298,10,0,1.739
19,1,21,7.19,1395047.0,120,77,0,1.968
19,1,22,21.02,2278472.2,279,14,0,1.711
19,1,23,22.73,571873.8,26,101,0,1.995
19,1,24,27.19,5058.2,0,104,0,1.375
19,1,25,13.95,79420.8,1,115,0,1.8
19,1,26,20.95,2430136.7,311,3,0,1.751
19,1,27,28.46,0.0,0,0,0,0.0
19,1,28,27.22,0.0,0,0,0,0.0
19,1,29,21.5,0.0,0,0,0,0.0
19,1,30,21.16,0.0,0,0,0,0.0
19,1,31,18.93,0.0,0,0,0,0.0
19,2,0,6.96,0.0,0,108,0,0.0
19,2,1,7.77,2289930.4,262,19,0,1.893
19,2,2,20.56,37299.6,0,116,0,1.615
19,2,3,13.62,2470891.6,304,5,0,1.75
19,2,4,16.07,2792922.6,348,3,0,1.76
19,2,5,14.57,570.8,0,109,0,1.2
19,2,6,13.01,2954440.0,372,0,0,1.723
19,2,7,22.07,826676.1,74,83,0,1.865
19,2,8,12.5,564312.9,26,108,0,1.978
19,2,9,25.95,32755.4,0,112,0,1.571
19,2,10,28.65,1770353.3,181,54,0,1.867
19,2,11,13.51,80529.4,0,105,0,1.878
19,2,12,8.75,2858597.0,356,0,0,1.792
19,2,13,16.81,889219.3,60,85,0,1.854
19,2,14,15.53,1923797.2,211,31,0,1.886
19,2,15,24.33,887709.3,61,87,0,2.045
19,2,16,27.2,2603600.1,306,10,0,1.766
19,2,17,22.13,2643514.0,337,0,0,1.817
19,2,18,7.17,2655287.9,333,0,0,1.814
19,2,19,25.2,1785324.6,191,50,0,1.873
19,2,20,14.13,2856.2,0,103,0,1.333
19,2,21,13.24,1411504.0,124,64,0,1.973
19,2,22,17.91,2812462.2,349,1,0,1.744
19,2,23,17.9,2697932.0,342,0,0,1.748
19,2,24,22.87,97425.2,0,114,0,1.912
19,2,25,14.85,316.6,0,112,0,1.0
19,2,26,13.33,915642.5,58,89,0,1.954
19,2,27,21.36,2793317.0,349,0,0,1.781
19,2,28,11.89,524823.7,17,104,0,2.061
19,2,29,27.14,2558521.0,322,0,0,1.74
19,2,30,26.39,0.0,0,0,0,0.0
19,2,31,12.54,0.0,0,0,0,0.0
29,0,0,6.65,59242.3,0,108,0,1.056
29,0,1,22.27,1481.0,0,114,0,1.0
29,0,2,20.19,2957369.1,374,0,0,1.306
29,0,3,15.08,2955818.0,374,0,0,1.208
29,0,4,12.66,47185.0,0,117,0,1.031
29,0,5,12.32,3110023.0,388,0,0,1.308
29,0,6,23.59,16391.3,0,106,0,1.098
29,0,7,29.41,3258527.0,402,0,0,1.349
29,0,8,26.89,297973.9,5,107,1,1.174
29,0,9,11.95,3163248.0,389,0,0,1.229
29,0,10,25.73,24946.1,0,112,0,1.053
29,0,11,9.19,2809833.0,348,0,0,1.288
29,0,12,11.11,2875088.0,362,0,0,1.312
29,0,13,15.51,189643.7,1,108,0,1.15
29,0,14,23.28,2980414.0,376,0,0,1.303
29,0,15,21.85,2911654.0,360,0,0,1.306
29,0,16,21.6,330.5,0,107,0,1.019
29,0,17,23.82,2515367.7,313,2,0,1.493
29,0,18,27.48,2633332.9,328,0,0,1.393
29,0,19,5.6,7794.9,0,109,0,1.043
29,0,20,13.77,3108303.0,385,0,0,1.312
29,0,21,17.56,2767321.2,341,1,0,1.275
29,0,22,22.78,25705.7,0,110,0,1.073
29,0,23,12.17,21808.0,0,115,0,1.03
29,0,24,22.8,0.0,0,0,0,0.0
29,0,25,12.77,0.0,0,0,0,0.0
29,0,26,10.24,0.0,0,0,0,0.0
29,0,27,18.02,0.0,0,0,0,0.0
29,0,28,17.56,0.0,0,0,0,0.0
29,0,29,14.3,0.0,0,0,0,0.0
29,0,30,23.94,0.0,0,0,0,0.0
29,0,31,26.59,0.0,0,0,0,0.0
29,1,0,15.71,49090.1,1,109,1,2.229
29,1,1,17.29,2623706.0,335,0,0,2.207
29,1,2,19.04,253201.4,12,110,0,2.5
29,1,3,16.81,2957160.0,370,0,0,2.207
29,1,4,25.54,165.3,0,111,0,1.5
29,1,5,18.36,2454385.4,319,1,1,2.232
29,1,6,8.63,1995889.9,240,9,0,2.306
29,1,7,5.33,2538151.2,316,0,2,2.27
29,1,8,8.28,2470771.0,315,0,0,2.186
29,1,9,16.95,32853.4,0,110,0,2.177
29,1,10,5.22,2905911.0,361,0,0,2.204
29,1,11,27.19,2330382.0,293,0,0,2.203
29,1,12,16.04,313.6,0,108,0,1.0
29,1,13,25.94,2389390.1,303,3,1,2.177
29,1,14,7.56,2582995.5,323,0,0,2.154
29,1,15,10.93,2072673.3,258,4,0,2.277
29,1,16,21.21,2618811.0,326,0,0,2.148
29,1,17,10.16,2504808.8,308,0,0,2.175
29,1,18,13.45,1768797.2,206,21,0,2.382
29,1,19,28.59,242130.3,5,111,0,2.438
29,1,20,28.46,2725053.0,340,0,0,2.146
29,1,21,7.19,1868265.4,219,15,0,2.34
29,1,22,21.02,2355543.3,297,0,0,2.192
29,1,23,22.73,908592.5,67,84,0,2.434
29,1,24,27.19,1546.9,0,107,0,1.75
29,1,25,13.95,159133.8,2,107,0,2.364
29,1,26,20.95,2639862.0,326,0,0,2.169
29,1,27,28.46,0.0,0,0,0,0.0
29,1,28,27.22,0.0,0,0,0,0.0
29,1,29,21.5,0.0,0,0,0,0.0
29,1,30,21.16,0.0,0,0,0,0.0
29,1,31,18.93,0.0,0,0,0,0.0
29,2,0,6.96,0.0,0,115,0,0.0
29,2,1,7.77,2235295.2,278,2,1,2.389
29,2,2,20.56,63755.1,0,115,0,2.245
29,2,3,13.62,2315987.0,291,0,0,2.319
29,2,4,16.07,2365787.0,291,0,0,2.347
29,2,5,14.57,0.0,0,107,0,0.0
29,2,6,13.01,2844591.0,350,0,0,2.372
29,2,7,22.07,1157788.2,98,76,0,2.426
29,2,8,12.5,1322914.8,121,61,0,2.601
29,2,9,25.95,34717.1,1,111,0,2.333
29,2,10,28.65,2070398.4,247,10,0,2.462
29,2,11,13.51,115745.1,0,114,0,2.463
29,2,12,8.75,2837622.0,356,0,0,2.317
29,2,13,16.81,1764873.1,184,38,0,2.437
29,2,14,15.53,2203934.8,281,3,0,2.411
29,2,15,24.33,1625972.1,165,44,0,2.511
29,2,16,27.2,2507135.0,312,0,0,2.331
29,2,17,22.13,2256896.0,274,0,0,2.385
29,2,18,7.17,2655005.0,333,0,0,2.367
29,2,19,25.2,1851451.5,228,14,0,2.452
29,2,20,14.13,6339.8,0,113,0,2.429
29,2,21,13.24,1967934.9,235,8,0,2.495
29,2,22,17.91,2677390.0,333,0,0,2.331
29,2,23,17.9,2503793.0,317,0,0,2.358
29,2,24,22.87,245153.5,5,105,0,2.658
29,2,25,14.85,0.0,0,107,0,0.0
29,2,26,13.33,1643776.7,178,28,2,2.487
29,2,27,21.36,2423977.0,311,0,0,2.37
29,2,28,11.89,869077.6,50,86,1,2.586
29,2,29,27.14,2340124.0,292,0,0,2.355
29,2,30,26.39,0.0,0,0,0,0.0
29,2,31,12.54,0.0,0,0,0,0.0
39,0,0,6.65,53600.5,1,110,0,1.0
39,0,1,22.27,2325.7,0,109,0,1.0
39,0,2,20.19,3017577.3,372,1,0,1.0
39,0,3,15.08,3140034.0,392,0,0,1.0
39,0,4,12.66,36890.2,0,114,0,1.0
39,0,5,12.32,3209297.0,397,0,0,1.0
39,0,6,23.59,11547.9,0,112,0,1.0
39,0,7,29.41,3180893.0,387,0,0,1.0
39,0,8,26.89,271807.9,9,114,0,1.0
39,0,9,11.95,3048431.0,391,0,0,1.0
39,0,10,25.73,8087.1,0,115,0,1.0
39,0,11,9.19,3052673.0,387,0,0,1.0
39,0,12,11.11,3180641.0,412,0,0,1.0
39,0,13,15.51,173036.4,3,110,0,1.0
39,0,14,23.28,3147764.0,393,0,0,1.0
39,0,15,21.85,2802073.8,343,3,0,1.0
39,0,16,21.6,215.3,0,112,0,1.0
39,0,17,23.82,1970541.7,235,14,0,1.0
39,0,18,27.48,2411626.0,297,3,0,1.0
39,0,19,5.6,7715.8,0,107,0,1.0
39,0,20,13.77,3280965.0,405,0,0,1.0
39,0,21,17.56,2616973.1,331,1,0,1.0
39,0,22,22.78,25794.5,0,110,0,1.0
39,0,23,12.17,16553.7,0,115,0,1.0
39,0,24,22.8,0.0,0,0,0,0.0
39,0,25,12.77,0.0,0,0,0,0.0
39,0,26,10.24,0.0,0,0,0,0.0
39,0,27,18.02,0.0,0,0,0,0.0
39,0,28,17.56,0.0,0,0,0,0.0
39,0,29,14.3,0.0,0,0,0,0.0
39,0,30,23.94,0.0,0,0,0,0.0
39,0,31,26.59,0.0,0,0,0,0.0
39,1,0,15.71,0.0,0,109,0,0.0
39,1,1,17.29,2841338.1,354,3,0,1.0
39,1,2,19.04,45465.3,0,119,0,1.0
39,1,3,16.81,3286785.0,412,0,0,1.0
39,1,4,25.54,0.0,0,113,0,0.0
39,1,5,18.36,2999249.0,366,3,0,1.0
39,1,6,8.63,933390.5,69,76,0,1.0
39,1,7,5.33,2804277.0,351,2,0,1.0
39,1,8,8.28,3011597.0,375,0,0,1.0
39,1,9,16.95,0.0,0,104,0,0.0
39,1,10,5.22,3065871.0,386,0,0,1.0
39,1,11,27.19,2132332.8,244,29,0,1.0
39,1,12,16.04,0.0,0,114,0,0.0
39,1,13,25.94,1963164.2,216,29,0,1.0
39,1,14,7.56,2402086.1,295,7,0,1.0
39,1,15,10.93,972350.1,83,71,0,1.0
39,1,16,21.21,3008614.9,369,4,0,1.0
39,1,17,10.16,2600522.1,303,15,0,1.0
39,1,18,13.45,424196.9,20,102,0,1.0
39,1,19,28.59,21811.1,0,111,0,1.0
39,1,20,28.46,2257902.3,277,11,0,1.0
39,1,21,7.19,596104.4,40,93,0,1.0
39,1,22,21.02,2563833.6,307,10,0,1.0
39,1,23,22.73,107786.4,2,102,0,1.0
39,1,24,27.19,658.9,0,113,0,1.0
39,1,25,13.95,13050.3,0,116,0,1.0
39,1,26,20.95,2553881.3,309,17,0,1.0
39,1,27,28.46,0.0,0,0,0,0.0
39,1,28,27.22,0.0,0,0,0,0.0
39,1,29,21.5,0.0,0,0,0,0.0
39,1,30,21.16,0.0,0,0,0,0.0
39,1,31,18.93,0.0,0,0,0,0.0
39,2,0,6.96,0.0,0,114,0,0.0
39,2,1,7.77,1495411.7,151,47,0,1.0
39,2,2,20.56,2601.8,0,106,0,1.0
39,2,3,13.62,2918386.0,367,4,0,1.0
39,2,4,16.07,2930163.7,354,5,0,1.0
39,2,5,14.57,0.0,0,111,0,0.0
39,2,6,13.01,3340273.0,415,0,0,1.0
39,2,7,22.07,320764.2,13,105,0,1.0
39,2,8,12.5,143732.3,5,105,0,1.0
39,2,9,25.95,17398.6,0,114,0,1.0
39,2,10,28.65,1299039.9,114,64,0,1.0
39,2,11,13.51,3445.0,0,112,0,1.0
39,2,12,8.75,3406208.0,421,0,0,1.0
39,2,13,16.81,678654.0,44,92,0,1.0
39,2,14,15.53,1457898.8,149,52,0,1.0
39,2,15,24.33,380831.5,17,100,0,1.0
39,2,16,27.2,2437027.3,288,17,0,1.0
39,2,17,22.13,3091297.0,383,0,0,1.0
39,2,18,7.17,2852531.5,355,4,0,1.0
39,2,19,25.2,1304594.7,115,63,0,1.0
39,2,20,14.13,560.2,0,109,0,1.0
39,2,21,13.24,834527.1,57,90,0,1.0
39,2,22,17.91,2861366.6,356,6,0,1.0
39,2,23,17.9,2958936.8,357,1,0,1.0
39,2,24,22.87,30139.1,0,108,0,1.0
39,2,25,14.85,0.0,0,110,0,0.0
39,2,26,13.33,504922.8,25,101,0,1.0
39,2,27,21.36,2934201.4,366,2,0,1.0
39,2,28,11.89,140380.7,5,115,0,1.0
39,2,29,27.14,2966499.8,361,5,0,1.0
39,2,30,26.39,0.0,0,0,0,0.0
39,2,31,12.54,0.0,0,0,0,0.0
49,0,0,6.65,55062.1,1,111,0,1.0
49,0,1,22.27,1121.1,0,106,0,1.0
49,0,2,20.19,2916849.0,369,0,0,1.0
49,0,3,15.08,3187665.0,397,0,0,1.0
49,0,4,12.66,35913.4,0,110,0,1.0
49,0,5,12.32,3321197.0,413,0,0,1.0
49,0,6,23.59,8069.2,0,115,0,1.0
49,0,7,29.41,3270377.0,414,0,0,1.002
49,0,8,26.89,249757.8,10,103,0,1.0
49,0,9,11.95,2908808.0,365,0,0,1.002
49,0,10,25.73,11216.8,0,105,0,1.0
49,0,11,9.19,3051801.0,379,0,0,1.0
49,0,12,11.11,3266120.0,407,0,0,1.0
49,0,13,15.51,233321.3,12,107,0,1.0
49,0,14,23.28,2924840.0,367,0,0,1.003
49,0,15,21.85,2525712.8,326,5,0,1.0
49,0,16,21.6,137.6,0,117,0,1.0
49,0,17,23.82,2007578.9,245,15,0,1.0
49,0,18,27.48,2374890.4,293,6,0,1.0
49,0,19,5.6,4600.4,0,109,0,1.0
49,0,20,13.77,3125102.0,386,0,0,1.0
49,0,21,17.56,2935888.2,358,1,0,1.002
49,0,22,22.78,14942.9,0,113,0,1.0
49,0,23,12.17,14881.5,0,109,0,1.0
49,0,24,22.8,0.0,0,0,0,0.0
49,0,25,12.77,0.0,0,0,0,0.0
49,0,26,10.24,0.0,0,0,0,0.0
49,0,27,18.02,0.0,0,0,0,0.0
49,0,28,17.56,0.0,0,0,0,0.0
49,0,29,14.3,0.0,0,0,0,0.0
49,0,30,23.94,0.0,0,0,0,0.0
49,0,31,26.59,0.0,0,0,0,0.0
49,1,0,15.71,3215.2,0,110,0,1.0
49,1,1,17.29,2951706.2,369,1,0,1.0
49,1,2,19.04,22987.4,1,115,0,1.0
49,1,3,16.81,3117428.0,396,0,0,1.0
49,1,4,25.54,0.0,0,116,0,0.0
49,1,5,18.36,3044097.3,375,1,0,1.0
49,1,6,8.63,803223.2,63,78,0,1.0
49,1,7,5.33,3282425.0,410,0,0,1.0
49,1,8,8.28,2941105.0,358,0,0,1.0
49,1,9,16.95,0.0,0,116,0,0.0
49,1,10,5.22,3220775.0,406,0,0,1.0
49,1,11,27.19,2109387.1,248,24,0,1.0
49,1,12,16.04,0.0,0,113,0,0.0
49,1,13,25.94,2031680.0,245,15,0,1.0
49,1,14,7.56,2480830.2,307,16,0,1.0
49,1,15,10.93,1005615.4,97,67,0,1.0
49,1,16,21.21,2818786.2,349,3,0,1.0
49,1,17,10.16,2459764.9,303,5,0,1.0
49,1,18,13.45,273572.1,13,115,0,1.0
49,1,19,28.59,4604.4,0,108,0,1.0
49,1,20,28.46,2284880.1,274,6,0,1.0
49,1,21,7.19,422820.6,31,92,0,1.0
49,1,22,21.02,2390445.9,294,10,0,1.0
49,1,23,22.73,80180.1,1,107,0,1.0
49,1,24,27.19,0.0,0,113,0,0.0
49,1,25,13.95,18055.0,0,112,0,1.0
49,1,26,20.95,2760097.2,338,7,0,1.0
49,1,27,28.46,0.0,0,0,0,0.0
49,1,28,27.22,0.0,0,0,0,0.0
49,1,29,21.5,0.0,0,0,0,0.0
49,1,30,21.16,0.0,0,0,0,0.0
49,1,31,18.93,0.0,0,0,0,0.0
49,2,0,6.96,0.0,0,113,0,0.0
49,2,1,7.77,1750973.2,192,31,0,1.0
49,2,2,20.56,3873.5,0,110,0,1.0
49,2,3,13.62,2647613.3,325,2,0,1.0
49,2,4,16.07,2749807.0,360,0,0,1.0
49,2,5,14.57,0.0,0,114,0,0.0
49,2,6,13.01,3157342.0,398,0,0,1.0
49,2,7,22.07,526705.8,52,80,0,1.0
49,2,8,12.5,108109.6,5,108,0,1.0
49,2,9,25.95,1672.6,0,114,0,1.0
49,2,10,28.65,1281888.6,131,50,0,1.0
49,2,11,13.51,2113.5,0,114,0,1.0
49,2,12,8.75,3184401.0,393,0,0,1.0
49,2,13,16.81,473326.5,31,89,0,1.0
49,2,14,15.53,1870334.9,213,29,0,1.0
49,2,15,24.33,358121.0,22,95,0,1.0
49,2,16,27.2,2648115.9,334,1,0,1.0
49,2,17,22.13,3057661.0,378,0,0,1.0
49,2,18,7.17,3035564.0,386,0,0,1.0
49,2,19,25.2,1225841.9,118,59,0,1.0
49,2,20,14.13,0.0,0,110,0,0.0
49,2,21,13.24,826352.4,63,85,0,1.0
49,2,22,17.91,2958525.0,372,0,0,1.0
49,2,23,17.9,2940195.8,358,4,0,1.0
49,2,24,22.87,5653.6,0,108,0,1.0
49,2,25,14.85,0.0,0,114,0,0.0
49,2,26,13.33,384165.2,24,101,0,1.0
49,2,27,21.36,2926173.0,364,0,0,1.0
49,2,28,11.89,89674.9,4,109,0,1.0
49,2,29,27.14,2919161.6,363,2,0,1.0
49,2,30,26.39,0.0,0,0,0,0.0
49,2,31,12.54,0.0,0,0,0,0.0
59,0,0,6.65,64826.2,1,108,0,1.0
59,0,1,22.27,762.9,0,113,0,1.0
59,0,2,20.19,2988945.0,380,0,0,1.0
59,0,3,15.08,3120927.0,395,0,0,1.003
59,0,4,12.66,30385.9,1,106,0,1.0
59,0,5,12.32,3070946.0,388,0,0,1.0
59,0,6,23.59,11191.5,0,115,0,1.0
59,0,7,29.41,3107078.0,394,0,0,1.003
59,0,8,26.89,372801.8,26,101,0,1.0
59,0,9,11.95,2954366.0,362,0,0,1.0
59,0,10,25.73,10596.5,0,113,0,1.0
59,0,11,9.19,2882623.0,360,0,0,1.0
59,0,12,11.11,3147086.0,395,0,0,1.002
59,0,13,15.51,244802.8,13,99,0,1.0
59,0,14,23.28,3218144.0,389,0,0,1.003
59,0,15,21.85,2384186.9,306,1,0,1.0
59,0,16,21.6,148.8,0,113,0,1.0
59,0,17,23.82,2054165.0,260,6,0,1.0
59,0,18,27.48,2397954.5,297,4,0,1.0
59,0,19,5.6,3389.4,0,106,0,1.0
59,0,20,13.77,3398204.0,428,0,0,1.0
59,0,21,17.56,2808128.0,352,0,0,1.0
59,0,22,22.78,14107.9,0,111,0,1.0
59,0,23,12.17,15482.4,0,110,0,1.0
59,0,24,22.8,0.0,0,0,0,0.0
59,0,25,12.77,0.0,0,0,0,0.0
59,0,26,10.24,0.0,0,0,0,0.0
59,0,27,18.02,0.0,0,0,0,0.0
59,0,28,17.56,0.0,0,0,0,0.0
59,0,29,14.3,0.0,0,0,0,0.0
59,0,30,23.94,0.0,0,0,0,0.0
59,0,31,26.59,0.0,0,0,0,0.0
59,1,0,15.71,7543.4,0,111,0,1.0
59,1,1,17.29,2878386.4,353,1,0,1.0
59,1,2,19.04,12944.5,0,105,0,1.0
59,1,3,16.81,3274240.0,405,0,0,1.0
59,1,4,25.54,0.0,0,113,0,0.0
59,1,5,18.36,3072289.0,370,0,0,1.0
59,1,6,8.63,776555.8,72,74,0,1.0
59,1,7,5.33,2974155.0,384,0,0,1.0
59,1,8,8.28,2943293.0,377,0,0,1.0
59,1,9,16.95,1440.7,0,110,0,1.0
59,1,10,5.22,3139703.0,394,0,0,1.0
59,1,11,27.19,1935367.6,225,27,0,1.0
59,1,12,16.04,0.0,0,116,0,0.0
59,1,13,25.94,2297035.5,273,9,0,1.0
59,1,14,7.56,2282219.1,281,9,0,1.0
59,1,15,10.93,934803.9,97,59,0,1.0
59,1,16,21.21,3005292.6,371,2,0,1.0
59,1,17,10.16,2656361.8,329,5,0,1.0
59,1,18,13.45,256300.8,16,99,0,1.0
59,1,19,28.59,13739.2,1,109,0,1.0
59,1,20,28.46,2294664.4,280,6,0,1.0
59,1,21,7.19,369152.2,35,96,0,1.0
59,1,22,21.02,2589015.9,308,11,0,1.0
59,1,23,22.73,77967.2,5,107,0,1.0
59,1,24,27.19,0.0,0,110,0,0.0
59,1,25,13.95,15713.0,0,111,0,1.0
59,1,26,20.95,2711780.4,341,6,0,1.0
59,1,27,28.46,0.0,0,0,0,0.0
59,1,28,27.22,0.0,0,0,0,0.0
59,1,29,21.5,0.0,0,0,0,0.0
59,1,30,21.16,0.0,0,0,0,0.0
59,1,31,18.93,0.0,0,0,0,0.0
59,2,0,6.96,0.0,0,116,0,0.0
59,2,1,7.77,1839047.3,212,31,0,1.0
59,2,2,20.56,7419.3,0,107,0,1.0
59,2,3,13.62,2592095.8,321,4,0,1.0
59,2,4,16.07,2875313.0,370,0,0,1.0
59,2,5,14.57,61.3,0,105,0,1.0
59,2,6,13.01,3126200.0,390,0,0,1.0
59,2,7,22.07,584988.1,59,90,0,1.0
59,2,8,12.5,92502.6,6,105,0,1.0
59,2,9,25.95,0.0,0,103,0,0.0
59,2,10,28.65,1325115.4,139,50,0,1.0
59,2,11,13.51,0.0,0,109,0,0.0
59,2,12,8.75,3259729.0,407,0,0,1.0
59,2,13,16.81,482684.1,37,87,0,1.0
59,2,14,15.53,1609059.8,185,33,0,1.0
59,2,15,24.33,315893.3,23,98,0,1.0
59,2,16,27.2,2548841.9,320,1,0,1.0
59,2,17,22.13,2981689.0,383,0,0,1.0
59,2,18,7.17,3219322.0,395,0,0,1.0
59,2,19,25.2,1017814.1,99,61,0,1.0
59,2,20,14.13,0.0,0,107,0,0.0
59,2,21,13.24,775719.5,70,75,0,1.0
59,2,22,17.91,2937552.0,363,0,0,1.0
59,2,23,17.9,2910007.1,362,1,0,1.0
59,2,24,22.87,3297.0,0,106,0,1.0
59,2,25,14.85,0.0,0,115,0,0.0
59,2,26,13.33,410186.0,39,94,0,1.0
59,2,27,21.36,3015800.0,375,0,0,1.0
59,2,28,11.89,137295.4,7,110,0,1.0
59,2,29,27.14,2836488.1,354,2,0,1.0
59,2,30,26.39,0.0,0,0,0,0.0
59,2,31,12.54,0.0,0,0,0,0.0
69,0,0,6.65,51863.0,3,111,0,1.0
69,0,1,22.27,734.4,0,106,0,1.0
69,0,2,20.19,2821553.0,357,0,0,1.004
69,0,3,15.08,3154780.0,391,0,0,1.008
69,0,4,12.66,34448.9,0,104,0,1.009
69,0,5,12.32,3199035.0,403,0,0,1.002
69,0,6,23.59,6719.9,0,115,0,1.0
69,0,7,29.41,3050424.0,379,0,0,1.003
69,0,8,26.89,382460.9,33,83,0,1.0
69,0,9,11.95,2908626.0,360,0,0,1.012
69,0,10,25.73,10367.9,0,103,0,1.0
69,0,11,9.19,3201717.0,397,0,0,1.01
69,0,12,11.11,3136715.0,394,0,0,1.004
69,0,13,15.51,283730.5,18,104,0,1.0
69,0,14,23.28,3080789.0,388,0,0,1.015
69,0,15,21.85,2709057.6,340,1,0,1.003
69,0,16,21.6,107.1,0,111,0,1.0
69,0,17,23.82,2101324.8,264,9,0,1.0
69,0,18,27.48,2337346.1,296,4,0,1.0
69,0,19,5.6,4154.4,0,109,0,1.0
69,0,20,13.77,3276770.0,407,0,0,1.012
69,0,21,17.56,2853547.0,354,0,0,1.006
69,0,22,22.78,17436.6,0,104,0,1.0
69,0,23,12.17,7080.5,0,110,0,1.0
69,0,24,22.8,0.0,0,0,0,0.0
69,0,25,12.77,0.0,0,0,0,0.0
69,0,26,10.24,0.0,0,0,0,0.0
69,0,27,18.02,0.0,0,0,0,0.0
69,0,28,17.56,0.0,0,0,0,0.0
69,0,29,14.3,0.0,0,0,0,0.0
69,0,30,23.94,0.0,0,0,0,0.0
69,0,31,26.59,0.0,0,0,0,0.0
69,1,0,15.71,1884.7,0,115,0,1.0
69,1,1,17.29,2520450.3,315,7,0,1.022
69,1,2,19.04,19707.9,0,114,0,1.0
69,1,3,16.81,2920559.0,364,0,0,1.019
69,1,4,25.54,0.0,0,117,0,0.0
69,1,5,18.36,3092465.0,389,0,0,1.01
69,1,6,8.63,758459.5,73,80,0,1.0
69,1,7,5.33,3230283.0,395,0,0,1.014
69,1,8,8.28,3083133.0,384,0,0,1.024
69,1,9,16.95,0.0,0,110,0,0.0
69,1,10,5.22,3246220.0,410,0,0,1.022
69,1,11,27.19,2378875.3,291,17,0,1.02
69,1,12,16.04,0.0,0,108,0,0.0
69,1,13,25.94,2012926.0,250,13,0,1.02
69,1,14,7.56,2497302.8,310,7,0,1.002
69,1,15,10.93,938386.3,97,63,0,1.0
69,1,16,21.21,3038367.6,386,1,0,1.021
69,1,17,10.16,2390225.8,303,4,0,1.0
69,1,18,13.45,187915.0,11,106,0,1.0
69,1,19,28.59,3597.8,0,109,0,1.0
69,1,20,28.46,2629853.1,321,6,0,1.009
69,1,21,7.19,355687.9,30,93,0,1.0
69,1,22,21.02,2601628.4,319,10,0,1.021
69,1,23,22.73,64412.0,4,113,0,1.0
69,1,24,27.19,0.0,0,111,0,0.0
69,1,25,13.95,6785.9,1,113,0,1.0
69,1,26,20.95,2826668.5,349,7,0,1.016
69,1,27,28.46,0.0,0,0,0,0.0
69,1,28,27.22,0.0,0,0,0,0.0
69,1,29,21.5,0.0,0,0,0,0.0
69,1,30,21.16,0.0,0,0,0,0.0
69,1,31,18.93,0.0,0,0,0,0.0
69,2,0,6.96,0.0,0,115,0,0.0
69,2,1,7.77,1590989.8,176,34,0,1.002
69,2,2,20.56,2670.8,0,108,0,1.0
69,2,3,13.62,2693515.0,338,3,0,1.033
69,2,4,16.07,2944447.0,372,0,0,1.014
69,2,5,14.57,0.0,0,113,0,0.0
69,2,6,13.01,3068408.0,382,0,0,1.026
69,2,7,22.07,488753.7,48,90,0,1.0
69,2,8,12.5,93092.9,5,111,0,1.0
69,2,9,25.95,2847.1,0,111,0,1.0
69,2,10,28.65,1343732.7,140,50,0,1.0
69,2,11,13.51,0.0,0,104,0,0.0
69,2,12,8.75,3151194.0,401,0,0,1.036
69,2,13,16.81,512051.1,49,85,0,1.007
69,2,14,15.53,1476481.0,176,36,0,1.003
69,2,15,24.33,390156.2,25,96,0,1.0
69,2,16,27.2,2894486.0,363,0,0,1.019
69,2,17,22.13,3355960.0,405,0,0,1.011
69,2,18,7.17,3252188.6,405,0,0,1.012
69,2,19,25.2,1182934.5,117,61,0,1.0
69,2,20,14.13,0.0,0,113,0,0.0
69,2,21,13.24,713242.5,71,70,0,1.0
69,2,22,17.91,2977590.9,365,3,0,1.009
69,2,23,17.9,3132844.0,384,0,0,1.021
69,2,24,22.87,6191.5,0,120,0,1.0
69,2,25,14.85,0.0,0,109,0,0.0
69,2,26,13.33,334866.2,24,97,0,1.0
69,2,27,21.36,2868766.0,358,0,0,1.014
69,2,28,11.89,64660.1,3,108,0,1.0
69,2,29,27.14,2799178.0,355,0,0,1.022
69,2,30,26.39,0.0,0,0,0,0.0
69,2,31,12.54,0.0,0,0,0,0.0
79,0,0,6.65,55220.8,2,113,0,1.008
79,0,1,22.27,1451.1,0,111,0,1.0
79,0,2,20.19,2841924.0,360,0,0,1.004
79,0,3,15.08,3148996.0,396,0,0,1.015
79,0,4,12.66,45462.5,1,108,0,1.0
79,0,5,12.32,3238932.0,399,0,0,1.03
79,0,6,23.59,8313.2,0,110,0,1.0
79,0,7,29.41,3416955.0,420,0,0,1.026
79,0,8,26.89,369737.2,31,94,0,1.003
79,0,9,11.95,2928788.0,365,0,0,1.026
79,0,10,25.73,8956.0,0,112,0,1.0
79,0,11,9.19,2932368.0,371,0,0,1.031
79,0,12,11.11,3009567.0,379,0,0,1.018
79,0,13,15.51,226444.7,10,106,0,1.0
79,0,14,23.28,3328959.0,417,0,0,1.028
79,0,15,21.85,2701712.9,341,1,0,1.035
79,0,16,21.6,77.3,0,110,0,1.0
79,0,17,23.82,2206067.8,269,5,0,1.0
79,0,18,27.48,2372030.7,290,5,0,1.012
79,0,19,5.6,3301.5,0,112,0,1.0
79,0,20,13.77,3135986.0,388,0,0,1.013
79,0,21,17.56,2777179.0,351,0,0,1.01
79,0,22,22.78,14150.7,0,109,0,1.021
79,0,23,12.17,11562.9,0,112,0,1.0
79,0,24,22.8,0.0,0,0,0,0.0
79,0,25,12.77,0.0,0,0,0,0.0
79,0,26,10.24,0.0,0,0,0,0.0
79,0,27,18.02,0.0,0,0,0,0.0
79,0,28,17.56,0.0,0,0,0,0.0
79,0,29,14.3,0.0,0,0,0,0.0
79,0,30,23.94,0.0,0,0,0,0.0
79,0,31,26.59,0.0,0,0,0,0.0
79,1,0,15.71,646.0,0,104,0,1.0
79,1,1,17.29,3108353.0,383,0,0,1.053
79,1,2,19.04,16276.9,1,115,0,1.0
79,1,3,16.81,3106347.0,395,0,0,1.122
79,1,4,25.54,0.0,0,107,0,0.0
79,1,5,18.36,3017482.5,380,0,0,1.046
79,1,6,8.63,729012.4,70,82,0,1.0
79,1,7,5.33,2852369.0,365,0,0,1.037
79,1,8,8.28,3007617.0,371,0,0,1.076
79,1,9,16.95,1026.9,0,109,0,1.0
79,1,10,5.22,3012316.0,376,0,0,1.078
79,1,11,27.19,2307241.2,279,14,0,1.066
79,1,12,16.04,0.0,0,112,0,0.0
79,1,13,25.94,1969966.6,239,15,0,1.115
79,1,14,7.56,2756654.5,350,6,0,1.04
79,1,15,10.93,905160.2,98,60,0,1.0
79,1,16,21.21,2845583.0,368,0,0,1.035
79,1,17,10.16,2731780.0,333,1,0,1.053
79,1,18,13.45,211017.4,14,98,0,1.0
79,1,19,28.59,7428.7,1,115,0,1.0
79,1,20,28.46,2625266.9,327,3,0,1.044
79,1,21,7.19,422071.7,41,82,0,1.0
79,1,22,21.02,2701874.2,334,3,0,1.054
79,1,23,22.73,55183.4,5,111,0,1.036
79,1,24,27.19,0.0,0,115,0,0.0
79,1,25,13.95,18870.4,1,115,0,1.0
79,1,26,20.95,2553663.4,319,4,0,1.027
79,1,27,28.46,0.0,0,0,0,0.0
79,1,28,27.22,0.0,0,0,0,0.0
79,1,29,21.5,0.0,0,0,0,0.0
79,1,30,21.16,0.0,0,0,0,0.0
79,1,31,18.93,0.0,0,0,0,0.0
79,2,0,6.96,0.0,0,114,0,0.0
79,2,1,7.77,1899696.4,221,33,0,1.021
79,2,2,20.56,4061.6,0,109,0,1.0
79,2,3,13.62,2934336.1,362,3,0,1.062
79,2,4,16.07,3203141.0,393,0,0,1.041
79,2,5,14.57,0.0,0,105,0,0.0
79,2,6,13.01,3309298.0,406,0,0,1.069
79,2,7,22.07,513716.4,55,85,0,1.0
79,2,8,12.5,97907.9,8,112,0,1.0
79,2,9,25.95,0.0,0,105,0,0.0
79,2,10,28.65,1292006.4,147,36,0,1.022
79,2,11,13.51,0.0,0,114,0,0.0
79,2,12,8.75,3107473.0,398,0,0,1.05
79,2,13,16.81,399901.1,32,95,0,1.0
79,2,14,15.53,1446961.7,171,39,0,1.065
79,2,15,24.33,243112.2,22,103,0,1.0
79,2,16,27.2,2918061.0,358,1,0,1.057
79,2,17,22.13,3180505.0,397,0,0,1.094
79,2,18,7.17,3279426.0,403,0,0,1.062
79,2,19,25.2,941250.9,104,58,0,1.0
79,2,20,14.13,0.0,0,107,0,0.0
79,2,21,13.24,694648.2,69,76,0,1.0
79,2,22,17.91,2956590.0,369,0,0,1.035
79,2,23,17.9,2933756.7,365,1,0,1.045
79,2,24,22.87,4919.0,1,101,0,1.0
79,2,25,14.85,0.0,0,110,0,0.0
79,2,26,13.33,216676.6,16,103,0,1.0
79,2,27,21.36,3095252.0,384,0,0,1.065
79,2,28,11.89,89340.8,5,109,0,1.027
79,2,29,27.14,3029346.3,376,1,0,1.057
79,2,30,26.39,0.0,0,0,0,0.0
79,2,31,12.54,0.0,0,0,0,0.0
89,0,0,6.65,52885.9,0,115,0,1.0
89,0,1,22.27,1492.2,0,103,0,1.0
89,0,2,20.19,3037149.0,381,0,0,1.019
89,0,3,15.08,3075285.0,394,0,0,1.003
89,0,4,12.66,25694.2,0,121,0,1.0
89,0,5,12.32,2984241.0,371,0,0,1.016
89,0,6,23.59,6375.3,0,116,0,1.0
89,0,7,29.41,3020283.0,376,0,0,1.018
89,0,8,26.89,291909.3,25,95,0,1.0
89,0,9,11.95,2838623.0,352,0,0,1.007
89,0,10,25.73,10873.1,0,108,0,1.0
89,0,11,9.19,2947927.7,373,0,0,1.01
89,0,12,11.11,3330480.0,422,0,0,1.004
89,0,13,15.51,246429.3,15,103,0,1.0
89,0,14,23.28,3226442.0,398,0,0,1.01
89,0,15,21.85,2624414.0,330,0,0,1.008
89,0,16,21.6,299.7,0,115,0,1.0
89,0,17,23.82,2106564.8,261,10,0,1.001
89,0,18,27.48,2536660.1,307,5,0,1.001
89,0,19,5.6,5384.5,0,110,0,1.0
89,0,20,13.77,3164983.0,398,0,0,1.02
89,0,21,17.56,2554103.0,322,0,0,1.002
89,0,22,22.78,19188.8,0,105,0,1.0
89,0,23,12.17,13000.5,0,112,0,1.0
89,0,24,22.8,0.0,0,0,0,0.0
89,0,25,12.77,0.0,0,0,0,0.0
89,0,26,10.24,0.0,0,0,0,0.0
89,0,27,18.02,0.0,0,0,0,0.0
89,0,28,17.56,0.0,0,0,0,0.0
89,0,29,14.3,0.0,0,0,0,0.0
89,0,30,23.94,0.0,0,0,0,0.0
89,0,31,26.59,0.0,0,0,0,0.0
89,1,0,15.71,2730.1,0,118,0,1.0
89,1,1,17.29,3096184.0,387,0,0,1.004
89,1,2,19.04,10019.7,1,119,0,1.0
89,1,3,16.81,3386926.0,431,0,0,1.016
89,1,4,25.54,0.0,0,112,0,0.0
89,1,5,18.36,3054950.0,383,0,0,1.012
89,1,6,8.63,645446.6,69,74,0,1.005
89,1,7,5.33,2819529.8,356,2,0,1.004
89,1,8,8.28,3054834.0,371,0,0,1.007
89,1,9,16.95,1052.3,0,114,0,1.0
89,1,10,5.22,3191170.0,399,0,0,1.025
89,1,11,27.19,2128580.5,262,20,0,1.025
89,1,12,16.04,0.0,0,110,0,0.0
89,1,13,25.94,2131894.3,263,16,0,1.035
89,1,14,7.56,2637406.0,323,8,0,1.002
89,1,15,10.93,917536.1,103,56,0,1.004
89,1,16,21.21,2858301.0,361,0,0,1.004
89,1,17,10.16,2607285.2,326,2,0,1.0
89,1,18,13.45,179097.1,17,97,0,1.0
89,1,19,28.59,4627.0,1,111,0,1.0
89,1,20,28.46,2541927.8,302,9,0,1.006
89,1,21,7.19,329007.8,30,92,0,1.0
89,1,22,21.02,2413569.5,307,7,0,1.008
89,1,23,22.73,96579.2,8,108,0,1.0
89,1,24,27.19,0.0,0,112,0,0.0
89,1,25,13.95,19190.6,2,105,0,1.0
89,1,26,20.95,2786905.8,338,4,0,1.004
89,1,27,28.46,0.0,0,0,0,0.0
89,1,28,27.22,0.0,0,0,0,0.0
89,1,29,21.5,0.0,0,0,0,0.0
89,1,30,21.16,0.0,0,0,0,0.0
89,1,31,18.93,0.0,0,0,0,0.0
89,2,0,6.96,0.0,0,112,0,0.0
89,2,1,7.77,1631360.8,187,30,0,1.0
89,2,2,20.56,0.0,0,108,0,0.0
89,2,3,13.62,2833545.4,353,2,0,1.012
89,2,4,16.07,2998134.0,370,0,0,1.004
89,2,5,14.57,0.0,0,107,0,0.0
89,2,6,13.01,3426469.0,428,0,0,1.005
89,2,7,22.07,536467.8,57,87,0,1.0
89,2,8,12.5,144893.4,13,103,0,1.0
89,2,9,25.95,0.0,0,115,0,0.0
89,2,10,28.65,1228794.9,141,51,0,1.003
89,2,11,13.51,2698.3,0,113,0,1.0
89,2,12,8.75,2936916.0,363,0,0,1.011
89,2,13,16.81,374292.2,37,92,0,1.0
89,2,14,15.53,1416178.3,167,31,0,1.008
89,2,15,24.33,303954.6,24,93,0,1.0
89,2,16,27.2,2939817.2,362,1,0,1.007
89,2,17,22.13,3075910.0,377,0,0,1.02
89,2,18,7.17,3144883.0,392,0,0,1.009
89,2,19,25.2,1262889.8,143,53,0,1.0
89,2,20,14.13,0.0,0,108,0,0.0
89,2,21,13.24,602414.7,54,87,0,1.0
89,2,22,17.91,2986405.6,374,1,0,1.004
89,2,23,17.9,2791352.7,350,1,0,1.005
89,2,24,22.87,20322.8,2,103,0,1.0
89,2,25,14.85,0.0,0,108,0,0.0
89,2,26,13.33,326019.7,34,104,0,1.0
89,2,27,21.36,3032221.7,377,2,0,1.011
89,2,28,11.89,83398.7,5,113,0,1.0
89,2,29,27.14,3024332.0,384,0,0,1.009
89,2,30,26.39,0.0,0,0,0,0.0
89,2,31,12.54,0.0,0,0,0,0.0
99,0,0,6.65,51189.0,2,108,0,1.0
99,0,1,22.27,1941.3,0,111,0,1.0
99,0,2,20.19,3007434.0,376,0,0,1.0
99,0,3,15.08,2898747.0,369,0,0,1.0
99,0,4,12.66,16755.3,0,109,0,1.0
99,0,5,12.32,3272626.0,413,0,0,1.0
99,0,6,23.59,5866.9,0,114,0,1.0
99,0,7,29.41,3395149.0,434,0,0,1.0
99,0,8,26.89,356435.8,31,84,0,1.0
99,0,9,11.95,2852153.6,351,1,0,1.0
99,0,10,25.73,9969.2,0,109,0,1.0
99,0,11,9.19,3038922.0,379,0,0,1.0
99,0,12,11.11,2889814.0,359,0,0,1.0
99,0,13,15.51,232862.4,15,106,0,1.0
99,0,14,23.28,3375432.0,422,0,0,1.0
99,0,15,21.85,2771899.0,348,0,0,1.0
99,0,16,21.6,258.8,0,111,0,1.0
99,0,17,23.82,1969455.3,244,15,0,1.0
99,0,18,27.48,2284317.3,290,9,0,1.0
99,0,19,5.6,4702.5,0,113,0,1.0
99,0,20,13.77,3148805.0,401,0,0,1.0
99,0,21,17.56,2768942.0,341,0,0,1.0
99,0,22,22.78,15470.3,0,112,0,1.0
99,0,23,12.17,12622.4,0,109,0,1.0
99,0,24,22.8,0.0,0,0,0,0.0
99,0,25,12.77,0.0,0,0,0,0.0
99,0,26,10.24,0.0,0,0,0,0.0
99,0,27,18.02,0.0,0,0,0,0.0
99,0,28,17.56,0.0,0,0,0,0.0
99,0,29,14.3,0.0,0,0,0,0.0
99,0,30,23.94,0.0,0,0,0,0.0
99,0,31,26.59,0.0,0,0,0,0.0
99,1,0,15.71,0.0,0,113,0,0.0
99,1,1,17.29,3020689.4,382,0,0,1.0
99,1,2,19.04,4837.8,0,111,0,1.0
99,1,3,16.81,3217333.0,406,0,0,1.0
99,1,4,25.54,0.0,0,101,0,0.0
99,1,5,18.36,3105302.0,395,0,0,1.0
99,1,6,8.63,792118.2,84,71,0,1.0
99,1,7,5.33,3081743.9,385,1,0,1.0
99,1,8,8.28,2943358.0,366,0,0,1.0
99,1,9,16.95,2532.0,0,121,0,1.0
99,1,10,5.22,3311127.0,414,0,0,1.0
99,1,11,27.19,2228597.1,266,17,0,1.0
99,1,12,16.04,0.0,0,111,0,0.0
99,1,13,25.94,1735366.1,214,21,0,1.0
99,1,14,7.56,2917311.2,361,5,0,1.0
99,1,15,10.93,930649.6,98,60,0,1.0
99,1,16,21.21,2829247.8,363,1,0,1.0
99,1,17,10.16,2582982.0,332,1,0,1.0
99,1,18,13.45,211048.3,15,104,0,1.0
99,1,19,28.59,32788.4,4,110,0,1.0
99,1,20,28.46,2515777.5,309,5,0,1.0
99,1,21,7.19,284736.4,30,91,0,1.0
99,1,22,21.02,2380646.0,303,4,0,1.0
99,1,23,22.73,101026.4,9,106,0,1.0
99,1,24,27.19,373.7,0,111,0,1.0
99,1,25,13.95,13612.7,1,103,0,1.0
99,1,26,20.95,2497327.0,303,6,0,1.0
99,1,27,28.46,0.0,0,0,0,0.0
99,1,28,27.22,0.0,0,0,0,0.0
99,1,29,21.5,0.0,0,0,0,0.0
99,1,30,21.16,0.0,0,0,0,0.0
99,1,31,18.93,0.0,0,0,0,0.0
99,2,0,6.96,0.0,0,110,0,0.0
99,2,1,7.77,1570505.4,194,29,0,1.0
99,2,2,20.56,1215.8,0,110,0,1.0
99,2,3,13.62,2702731.7,333,3,0,1.0
99,2,4,16.07,3066164.0,381,0,0,1.0
99,2,5,14.57,0.0,0,114,0,0.0
99,2,6,13.01,3040683.0,383,0,0,1.0
99,2,7,22.07,471224.2,49,89,0,1.0
99,2,8,12.5,162665.4,7,101,0,1.0
99,2,9,25.95,1597.3,0,107,0,1.0
99,2,10,28.65,1357797.1,153,49,0,1.0
99,2,11,13.51,4578.8,0,116,0,1.0
99,2,12,8.75,3230906.0,407,0,0,1.0
99,2,13,16.81,468737.5,48,90,0,1.0
99,2,14,15.53,1435617.2,170,34,0,1.0
99,2,15,24.33,322875.0,24,100,0,1.0
99,2,16,27.2,2974131.0,372,0,0,1.0
99,2,17,22.13,3288355.0,409,0,0,1.0
99,2,18,7.17,2786213.4,344,0,0,1.0
99,2,19,25.2,1241111.0,141,47,0,1.0
99,2,20,14.13,0.0,0,104,0,0.0
99,2,21,13.24,450368.3,51,83,0,1.0
99,2,22,17.91,2974447.0,375,0,0,1.0
99,2,23,17.9,3008138.4,375,1,0,1.0
99,2,24,22.87,15164.9,0,107,0,1.0
99,2,25,14.85,0.0,0,113,0,0.0
99,2,26,13.33,313748.4,29,97,0,1.0
99,2,27,21.36,2955645.0,366,0,0,1.0
99,2,28,11.89,88072.8,8,107,0,1.0
99,2,29,27.14,2886559.0,357,0,0,1.0
99,2,30,26.39,0.0,0,0,0,0.0
99,2,31,12.54,0.0,0,0,0,0.0
109,0,0,6.65,75019.5,2,102,0,1.0
109,0,1,22.27,1895.2,0,108,0,1.0
109,0,2,20.19,3176565.0,400,0,0,1.0
109,0,3,15.08,3210001.0,394,0,0,1.003
109,0,4,12.66,13734.6,0,109,0,1.0
109,0,5,12.32,2933436.0,373,0,0,1.003
109,0,6,23.59,11166.1,0,114,0,1.0
109,0,7,29.41,3038652.0,387,0,0,1.023
109,0,8,26.89,301615.4,24,102,0,1.0
109,0,9,11.95,2604249.0,335,0,0,1.015
109,0,10,25.73,13175.4,0,118,0,1.0
109,0,11,9.19,3124658.0,389,0,0,1.003
109,0,12,11.11,3134698.0,387,0,0,1.014
109,0,13,15.51,247179.9,17,98,0,1.0
109,0,14,23.28,3240388.0,399,0,0,1.005
109,0,15,21.85,2580969.0,331,0,0,1.017
109,0,16,21.6,157.7,0,108,0,1.0
109,0,17,23.82,2188075.3,271,8,0,1.003
109,0,18,27.48,2206094.6,284,3,0,1.005
109,0,19,5.6,5546.6,0,113,0,1.0
109,0,20,13.77,3101778.0,390,0,0,1.01
109,0,21,17.56,2966594.0,363,1,0,1.009
109,0,22,22.78,16173.6,0,107,0,1.0
109,0,23,12.17,14926.0,0,111,0,1.0
109,0,24,22.8,0.0,0,0,0,0.0
109,0,25,12.77,0.0,0,0,0,0.0
109,0,26,10.24,0.0,0,0,0,0.0
109,0,27,18.02,0.0,0,0,0,0.0
109,0,28,17.56,0.0,0,0,0,0.0
109,0,29,14.3,0.0,0,0,0,0.0
109,0,30,23.94,0.0,0,0,0,0.0
109,0,31,26.59,0.0,0,0,0,0.0
109,1,0,15.71,1102.6,0,115,0,1.0
109,1,1,17.29,3024704.0,383,0,0,1.0
109,1,2,19.04,24508.4,1,110,0,1.0
109,1,3,16.81,3144878.0,378,0,0,1.003
109,1,4,25.54,0.0,0,118,0,0.0
109,1,5,18.36,2827611.4,355,2,0,1.004
109,1,6,8.63,738012.6,73,80,0,1.0
109,1,7,5.33,3091576.0,375,0,0,1.007
109,1,8,8.28,3106408.0,381,0,0,1.005
109,1,9,16.95,0.0,0,112,0,0.0
109,1,10,5.22,3382401.0,429,0,0,1.004
109,1,11,27.19,2254335.3,272,15,0,1.014
109,1,12,16.04,0.0,0,117,0,0.0
109,1,13,25.94,2179054.7,268,19,0,1.004
109,1,14,7.56,2706490.9,335,8,0,1.0
109,1,15,10.93,738796.3,91,66,0,1.0
109,1,16,21.21,2797157.0,356,0,0,1.008
109,1,17,10.16,2454527.0,303,5,0,1.0
109,1,18,13.45,245104.2,18,100,0,1.0
109,1,19,28.59,21901.0,0,106,0,1.0
109,1,20,28.46,2552372.8,314,5,0,1.005
109,1,21,7.19,355670.8,29,94,0,1.0
109,1,22,21.02,2594256.9,314,5,0,1.007
109,1,23,22.73,105937.8,9,106,0,1.0
109,1,24,27.19,419.0,0,107,0,1.0
109,1,25,13.95,4717.7,0,112,0,1.0
109,1,26,20.95,2532981.4,322,3,0,1.004
109,1,27,28.46,0.0,0,0,0,0.0
109,1,28,27.22,0.0,0,0,0,0.0
109,1,29,21.5,0.0,0,0,0,0.0
109,1,30,21.16,0.0,0,0,0,0.0
109,1,31,18.93,0.0,0,0,0,0.0
109,2,0,6.96,0.0,0,108,0,0.0
109,2,1,7.77,1243576.7,134,43,0,1.0
109,2,2,20.56,0.0,0,113,0,0.0
109,2,3,13.62,2713067.9,328,4,0,1.007
109,2,4,16.07,3032681.0,369,0,0,1.01
109,2,5,14.57,0.0,0,118,0,0.0
109,2,6,13.01,2992013.0,381,0,0,1.026
109,2,7,22.07,465779.3,41,84,0,1.006
109,2,8,12.5,139861.2,9,109,0,1.0
109,2,9,25.95,0.0,0,113,0,0.0
109,2,10,28.65,1489563.2,162,42,0,1.0
109,2,11,13.51,4569.4,0,105,0,1.0
109,2,12,8.75,3097336.0,391,0,0,1.01
109,2,13,16.81,555004.5,53,77,0,1.0
109,2,14,15.53,1661776.3,195,24,0,1.014
109,2,15,24.33,286719.5,20,92,0,1.0
109,2,16,27.2,3019578.6,375,0,0,1.014
109,2,17,22.13,3054774.0,370,0,0,1.024
109,2,18,7.17,2862261.0,366,0,0,1.006
109,2,19,25.2,1247987.8,137,47,0,1.0
109,2,20,14.13,0.0,0,109,0,0.0
109,2,21,13.24,659155.5,66,76,0,1.0
109,2,22,17.91,3151925.0,388,0,0,1.005
109,2,23,17.9,2710434.0,344,0,0,1.017
109,2,24,22.87,20107.4,0,107,0,1.0
109,2,25,14.85,0.0,0,110,0,0.0
109,2,26,13.33,376778.2,45,82,0,1.0
109,2,27,21.36,2990633.6,375,1,0,1.015
109,2,28,11.89,91896.3,8,110,0,1.0
109,2,29,27.14,2928698.0,367,0,0,1.014
109,2,30,26.39,0.0,0,0,0,0.0
109,2,31,12.54,0.0,0,0,0,0.0
119,0,0,6.65,51870.7,3,107,0,1.01
119,0,1,22.27,714.1,0,104,0,1.0
119,0,2,20.19,3092165.0,383,0,0,1.035
119,0,3,15.08,3183084.0,395,0,0,1.059
119,0,4,12.66,25972.5,0,119,0,1.0
119,0,5,12.32,3240277.0,402,0,0,1.076
119,0,6,23.59,11175.2,0,104,0,1.0
119,0,7,29.41,2959846.0,369,0,0,1.079
119,0,8,26.89,325670.7,27,95,0,1.003
119,0,9,11.95,3037366.7,378,0,0,1.062
119,0,10,25.73,14583.8,0,114,0,1.0
119,0,11,9.19,2874092.0,371,0,0,1.065
119,0,12,11.11,3129887.0,393,0,0,1.044
119,0,13,15.51,229735.2,13,103,0,1.0
119,0,14,23.28,3099033.0,387,0,0,1.066
119,0,15,21.85,2728761.6,341,2,0,1.054
119,0,16,21.6,109.6,0,106,0,1.0
119,0,17,23.82,2196176.3,271,8,0,1.007
119,0,18,27.48,2301090.6,279,4,0,1.066
119,0,19,5.6,3548.7,0,110,0,1.0
119,0,20,13.77,3263383.0,407,0,0,1.057
119,0,21,17.56,2740483.9,346,0,0,1.066
119,0,22,22.78,13866.3,0,113,0,1.0
119,0,23,12.17,12660.9,0,110,0,1.0
119,0,24,22.8,0.0,0,0,0,0.0
119,0,25,12.77,0.0,0,0,0,0.0
119,0,26,10.24,0.0,0,0,0,0.0
119,0,27,18.02,0.0,0,0,0,0.0
119,0,28,17.56,0.0,0,0,0,0.0
119,0,29,14.3,0.0,0,0,0,0.0
119,0,30,23.94,0.0,0,0,0,0.0
119,0,31,26.59,0.0,0,0,0,0.0
119,1,0,15.71,2315.6,0,115,0,1.0
119,1,1,17.29,3050706.0,376,0,0,1.125
119,1,2,19.04,12447.4,0,104,0,1.0
119,1,3,16.81,3351266.0,410,0,0,1.183
119,1,4,25.54,0.0,0,109,0,0.0
119,1,5,18.36,2960168.5,369,1,0,1.083
119,1,6,8.63,916312.3,101,55,0,1.038
119,1,7,5.33,2993653.0,381,0,0,1.095
119,1,8,8.28,3216801.0,399,0,0,1.11
119,1,9,16.95,1725.7,0,109,0,1.0
119,1,10,5.22,3213850.0,399,0,0,1.187
119,1,11,27.19,2198189.1,254,15,0,1.165
119,1,12,16.04,0.0,0,112,0,0.0
119,1,13,25.94,2331179.6,281,11,0,1.196
119,1,14,7.56,2382327.0,298,8,0,1.12
119,1,15,10.93,955819.3,101,64,0,1.045
119,1,16,21.21,3064915.0,379,0,0,1.112
119,1,17,10.16,2760698.8,344,1,0,1.11
119,1,18,13.45,194708.3,15,107,0,1.013
119,1,19,28.59,10033.8,0,106,0,1.0
119,1,20,28.46,2541989.9,322,5,0,1.131
119,1,21,7.19,323997.2,24,97,0,1.009
119,1,22,21.02,2486747.4,309,7,0,1.125
119,1,23,22.73,57050.4,7,103,0,1.0
119,1,24,27.19,0.0,0,108,0,0.0
119,1,25,13.95,12855.3,1,116,0,1.0
119,1,26,20.95,2566090.0,329,0,0,1.111
119,1,27,28.46,0.0,0,0,0,0.0
119,1,28,27.22,0.0,0,0,0,0.0
119,1,29,21.5,0.0,0,0,0,0.0
119,1,30,21.16,0.0,0,0,0,0.0
119,1,31,18.93,0.0,0,0,0,0.0
119,2,0,6.96,0.0,0,119,0,0.0
119,2,1,7.77,1587589.0,190,27,0,1.129
119,2,2,20.56,536.0,0,103,0,1.0
119,2,3,13.62,2913013.0,357,0,0,1.164
119,2,4,16.07,2982827.0,375,0,0,1.124
119,2,5,14.57,132.6,0,110,0,1.0
119,2,6,13.01,3098304.0,388,0,0,1.159
119,2,7,22.07,434621.1,44,90,0,1.0
119,2,8,12.5,125225.5,9,105,0,1.0
119,2,9,25.95,6651.5,0,111,0,1.0
119,2,10,28.65,1344782.9,156,43,0,1.103
119,2,11,13.51,0.0,0,111,0,1.0
119,2,12,8.75,3005938.0,379,0,0,1.15
119,2,13,16.81,490485.4,41,89,0,1.0
119,2,14,15.53,1757390.9,207,21,0,1.181
119,2,15,24.33,292260.7,20,97,0,1.011
119,2,16,27.2,2970278.2,371,1,0,1.135
119,2,17,22.13,3020070.0,374,0,0,1.169
119,2,18,7.17,2829314.7,365,1,0,1.09
119,2,19,25.2,1152315.9,133,46,0,1.063
119,2,20,14.13,0.0,0,117,0,0.0
119,2,21,13.24,767451.0,69,72,0,1.073
119,2,22,17.91,3113482.2,388,1,0,1.092
119,2,23,17.9,3079165.5,383,1,0,1.123
119,2,24,22.87,3386.7,0,111,0,1.0
119,2,25,14.85,0.0,0,116,0,0.0
119,2,26,13.33,389321.6,36,85,0,1.03
119,2,27,21.36,3191896.1,405,1,0,1.131
119,2,28,11.89,94384.9,7,97,0,1.0
119,2,29,27.14,3159070.0,390,0,0,1.146
119,2,30,26.39,0.0,0,0,0,0.0
119,2,31,12.54,0.0,0,0,0,0.0
129,0,0,6.65,54759.0,1,106,0,1.0
129,0,1,22.27,1125.5,0,110,0,1.0
129,0,2,20.19,3059003.0,397,0,0,1.066
129,0,3,15.08,3039760.0,383,0,0,1.072
129,0,4,12.66,26651.4,0,111,0,1.0
129,0,5,12.32,3212098.0,397,0,0,1.128
129,0,6,23.59,10789.4,0,118,0,1.016
129,0,7,29.41,3002227.0,376,0,0,1.079
129,0,8,26.89,372352.8,34,87,0,1.01
129,0,9,11.95,2783079.0,350,0,0,1.11
129,0,10,25.73,10200.3,0,110,0,1.0
129,0,11,9.19,2942262.0,372,0,0,1.101
129,0,12,11.11,3095913.0,385,0,0,1.069
129,0,13,15.51,268484.0,15,97,0,1.024
129,0,14,23.28,3302021.0,408,0,0,1.12
129,0,15,21.85,2624806.6,325,3,0,1.104
129,0,16,21.6,170.8,0,104,0,1.0
129,0,17,23.82,2080179.9,255,6,0,1.021
129,0,18,27.48,2396437.7,301,3,0,1.069
129,0,19,5.6,6546.4,0,114,0,1.019
129,0,20,13.77,3209680.0,401,0,0,1.044
129,0,21,17.56,2909950.0,357,0,0,1.102
129,0,22,22.78,24488.8,0,113,0,1.025
129,0,23,12.17,13445.1,0,105,0,1.0
129,0,24,22.8,0.0,0,0,0,0.0
129,0,25,12.77,0.0,0,0,0,0.0
129,0,26,10.24,0.0,0,0,0,0.0
129,0,27,18.02,0.0,0,0,0,0.0
129,0,28,17.56,0.0,0,0,0,0.0
129,0,29,14.3,0.0,0,0,0,0.0
129,0,30,23.94,0.0,0,0,0,0.0
129,0,31,26.59,0.0,0,0,0,0.0
129,1,0,15.71,1220.6,0,106,0,1.0
129,1,1,17.29,3054380.0,383,0,0,1.254
129,1,2,19.04,8296.8,0,109,0,1.167
129,1,3,16.81,3185909.0,395,0,0,1.36
129,1,4,25.54,0.0,0,117,0,0.0
129,1,5,18.36,2895804.4,366,0,0,1.257
129,1,6,8.63,890253.2,91,62,0,1.145
129,1,7,5.33,2951011.0,369,0,0,1.21
129,1,8,8.28,3019617.3,384,0,0,1.272
129,1,9,16.95,1508.3,0,120,0,1.0
129,1,10,5.22,2894489.0,365,0,0,1.316
129,1,11,27.19,2410470.6,290,9,0,1.277
129,1,12,16.04,0.0,0,108,0,0.0
129,1,13,25.94,2241648.0,278,13,0,1.361
129,1,14,7.56,2681832.1,335,3,0,1.252
129,1,15,10.93,1052601.2,120,49,0,1.171
129,1,16,21.21,3030485.0,370,0,0,1.209
129,1,17,10.16,2768871.4,344,0,0,1.23
129,1,18,13.45,291383.2,25,95,0,1.034
129,1,19,28.59,20034.6,0,109,0,1.0
129,1,20,28.46,2649858.0,330,1,0,1.231
129,1,21,7.19,476485.6,39,90,0,1.012
129,1,22,21.02,2648661.9,332,1,0,1.272
129,1,23,22.73,69074.8,5,117,0,1.029
129,1,24,27.19,0.0,0,108,0,0.0
129,1,25,13.95,6637.9,1,115,0,1.0
129,1,26,20.95,2998192.7,370,1,0,1.195
129,1,27,28.46,0.0,0,0,0,0.0
129,1,28,27.22,0.0,0,0,0,0.0
129,1,29,21.5,0.0,0,0,0,0.0
129,1,30,21.16,0.0,0,0,0,0.0
129,1,31,18.93,0.0,0,0,0,0.0
129,2,0,6.96,0.0,0,106,0,0.0
129,2,1,7.77,2002168.8,230,23,0,1.341
129,2,2,20.56,4825.4,0,114,0,1.0
129,2,3,13.62,2916232.8,378,2,0,1.224
129,2,4,16.07,2660191.0,336,0,0,1.228
129,2,5,14.57,0.0,0,102,0,0.0
129,2,6,13.01,2971327.0,364,0,0,1.222
129,2,7,22.07,557041.8,59,82,0,1.005
129,2,8,12.5,114841.9,10,100,0,1.0
129,2,9,25.95,4928.2,0,106,0,1.0
129,2,10,28.65,1339788.4,151,44,0,1.184
129,2,11,13.51,0.0,0,115,0,0.0
129,2,12,8.75,2969597.0,369,0,0,1.236
129,2,13,16.81,656561.0,52,79,0,1.005
129,2,14,15.53,2028234.1,244,11,0,1.372
129,2,15,24.33,252938.4,13,104,0,1.026
129,2,16,27.2,2992904.0,378,0,0,1.187
129,2,17,22.13,2624296.0,333,0,0,1.226
129,2,18,7.17,3285741.0,402,0,0,1.225
129,2,19,25.2,1541620.2,168,38,0,1.188
129,2,20,14.13,0.0,0,113,0,0.0
129,2,21,13.24,708456.3,73,66,0,1.137
129,2,22,17.91,2792022.0,358,0,0,1.171
129,2,23,17.9,2839274.0,363,0,0,1.222
129,2,24,22.87,11964.5,0,107,0,1.0
129,2,25,14.85,0.0,0,111,0,0.0
129,2,26,13.33,409179.6,31,102,0,1.062
129,2,27,21.36,3008450.0,375,1,0,1.205
129,2,28,11.89,64502.0,3,104,0,1.0
129,2,29,27.14,3029677.0,381,0,0,1.211
129,2,30,26.39,0.0,0,0,0,0.0
129,2,31,12.54,0.0,0,0,0,0.0
139,0,0,6.65,56243.8,4,105,0,1.0
139,0,1,22.27,1342.7,0,109,0,1.037
139,0,2,20.19,2952027.0,378,0,0,1.074
139,0,3,15.08,3169799.0,388,0,0,1.108
139,0,4,12.66,21491.7,0,105,0,1.0
139,0,5,12.32,3056669.0,391,0,0,1.126
139,0,6,23.59,8267.4,0,111,0,1.0
139,0,7,29.41,3067777.0,383,0,0,1.16
139,0,8,26.89,364485.8,31,88,0,1.003
139,0,9,11.95,2973290.0,367,0,0,1.11
139,0,10,25.73,12047.4,0,110,0,1.0
139,0,11,9.19,2801037.0,354,0,0,1.117
139,0,12,11.11,3106434.0,383,0,0,1.065
139,0,13,15.51,202061.0,10,105,0,1.008
139,0,14,23.28,3019814.0,378,0,0,1.157
139,0,15,21.85,2710652.3,334,1,0,1.115
139,0,16,21.6,151.3,0,113,0,1.0
139,0,17,23.82,2254267.9,275,4,0,1.074
139,0,18,27.48,2551576.9,320,2,0,1.129
139,0,19,5.6,4009.5,0,112,0,1.0
139,0,20,13.77,3586346.0,446,0,0,1.065
139,0,21,17.56,3086538.0,380,0,0,1.098
139,0,22,22.78,17065.0,0,110,0,1.0
139,0,23,12.17,15483.0,0,112,0,1.0
139,0,24,22.8,0.0,0,0,0,0.0
139,0,25,12.77,0.0,0,0,0,0.0
139,0,26,10.24,0.0,0,0,0,0.0
139,0,27,18.02,0.0,0,0,0,0.0
139,0,28,17.56,0.0,0,0,0,0.0
139,0,29,14.3,0.0,0,0,0,0.0
139,0,30,23.94,0.0,0,0,0,0.0
139,0,31,26.59,0.0,0,0,0,0.0
139,1,0,15.71,735.5,0,111,0,1.0
139,1,1,17.29,3048154.3,383,0,0,1.389
139,1,2,19.04,2444.9,0,114,0,1.0
139,1,3,16.81,2961105.0,371,0,0,1.514
139,1,4,25.54,0.0,0,112,0,0.0
139,1,5,18.36,3020711.0,378,1,0,1.396
139,1,6,8.63,1159403.1,127,47,0,1.433
139,1,7,5.33,2901529.0,361,0,0,1.324
139,1,8,8.28,2931326.0,369,0,0,1.417
139,1,9,16.95,522.4,0,112,0,1.0
139,1,10,5.22,2944476.0,370,0,0,1.438
139,1,11,27.19,2386999.8,286,13,0,1.394
139,1,12,16.04,0.0,0,105,0,0.0
139,1,13,25.94,2404408.3,307,3,0,1.484
139,1,14,7.56,2765831.7,337,2,0,1.319
139,1,15,10.93,1254313.5,140,46,0,1.43
139,1,16,21.21,2951344.3,365,0,0,1.334
139,1,17,10.16,2837482.4,348,0,0,1.279
139,1,18,13.45,296151.5,27,96,0,1.14
139,1,19,28.59,27390.9,0,107,0,1.0
139,1,20,28.46,2783759.9,345,1,0,1.366
139,1,21,7.19,502073.0,45,84,0,1.146
139,1,22,21.02,2968382.2,371,2,0,1.35
139,1,23,22.73,57687.8,3,103,0,1.1
139,1,24,27.19,450.8,0,117,0,1.0
139,1,25,13.95,8230.9,0,107,0,1.0
139,1,26,20.95,2764899.0,349,0,0,1.308
139,1,27,28.46,0.0,0,0,0,0.0
139,1,28,27.22,0.0,0,0,0,0.0
139,1,29,21.5,0.0,0,0,0,0.0
139,1,30,21.16,0.0,0,0,0,0.0
139,1,31,18.93,0.0,0,0,0,0.0
139,2,0,6.96,0.0,0,120,0,0.0
139,2,1,7.77,2074401.5,248,15,0,1.484
139,2,2,20.56,0.0,0,111,0,0.0
139,2,3,13.62,2744443.5,339,1,0,1.313
139,2,4,16.07,2732325.0,340,0,0,1.323
139,2,5,14.57,0.0,0,118,0,0.0
139,2,6,13.01,2994140.0,379,0,0,1.388
139,2,7,22.07,284659.5,30,91,0,1.105
139,2,8,12.5,166464.4,14,97,0,1.258
139,2,9,25.95,9263.5,0,111,0,1.0
139,2,10,28.65,1766812.7,213,25,0,1.386
139,2,11,13.51,6057.4,0,113,0,1.25
139,2,12,8.75,3248049.0,397,0,0,1.377
139,2,13,16.81,683747.1,72,73,0,1.086
139,2,14,15.53,2217202.3,268,9,0,1.484
139,2,15,24.33,335965.7,33,90,0,1.283
139,2,16,27.2,3012760.0,374,0,0,1.271
139,2,17,22.13,2830679.0,356,0,0,1.383
139,2,18,7.17,2832248.0,352,0,0,1.293
139,2,19,25.2,1741450.6,211,22,0,1.434
139,2,20,14.13,0.0,0,111,0,0.0
139,2,21,13.24,931464.3,109,49,0,1.413
139,2,22,17.91,2999090.0,381,0,0,1.283
139,2,23,17.9,2759195.0,344,0,0,1.282
139,2,24,22.87,6578.5,0,108,0,1.0
139,2,25,14.85,0.0,0,108,0,0.0
139,2,26,13.33,366955.8,36,86,0,1.294
139,2,27,21.36,2943828.0,362,0,0,1.368
139,2,28,11.89,71284.8,5,105,0,1.111
139,2,29,27.14,2801201.8,348,0,0,1.287
139,2,30,26.39,0.0,0,0,0,0.0
139,2,31,12.54,0.0,0,0,0,0.0
149,0,0,6.65,78680.5,2,111,0,1.03
149,0,1,22.27,2254.3,0,112,0,1.036
149,0,2,20.19,3045852.0,372,0,0,1.128
149,0,3,15.08,2923215.0,375,0,0,1.095
149,0,4,12.66,22411.1,0,111,0,1.01
149,0,5,12.32,3220236.0,403,0,0,1.174
149,0,6,23.59,9363.7,0,121,0,1.0
149,0,7,29.41,3149580.0,398,0,0,1.177
149,0,8,26.89,362357.0,36,87,0,1.003
149,0,9,11.95,3035876.0,380,0,0,1.131
149,0,10,25.73,15549.1,1,118,0,1.0
149,0,11,9.19,2834850.0,355,0,0,1.127
149,0,12,11.11,2969516.0,378,0,0,1.127
149,0,13,15.51,197957.4,9,105,0,1.008
149,0,14,23.28,3026848.0,383,0,0,1.151
149,0,15,21.85,2947302.0,366,0,0,1.16
149,0,16,21.6,185.7,0,112,1,1.0
149,0,17,23.82,1993006.8,245,7,0,1.099
149,0,18,27.48,2375809.0,294,0,0,1.18
149,0,19,5.6,6538.7,0,107,0,1.0
149,0,20,13.77,3305167.0,415,0,0,1.13
149,0,21,17.56,3125195.0,396,0,0,1.136
149,0,22,22.78,19338.4,0,114,0,1.012
149,0,23,12.17,6146.3,0,116,0,1.0
149,0,24,22.8,0.0,0,0,0,0.0
149,0,25,12.77,0.0,0,0,0,0.0
149,0,26,10.24,0.0,0,0,0,0.0
149,0,27,18.02,0.0,0,0,0,0.0
149,0,28,17.56,0.0,0,0,0,0.0
149,0,29,14.3,0.0,0,0,0,0.0
149,0,30,23.94,0.0,0,0,0,0.0
149,0,31,26.59,0.0,0,0,0,0.0
149,1,0,15.71,0.0,0,119,0,0.0
149,1,1,17.29,2883992.0,361,0,0,1.526
149,1,2,19.04,20362.7,1,110,0,1.0
149,1,3,16.81,3006662.0,377,0,0,1.565
149,1,4,25.54,0.0,0,109,0,0.0
149,1,5,18.36,2925260.0,368,0,0,1.484
149,1,6,8.63,1525041.1,192,23,0,1.624
149,1,7,5.33,2737204.0,347,0,0,1.459
149,1,8,8.28,3010042.0,375,0,0,1.52
149,1,9,16.95,0.0,0,109,0,0.0
149,1,10,5.22,3050552.0,380,0,0,1.523
149,1,11,27.19,2416112.7,302,5,0,1.534
149,1,12,16.04,0.0,0,110,0,0.0
149,1,13,25.94,2592599.0,336,0,0,1.556
149,1,14,7.56,2920826.0,358,0,0,1.43
149,1,15,10.93,1755141.8,218,16,0,1.619
149,1,16,21.21,2948336.0,375,0,0,1.454
149,1,17,10.16,2782512.0,350,0,0,1.406
149,1,18,13.45,376609.4,39,90,0,1.298
149,1,19,28.59,45798.0,3,107,0,1.071
149,1,20,28.46,2750234.0,349,0,0,1.458
149,1,21,7.19,485102.2,56,70,0,1.412
149,1,22,21.02,2470557.7,314,2,0,1.515
149,1,23,22.73,160429.1,13,100,0,1.156
149,1,24,27.19,300.1,0,116,0,1.0
149,1,25,13.95,10910.0,0,114,0,1.0
149,1,26,20.95,2862474.0,356,0,0,1.446
149,1,27,28.46,0.0,0,0,0,0.0
149,1,28,27.22,0.0,0,0,0,0.0
149,1,29,21.5,0.0,0,0,0,0.0
149,1,30,21.16,0.0,0,0,0,0.0
149,1,31,18.93,0.0,0,0,0,0.0
149,2,0,6.96,0.0,0,110,0,0.0
149,2,1,7.77,2209774.9,283,1,0,1.559
149,2,2,20.56,0.0,0,111,0,0.0
149,2,3,13.62,2814597.0,355,0,0,1.423
149,2,4,16.07,2652768.0,330,0,0,1.433
149,2,5,14.57,0.0,0,110,0,0.0
149,2,6,13.01,3129092.0,393,0,0,1.49
149,2,7,22.07,243121.6,22,101,0,1.186
149,2,8,12.5,261722.9,28,88,0,1.42
149,2,9,25.95,0.0,0,110,0,0.0
149,2,10,28.65,1698103.7,207,21,0,1.526
149,2,11,13.51,3652.3,0,117,0,1.0
149,2,12,8.75,3151433.0,378,0,0,1.548
149,2,13,16.81,585761.4,63,74,0,1.172
149,2,14,15.53,2174121.7,279,3,0,1.543
149,2,15,24.33,429730.9,49,79,0,1.463
149,2,16,27.2,2878180.0,368,0,0,1.376
149,2,17,22.13,2808363.0,343,0,0,1.416
149,2,18,7.17,2821022.0,352,0,0,1.381
149,2,19,25.2,2028582.4,253,13,0,1.509
149,2,20,14.13,0.0,0,109,0,1.0
149,2,21,13.24,1064517.5,131,45,0,1.561
149,2,22,17.91,2844091.0,352,0,0,1.327
149,2,23,17.9,2990019.0,363,0,0,1.36
149,2,24,22.87,2763.9,0,116,0,1.0
149,2,25,14.85,0.0,0,105,0,0.0
149,2,26,13.33,282103.8,20,99,0,1.153
149,2,27,21.36,2798271.0,351,0,0,1.429
149,2,28,11.89,57530.1,5,110,0,1.083
149,2,29,27.14,2894484.0,361,0,0,1.392
149,2,30,26.39,0.0,0,0,0,0.0
149,2,31,12.54,0.0,0,0,0,0.0
159,0,0,6.65,82023.3,6,106,0,1.006
159,0,1,22.27,1154.4,0,115,0,1.036
159,0,2,20.19,2973668.6,368,0,0,1.126
159,0,3,15.08,3048272.0,387,0,0,1.174
159,0,4,12.66,21906.3,0,115,0,1.0
159,0,5,12.32,3208565.0,407,0,0,1.233
159,0,6,23.59,11627.5,0,106,0,1.0
159,0,7,29.41,3210078.0,403,0,0,1.217
159,0,8,26.89,242476.3,22,88,0,1.004
159,0,9,11.95,3160447.0,400,0,0,1.157
159,0,10,25.73,12710.6,0,109,0,1.034
159,0,11,9.19,3056450.0,383,0,0,1.108
159,0,12,11.11,3104636.0,380,0,0,1.162
159,0,13,15.51,220597.3,14,108,0,1.01
159,0,14,23.28,3064336.0,383,0,0,1.246
159,0,15,21.85,2850193.0,352,0,0,1.234
159,0,16,21.6,166.1,0,105,0,1.0
159,0,17,23.82,2255218.4,278,4,0,1.193
159,0,18,27.48,2577497.0,331,0,0,1.225
159,0,19,5.6,7799.4,0,111,0,1.0
159,0,20,13.77,3323022.0,420,0,0,1.155
159,0,21,17.56,2841687.5,356,0,0,1.209
159,0,22,22.78,26914.4,0,112,0,1.0
159,0,23,12.17,12556.3,0,109,0,1.019
159,0,24,22.8,0.0,0,0,0,0.0
159,0,25,12.77,0.0,0,0,0,0.0
159,0,26,10.24,0.0,0,0,0,0.0
159,0,27,18.02,0.0,0,0,0,0.0
159,0,28,17.56,0.0,0,0,0,0.0
159,0,29,14.3,0.0,0,0,0,0.0
159,0,30,23.94,0.0,0,0,0,0.0
159,0,31,26.59,0.0,0,0,0,0.0
159,1,0,15.71,2731.5,0,110,0,1.0
159,1,1,17.29,2733835.0,339,0,0,1.51
159,1,2,19.04,22880.6,1,107,0,1.176
159,1,3,16.81,3169459.0,396,0,0,1.668
159,1,4,25.54,0.0,0,117,0,0.0
159,1,5,18.36,2793866.0,347,0,0,1.538
159,1,6,8.63,1512083.2,192,25,0,1.691
159,1,7,5.33,2717190.0,328,0,0,1.491
159,1,8,8.28,2899870.0,365,0,0,1.58
159,1,9,16.95,3912.2,0,111,0,1.0
159,1,10,5.22,2968993.0,370,0,0,1.583
159,1,11,27.19,2458926.6,305,5,0,1.607
159,1,12,16.04,0.0,0,109,0,0.0
159,1,13,25.94,2766278.0,356,0,0,1.59
159,1,14,7.56,2730451.0,349,0,0,1.471
159,1,15,10.93,1863195.4,226,14,0,1.683
159,1,16,21.21,2784899.0,351,0,0,1.475
159,1,17,10.16,2690363.0,345,0,0,1.532
159,1,18,13.45,441272.4,47,81,0,1.471
159,1,19,28.59,48976.1,6,108,0,1.206
159,1,20,28.46,2865145.0,350,0,0,1.509
159,1,21,7.19,731107.2,96,58,0,1.622
159,1,22,21.02,2804354.0,367,0,0,1.501
159,1,23,22.73,142640.4,15,97,0,1.326
159,1,24,27.19,0.0,0,110,0,0.0
159,1,25,13.95,10389.5,1,103,0,1.0
159,1,26,20.95,2814049.0,348,0,0,1.473
159,1,27,28.46,0.0,0,0,0,0.0
159,1,28,27.22,0.0,0,0,0,0.0
159,1,29,21.5,0.0,0,0,0,0.0
159,1,30,21.16,0.0,0,0,0,0.0
159,1,31,18.93,0.0,0,0,0,0.0
159,2,0,6.96,0.0,0,111,0,0.0
159,2,1,7.77,2207302.6,274,3,0,1.73
159,2,2,20.56,4439.9,0,112,0,1.0
159,2,3,13.62,2867323.4,350,1,0,1.586
159,2,4,16.07,2743466.0,339,0,0,1.564
159,2,5,14.57,0.0,0,113,0,0.0
159,2,6,13.01,3072352.0,389,0,0,1.62
159,2,7,22.07,323181.1,42,93,0,1.464
159,2,8,12.5,386727.7,47,83,0,1.806
159,2,9,25.95,0.0,0,113,0,0.0
159,2,10,28.65,1728974.0,210,15,0,1.618
159,2,11,13.51,0.0,0,117,0,0.0
159,2,12,8.75,2984121.0,381,0,0,1.611
159,2,13,16.81,1098678.5,137,40,0,1.519
159,2,14,15.53,2237855.7,287,2,0,1.706
159,2,15,24.33,719560.0,92,60,0,1.777
159,2,16,27.2,2913779.0,361,0,0,1.477
159,2,17,22.13,2702228.0,335,1,0,1.635
159,2,18,7.17,2911340.0,362,0,0,1.545
159,2,19,25.2,1879279.3,233,10,0,1.749
159,2,20,14.13,0.0,0,105,0,0.0
159,2,21,13.24,1470131.7,181,22,0,1.794
159,2,22,17.91,2814414.0,352,0,0,1.569
159,2,23,17.9,2802088.0,346,0,0,1.566
159,2,24,22.87,27860.8,0,110,0,1.571
159,2,25,14.85,0.0,0,107,0,0.0
159,2,26,13.33,389581.9,49,73,0,1.65
159,2,27,21.36,2768538.0,344,0,0,1.575
159,2,28,11.89,47144.3,3,108,0,1.5
159,2,29,27.14,2604348.5,332,0,0,1.562
159,2,30,26.39,0.0,0,0,0,0.0
159,2,31,12.54,0.0,0,0,0,0.0
169,0,0,6.65,100784.4,6,107,0,1.009
169,0,1,22.27,1200.7,0,117,0,1.0
169,0,2,20.19,3050264.0,378,0,0,1.108
169,0,3,15.08,3072544.0,389,0,0,1.118
169,0,4,12.66,29128.7,2,108,0,1.0
169,0,5,12.32,3080407.0,390,0,0,1.143
169,0,6,23.59,9776.2,0,110,0,1.0
169,0,7,29.41,3241025.0,409,0,0,1.158
169,0,8,26.89,284859.9,23,94,0,1.013
169,0,9,11.95,3052087.7,379,0,0,1.121
169,0,10,25.73,13243.2,0,105,0,1.0
169,0,11,9.19,3037806.0,384,0,0,1.108
169,0,12,11.11,2929395.0,364,0,0,1.129
169,0,13,15.51,175650.4,8,106,0,1.01
169,0,14,23.28,2925829.0,369,0,0,1.169
169,0,15,21.85,2815338.4,349,1,0,1.131
169,0,16,21.6,215.0,0,108,0,1.033
169,0,17,23.82,2165643.2,267,6,0,1.142
169,0,18,27.48,2430814.0,310,0,0,1.137
169,0,19,5.6,8038.9,0,114,0,1.0
169,0,20,13.77,3367447.0,408,0,0,1.107
169,0,21,17.56,2818744.0,364,0,0,1.136
169,0,22,22.78,26907.0,1,106,0,1.0
169,0,23,12.17,16853.6,0,119,0,1.014
169,0,24,22.8,0.0,0,0,0,0.0
169,0,25,12.77,0.0,0,0,0,0.0
169,0,26,10.24,0.0,0,0,0,0.0
169,0,27,18.02,0.0,0,0,0,0.0
169,0,28,17.56,0.0,0,0,0,0.0
169,0,29,14.3,0.0,0,0,0,0.0
169,0,30,23.94,0.0,0,0,0,0.0
169,0,31,26.59,0.0,0,0,0,0.0
169,1,0,15.71,0.0,0,114,0,0.0
169,1,1,17.29,2730792.0,339,0,0,1.364
169,1,2,19.04,10715.5,1,111,0,1.0
169,1,3,16.81,2967761.0,382,0,0,1.44
169,1,4,25.54,0.0,0,110,0,0.0
169,1,5,18.36,2821468.0,345,0,0,1.355
169,1,6,8.63,1007739.2,114,52,0,1.464
169,1,7,5.33,2813831.0,355,0,0,1.349
169,1,8,8.28,2793333.0,346,0,0,1.371
169,1,9,16.95,0.0,0,113,0,0.0
169,1,10,5.22,3173845.0,396,0,0,1.451
169,1,11,27.19,2592812.0,321,5,0,1.383
169,1,12,16.04,0.0,0,111,0,0.0
169,1,13,25.94,2480708.9,308,5,0,1.419
169,1,14,7.56,2768865.2,341,1,0,1.302
169,1,15,10.93,1356006.0,163,36,0,1.482
169,1,16,21.21,2853096.0,361,0,0,1.36
169,1,17,10.16,2466158.3,307,5,0,1.328
169,1,18,13.45,296036.5,32,91,0,1.262
169,1,19,28.59,45185.4,3,111,0,1.031
169,1,20,28.46,2909031.5,360,1,0,1.292
169,1,21,7.19,572510.9,61,72,0,1.353
169,1,22,21.02,2770773.6,345,2,0,1.334
169,1,23,22.73,115069.7,7,113,0,1.111
169,1,24,27.19,0.0,0,106,0,0.0
169,1,25,13.95,4526.1,0,106,0,1.0
169,1,26,20.95,2827107.0,350,0,0,1.246
169,1,27,28.46,0.0,0,0,0,0.0
169,1,28,27.22,0.0,0,0,0,0.0
169,1,29,21.5,0.0,0,0,0,0.0
169,1,30,21.16,0.0,0,0,0,0.0
169,1,31,18.93,0.0,0,0,0,0.0
169,2,0,6.96,0.0,0,112,0,0.0
169,2,1,7.77,2058930.3,255,12,0,1.47
169,2,2,20.56,1942.1,0,114,0,1.0
169,2,3,13.62,2870942.0,363,0,0,1.317
169,2,4,16.07,2656279.0,331,0,0,1.361
169,2,5,14.57,0.0,0,105,0,0.0
169,2,6,13.01,3238005.0,399,0,0,1.398
169,2,7,22.07,221419.7,28,88,0,1.113
169,2,8,12.5,314409.9,33,90,0,1.456
169,2,9,25.95,7246.8,0,107,0,1.0
169,2,10,28.65,1539358.4,180,36,0,1.392
169,2,11,13.51,4672.0,1,109,0,1.0
169,2,12,8.75,2963439.0,372,0,0,1.434
169,2,13,16.81,724953.9,73,70,0,1.221
169,2,14,15.53,2234360.5,272,8,0,1.459
169,2,15,24.33,529995.6,56,74,0,1.462
169,2,16,27.2,2862036.0,362,0,0,1.318
169,2,17,22.13,2794319.0,345,0,0,1.424
169,2,18,7.17,3080122.0,385,0,0,1.273
169,2,19,25.2,1557507.1,191,25,0,1.408
169,2,20,14.13,0.0,0,111,0,0.0
169,2,21,13.24,998229.4,120,48,0,1.479
169,2,22,17.91,2902024.0,372,0,0,1.328
169,2,23,17.9,2714042.7,329,1,0,1.299
169,2,24,22.87,22251.4,0,109,0,1.545
169,2,25,14.85,0.0,0,117,0,0.0
169,2,26,13.33,470922.7,53,83,0,1.354
169,2,27,21.36,2546325.0,321,0,0,1.413
169,2,28,11.89,93696.1,8,104,0,1.295
169,2,29,27.14,2706767.0,338,0,0,1.333
169,2,30,26.39,0.0,0,0,0,0.0
169,2,31,12.54,0.0,0,0,0,0.0
