update,policy_loss,value_loss,entropy_sum,entropy_mean,approx_KL,clip_fraction,grad_norm,explained_variance
0,-0.006153932798620896,0.9977972521678287,25.505503401545617,1.9945722186174204,0.0021217645558424232,0.011121026400862068,0.15183553542010486,4.70140480400838e-05
1,-0.0020601060526888263,49.29979385560803,27.619321291415215,2.1349763882984725,0.0012432391557577547,0.0023488011853448273,4.631510466337204,0.0012930593700344328
2,-0.004516754367056319,25.52051984234452,32.93486948048792,2.670474481794999,0.000850349243184359,0.0013217268318965517,3.7331285774707794,0.0008313636028591809
3,-0.003357071550509702,36.918914246468404,34.86200430081226,2.7289610158336943,0.001113932663052953,0.003594760237068966,9.26016914844513,0.0007922671134107384
4,-0.001791049647498892,48.77534619114181,21.077877792401303,1.5178852081331444,0.007752406679832473,0.11741480334051725,30.668627381324768,0.0029079188422083124
5,-0.004615385459153987,14.685191607598698,23.855094776404542,1.8660429740625188,0.004151172551089609,0.04110823006465517,36.28379125893116,0.013228078812795419
6,0.0024823013954656304,6.557816036642671,19.65147853683799,1.422743807312333,0.005143133831081976,0.05931775323275862,51.46432864665985,-0.6261675821770354
7,-0.0029990694470444714,0.5839106423651451,27.494903422267868,2.2861252117476525,0.004375412371732166,0.04557011045258621,3.787838812917471,-0.7399876945702317
8,-0.005431403935144599,2.565375168048095,35.247607525526384,2.74586023314021,0.0045482900017744,0.0582654229525862,34.962088108062744,-0.5996986297536819
9,0.044685332584049706,37.899524626668935,27.504963774944592,1.9813308298621921,0.09433953700882458,0.5543170797413793,192.4455991834402,-0.2240194779289988
10,0.01353254840172969,5.192151228420846,28.577119375233828,2.1623758278713874,0.028357578229243417,0.30227134967672414,88.78910544514656,-1.0322070847143143
11,-0.0004618367224068238,1.9797375536682102,32.20370986560713,2.496049951451855,0.0016883301045866042,0.0037631330818965517,30.962799221277237,-1.127797131082068
12,-0.002737821508611464,1.0864983104590722,29.64138269714473,2.3277458962713418,0.006472801218604155,0.08938072467672414,7.965088821947575,-0.8556133203656902
13,0.00014576998430995995,1.2440847537716564,22.543533496522535,1.7131479692500855,0.004174590856439017,0.04652983566810345,21.843921273946762,-0.8114977033268536
14,-0.0015665931730381995,1.2782997461038876,32.9051022345706,2.571038251352328,0.009580588567116827,0.13360385237068967,20.40216389298439,-1.2636969969361074
15,-0.0020964997938888487,1.026659616913041,31.45383961425275,2.4325065518908024,0.003613390804746124,0.03354828933189655,7.184106230735779,-1.51688140361553
16,0.0186514098384341,0.9430315009089305,26.51481652833072,2.053573860189223,0.03345440935688736,0.34918844288793105,8.804327264428139,-1.2071247777008365
17,0.0008900738074245351,1.165798930906158,35.058704688831966,2.74520354432652,0.008968473557113863,0.12372036637931035,21.404026463627815,-0.8356793196719821
18,-0.005381514751766954,1.5218022211999491,34.90497019389194,2.7698122477299405,0.0026708645374787137,0.02478448275862069,26.980666913092136,-1.4590761786560686
19,-0.003157006827250527,0.8103911725572739,30.29369595803818,2.409616018392563,0.0028488418144567325,0.02867389547413793,9.931675918400288,-0.8284389123883245
20,0.0015007287728693568,0.6383925466869637,21.575166003710333,1.6257388866113867,0.008311936833016606,0.11633721713362069,8.940173834562302,-0.5079414107788678
21,0.008210710572419039,0.7880219089596058,23.365712162596978,1.8567363542021886,0.012299564689626629,0.16817921605603448,18.417494416236877,-0.7479678031549826
22,0.0032276173002800637,0.780981290478771,24.282553547652086,1.8559579783689295,0.008783515033679452,0.1245874865301724,14.288322761654854,-0.7226072520932854
23,-0.0019881749722955038,0.5467441499081449,25.64249222638519,2.0220147548910785,0.009684974511087761,0.13266938308189655,13.443516999483109,-0.1659104640744271
24,-0.0016188998137734198,0.5573566358394291,23.969192983951935,1.8705582986008737,0.005188425040928294,0.06388907596982758,12.890736743807793,-0.2375807657295015
25,-0.008232609229980979,1.4189032371825994,32.790471240757675,2.5821576575469627,0.007425893962700401,0.10107421875,29.957549147307873,-0.4210103639693825
26,-0.004436996108678621,2.0882963977473064,32.845350725483954,2.542669115602119,0.0034189632228688047,0.03298424030172414,46.98657934367657,-0.34578996600701717
27,0.005048362642734067,3.628407279765742,32.031832105042575,2.4892353865173487,0.014315932780124874,0.19362035290948276,65.11926198005676,-0.3785688190939507
28,0.0004828930430131424,1.0138736265226904,18.811663112769722,1.3838509618122017,0.004952945617019552,0.05626178609913793,18.88158470392227,-0.4643597091533318
29,0.006349352180714422,3.533236593550667,25.116313002993564,2.145865481317742,0.013784128207119247,0.17811321390086207,67.7596082687378,-0.28819165669203906
30,0.0071344187257355515,4.860219425718276,26.6184583323534,1.9609416015310703,0.016616997849457128,0.21159415409482757,92.12394604086876,-0.23485696679295898
31,0.015297933371929785,5.277460563133218,32.363618818280315,2.4844218013890425,0.019204150798282957,0.2516584725215517,101.30286026000977,-0.2418451108988735
32,0.014087782656579322,4.572821504849693,23.928833893652815,1.7284500514779837,0.020355211690786808,0.2677380792025862,95.8148204088211,-0.5137374774113015
33,0.015472775395059998,2.019295157251667,34.322225610540926,2.6016885412561885,0.02338122627958816,0.27473397090517243,44.477157950401306,-0.6373217363479056
34,0.0092482215865142,2.5373045770862106,29.88808358664793,2.2251928900810087,0.016572756932873745,0.20875707165948276,65.94203928112984,0.013373502157785322
35,0.024389466338215312,1.7713116869012864,20.72222170491245,1.3683755297960456,0.031704465805699425,0.3159937365301724,54.620646715164185,-0.44049101046391304
36,0.00971353730362523,1.2039903201894815,25.36816281583642,1.871935563736519,0.01170275594154975,0.15249528556034483,32.11391966044903,-0.8790701347236278
37,-0.0003878738603926373,0.9315860985182612,31.332489695086885,2.3506038970151386,0.013829080657411268,0.17591594827586207,7.50686202943325,-0.5658473931035963
38,0.019669909367528972,1.6623418861075725,34.154753783059405,2.4719075250784575,0.038915977766386084,0.30291116648706895,46.338216453790665,-0.697136093150458
39,0.0379912819793471,1.9469464957682794,24.09017984334185,1.6944961940758292,0.05436813877318416,0.42962856950431033,63.5240404009819,-0.43398055990114526
40,0.009627407938954148,2.370203538781274,28.77283800548296,2.069414394259341,0.013436244157391825,0.19274481411637928,68.4274924993515,-0.27422442994223584
41,0.0025269822158328504,1.2137078698626078,29.906570150541015,2.009559112716394,0.010111886405050835,0.13270305765086207,37.31638765335083,-0.28449631024030486
42,0.016946155657635006,0.9907866682580593,33.663938495868436,2.3860501148737967,0.021355651600029446,0.2663069100215517,26.626446962356567,-0.39176262421483043
43,-0.00034974161397715014,0.8146439966326828,28.590695084995943,1.963550973493919,0.005414431130890895,0.0668103448275862,25.314514338970184,-0.5513558474707758
44,-0.004374547127019629,1.8529867427773383,34.73927201254389,2.3823348435238083,0.005066346934121424,0.05991547683189655,57.39116007089615,0.004016171877190611
45,-0.000647634061992179,0.8281161497642997,30.66619434809023,2.0662265055605156,0.011160044941914686,0.15055057920258622,20.930529803037643,-0.09893203598219102
46,0.008127568576542225,1.226381803587567,34.647399440873414,2.5182550022547163,0.014655940664695288,0.19541352370689655,32.61441424489021,-0.29355114484253697
47,0.013368986894937214,0.6622765412663673,25.029210900253585,1.6659912269560977,0.02042354064379369,0.2617271686422414,21.930656105279922,-0.19647609764940577
48,0.0009043468055081969,1.052160296152536,34.232818418399205,2.4892694261185984,0.008028357389838644,0.11435883620689655,36.19159805774689,-0.45999349553421376
49,0.004191158801686783,0.6815630220318576,22.78780559131651,1.4602528882271208,0.010552651249123175,0.14266231142241378,15.140644699335098,0.0575568040947152
50,0.0018845524704750195,0.9321360519662312,32.241969599420656,2.275410914350028,0.011383373870369817,0.16790981950431036,24.320396184921265,0.023009192999018824
51,-0.001090413312775534,0.672683989037338,31.642453636147145,2.1813137563003693,0.005630652267678544,0.08126515355603448,18.519306361675262,0.03862254931119369
52,0.048955442588711824,5.512788290352447,24.976113906993277,1.7377027485269756,0.06633349580681233,0.47213429418103453,109.52161192893982,-0.06932743381717099
53,0.011142527512419308,0.9441751305941831,28.28178654870436,1.9005212614263591,0.013037635000916358,0.14264547413793105,33.248845130205154,-0.056138925109205706
54,-0.006872534239744647,0.9754166634608198,26.618185376929087,1.705932883412782,0.008842384505410809,0.1267594962284483,35.617127530276775,-0.22140176663907063
55,0.008036836052544207,7.8447607812495805,26.774429895987346,1.807714855824778,0.011205387534322778,0.15798424030172414,123.91344302892685,0.21336240339808477
56,2.061547743402361e-05,0.7395711178712354,31.796742086981197,2.19975131916099,0.0076274546881904826,0.10558661099137931,21.707712650299072,-0.06637757449619275
57,0.02734080753764825,3.0292310932470796,29.164266307195973,2.049159510988453,0.03706123067140338,0.3734930630387931,60.05637991428375,-0.06532453833517837
58,0.014436984259696108,2.230534122390357,33.58789642593534,2.2619811742143012,0.02535174913621098,0.3034162850215517,55.53984862565994,0.013998473095998332
59,0.001131795430722446,0.7139490246466172,27.792947769779232,1.879317289635796,0.008689854912768953,0.11734745420258622,20.24202460050583,0.09409047011309246
60,0.014279707883122938,0.8175474961239673,34.1170923956991,2.38873204073953,0.02670783327956652,0.3318797144396552,23.78836691379547,-0.08573320349385583
61,0.03643335356139821,6.486052136064641,25.841645343823295,1.6252308603238659,0.06187384557616214,0.4792564655172413,99.9618991613388,0.014440094346393373
62,0.0005643942896050424,1.7863674294894336,34.380784378740294,2.372088915467712,0.005775992319003904,0.07169315732758622,43.77662308514118,-0.0020107543381451265
63,-0.0011130331660825585,3.3586823652702047,30.848799216472703,2.0971048694306678,0.006557279091794044,0.08507879849137931,64.48013198375702,-0.021908515368401993
64,0.0055333351328601624,7.528251710539666,27.442668376723304,1.9072575267393779,0.008090800058763024,0.11621935614224137,96.16250956058502,0.13200398588216755
65,-0.0025781179885484566,3.629962767741863,33.01525314397917,2.2105918721865927,0.014310055921669118,0.20907698006465517,59.90580953657627,0.13594424532679472
66,0.008341677550940426,10.223047114053637,34.14214059371694,2.2956844506452088,0.01755367594034459,0.23768352640086207,121.02764785289764,0.03245157137764132
67,-0.0017092273474217682,0.700037231417944,32.307066458751095,2.1386696274576966,0.008341162745260778,0.1252862338362069,21.755631625652313,-0.0015658575547194964
68,0.010086188662955527,4.172784345743905,23.786324938843507,1.4410933408130249,0.016605391566278334,0.24212015086206895,87.81202268600464,0.009453360070342254
69,0.006061641089192547,1.7703174140732618,28.421799841521562,1.8806440712741561,0.017703063204204103,0.21795864762931036,53.77678686380386,-0.20801608145146155
70,-0.002777650981585112,0.9241060469085811,29.762207765935052,2.0724714489188045,0.005253727683307731,0.0595703125,32.33313873410225,-0.18079086995066795
71,-0.0012276505074306316,0.9838087628986776,29.236867230445757,1.9996351617637316,0.01148665683536694,0.17599171605603448,28.13641008734703,-0.03549305868319186
72,-0.0024168961735936446,0.6323286888122632,20.096199460553432,1.2709746058672895,0.006389211539624677,0.08118096713362069,21.1422418653965,0.002613286958436656
73,0.0021650526191537792,0.5643043208172757,30.326119029862355,2.0560222092969744,0.017286684787340446,0.22300141433189655,8.809619098901749,0.11125712296998513
74,0.009428790559256633,1.6749581782048817,19.290765206080636,1.2256529867378865,0.016091247715943106,0.21709994612068964,45.07937169075012,0.02213237129850787
75,0.011989875678452711,2.598293985489783,19.497082765868477,1.182949494089716,0.02122339267451276,0.2440227640086207,63.419114887714386,-0.03356498809482078
76,-0.0011107295732841749,0.7095919170563303,17.122766403722224,1.0579616289868023,0.005087780790275027,0.057272023168103446,18.352767139673233,0.02768211603486015
77,0.00567024937688902,0.7170595295869101,32.43495888347287,2.1481601486568627,0.02075664896381505,0.2423137796336207,17.115344747900963,0.07437456639652429
78,-0.007161460003402086,0.733517033634737,30.341213497822977,2.0413104059507843,0.009275878587404491,0.1376953125,20.466061890125275,0.06083059458715945
79,0.0029297062533980376,0.8802882466072981,19.840431528308947,1.262713699092211,0.007617882769032991,0.10026602909482758,28.537451416254044,0.13377060640499527
80,0.002708050654546397,2.950186035310775,30.378556889827074,1.984951018285536,0.014325675994643523,0.2041941675646552,69.14813309907913,0.06648256314052559
81,0.012135141132730084,11.005791030771558,23.54630882248427,1.5995887152585682,0.01783529301434916,0.24533607219827586,117.54532420635223,0.03508520387972269
82,-0.00444132832729857,0.9739330077802071,18.603740186130693,1.148078227750751,0.006210439546928934,0.07884058459051724,26.690177217125893,-0.00523083390184409
83,-0.0007394972519019294,8.333968733637189,31.980285183213457,2.091243782855474,0.0059362042886967736,0.08422009698275862,109.89027559757233,-0.014663635798745078
84,-0.0008930406591924444,0.631458098154159,26.364868490450917,1.6687747571398583,0.010504565457612726,0.14820177801724138,15.071741700172424,-0.04948682944872029
85,0.007487398783015955,0.6872738841846653,29.458130767576975,1.8694178802207122,0.022725539655296195,0.2568275188577586,19.85054025053978,0.10721695241355933
86,0.010054766044757359,0.9398648059355338,22.332644758105744,1.3932403510693332,0.022792564751680715,0.2700532058189655,26.146296322345734,-0.007071657433721068
87,-0.0018812013628770156,1.5744935466653878,29.27048459749444,1.925291034164196,0.007775355957384254,0.0977404364224138,40.13965600728989,-0.09360759294340704
88,0.00566676931386947,7.805962831267852,25.861204552978023,1.722516806263292,0.015320033458731909,0.19266062769396552,97.52890357375145,0.05305917530863502
89,-0.006108186571598763,1.034453846099771,29.67073448744185,1.993355865521027,0.008289398630009161,0.1166150323275862,22.772491231560707,-0.011791761408232793
90,0.005222508458475345,0.5395524752570409,24.1276177823953,1.5387305472952368,0.025903038413977404,0.28656216325431033,7.977724611759186,0.15565038354883542
91,0.08864845778340857,4.762153555355515,32.02372806832387,2.08017636798543,0.1420406214895373,0.6009647764008621,74.80729296803474,0.11106930324605901
92,0.0007491964609487008,2.79551368580744,26.083783027872542,1.5920841145082798,0.0047133494964359205,0.060285897090517244,63.64862251281738,0.03510312286796924
93,0.001610384133220677,2.1179406428274974,31.7880272083707,2.0017180200726403,0.005263730902666354,0.06014278017241379,54.67666882276535,0.10074985931597857
94,0.009799878028648984,1.741391989804095,23.915833149004953,1.441023428553308,0.02194406436771307,0.21361462823275862,47.65789148211479,-0.045878478809459056
95,0.004837046012551518,0.9345872813742593,19.57952071751813,1.2001850605905426,0.015242717842519252,0.18903219288793105,25.165920853614807,0.11306898180209557
96,0.003550893769940934,1.7213646866732448,29.42372369608874,1.8114715403965513,0.01232160234137374,0.17910661368534483,43.57656925916672,-0.052173216925132326
97,0.003925408105866475,1.5329985951720453,31.179155651752936,2.0012252583446437,0.00912549288151585,0.1356159078663793,35.06403321027756,-0.07898263608587053
98,0.019185509808962296,4.333930802554333,21.467852512824123,1.338814427997367,0.033967743350989746,0.3023807920258621,89.27305352687836,-0.00815883404674822
99,0.009414430749396569,1.3696114037873524,23.91185283194826,1.4471823665901018,0.02112587894752606,0.2551606276939655,39.146036028862,0.11089675317576542
100,-0.006573208502486556,0.8032072529698664,30.01755573733806,1.8920443217558105,0.006157074426702255,0.08074319773706896,21.842324391007423,0.00045712501230665836
101,0.00013734528670492183,0.5182939335411627,31.070872553214752,1.9668172081548054,0.01573065636179747,0.22083782327586207,8.417607098817825,-0.0013548906141083172
102,0.014245851011537525,1.070794385468397,31.61894839618291,1.982474201190755,0.02507458691478201,0.2998636179956896,26.239523768424988,0.18476919093204802
103,-0.0027916766655864227,1.4412501813161334,30.21044160919425,1.928683450036072,0.010231687410098325,0.15033169450431033,34.82962507009506,-0.07255322148142129
104,0.011073890430536878,5.7529230165145036,27.907777193283408,1.7830581715177938,0.014597644903476287,0.1963732489224138,97.09426683187485,0.05317325484121982
105,-0.0006868684808049683,4.967510382015676,30.153878369352555,1.8255099010124907,0.013004496941244599,0.18896484375,85.71739250421524,0.05746083162698423
106,0.00019061095548522644,1.213622272617036,24.85253597632982,1.5122041564647024,0.004840780469811731,0.06548019935344827,34.33125740289688,-0.22823366818737556
107,0.005788358228217844,2.3434808433170664,32.323412608933346,2.038516166679168,0.012479082496078073,0.17306202855603448,54.407460421323776,-0.028606346538572414
108,-0.002982082958468404,1.0092862707330847,30.730586072518328,1.9390760294276146,0.00707410446293893,0.09487809806034483,26.240552842617035,0.01102368277349064
109,0.017121725115704478,4.714523855637098,20.3520763460908,1.2779675133058155,0.021608204146167705,0.2786402209051724,80.2350400686264,0.1445144657322165
110,-0.00040619574922167497,0.8096083354883288,17.82955304271108,1.0873714059757886,0.011907524299799818,0.16221039870689655,17.518459409475327,-0.018629165417247684
111,0.028015811854999254,3.304128682576741,28.85664649950822,1.7853815039561596,0.04113201012559925,0.39688005118534486,62.93515110015869,0.1579036124573543
112,0.0044488684367543635,0.8075187362392722,28.742028023573923,1.8161634959642783,0.019505078410318295,0.20411839978448276,17.197074830532074,-0.11542788914306068
113,0.04776660472291099,1.164262654617,24.020361626075164,1.4514024646918626,0.06803847594083295,0.5073747306034483,34.1817085146904,-0.229410995763484
114,0.036717883838222595,3.9050087400257922,25.526884276451995,1.627505332228511,0.054915417745962314,0.4295443830818966,74.5753643810749,0.08266204159171187
115,0.003008983986748211,1.5472354553704188,23.324101753947367,1.452714985681927,0.01645125467244913,0.20992726293103448,35.7065462321043,0.0058741555644113985
116,0.0012681807944491747,1.1163242057716731,28.233117423758937,1.80618495844427,0.011954879389718528,0.16535055226293105,24.13176703453064,0.06699624014105576
117,0.01065397216863195,0.4515109452486643,25.147408267748062,1.5555145633452099,0.03584565395945462,0.34685647898706895,7.914403334259987,0.11767195053700419
118,0.001298604431851388,0.7763566102902049,29.7952363404911,1.8666642790565926,0.02249225271702142,0.3105552936422414,7.716376528143883,0.08553709787689223
119,0.00025383229015574216,0.6435959607604329,21.81565360557529,1.319747728363868,0.016624855492535,0.19785492995689652,5.309203609824181,-0.09315663186650602
120,-0.0020192266213217257,2.1476200336367848,27.760026905749893,1.723712145990154,0.006230030833053049,0.07597824622844827,43.84400773048401,-0.03779226243662093
121,-0.003213555333744257,0.6556247384694367,21.920430548340562,1.3167704890117327,0.01123915599073998,0.16444975754310345,14.566482126712799,0.09885147695372587
122,-0.004471740268096208,2.125018374304524,28.580613355240622,1.7367368753214671,0.004033908790884668,0.04257307381465517,43.398026168346405,0.0029619884624945136
123,-0.006488059108094805,0.9954383381056265,28.15203475074618,1.7547279446865514,0.008500578106232469,0.12730670797413793,12.899912267923355,0.05338225053193557
124,-0.0012961155749266345,0.7145226179290393,22.4777897511075,1.38831961823247,0.010640487000085252,0.15145979256465517,13.619688272476196,0.013332447702103734
125,0.007366351572045214,0.968282827968032,18.563724274145926,1.1205786121098409,0.012800968910471118,0.1690631734913793,27.731841176748276,0.02309991522668975
126,0.00035062303839461864,0.8645730405291662,25.31001958305594,1.5195821013541466,0.008866706613405079,0.12517679148706898,22.33032837510109,0.00411477180759523
127,0.0037219212112992207,1.262764979987939,27.40772463933661,1.7214223125965558,0.010476349114344037,0.15003704202586204,33.89482036232948,0.004162399631991942
128,0.000768062395228389,0.5779352008091252,17.94196579628624,1.0857127797861377,0.009948818376368105,0.1302448141163793,11.145660012960434,0.026561817376017482
129,-0.0008699694637455437,1.6280908887391758,25.9380891079902,1.6334439182467357,0.0135585899017691,0.2067450161637931,40.5538332760334,0.015003073310340231
130,0.012563595656441238,2.7250028407805518,25.765024336918003,1.6731007562715416,0.01890099691357544,0.2500757677801724,55.04506254196167,-0.11071334172872693
131,0.018824685637417033,1.288799117901555,25.766907110721963,1.6260574552715266,0.03316504350368632,0.3056135506465517,34.92539393901825,-0.21138923314888558
132,-0.004226597835831814,1.3181985510848289,23.955049100448377,1.4643400341627621,0.008582537786549375,0.11259933997844827,28.14985364675522,0.005402028254854585
133,-0.000920529614144381,1.010061676507421,22.338581848397833,1.320539607723135,0.01124310032198615,0.1591375942887931,27.623280584812164,0.018210379146743616
130,0.012563595656441238,2.7250028407805518,25.765024336918003,1.6731007562715416,0.01890099691357544,0.2500757677801724,55.04506254196167,-0.11071334172872693
131,0.018824685637417033,1.288799117901555,25.766907110721963,1.6260574552715266,0.03316504350368632,0.3056135506465517,34.92539393901825,-0.21138923314888558
132,-0.004226597835831814,1.3181985510848289,23.955049100448377,1.4643400341627621,0.008582537786549375,0.11259933997844827,28.14985364675522,0.005402028254854585
133,-0.000920529614144381,1.010061676507421,22.338581848397833,1.320539607723135,0.01124310032198615,0.1591375942887931,27.623280584812164,0.018210379146743616
134,-0.0005007955952228034,3.8212189482913668,19.46889357008682,1.1827784102015673,0.012299168618106893,0.16722790948275862,70.51083999872208,0.15501538555442873
135,-0.0038414742767689976,1.8250757720669508,27.857776300186806,1.7063905271974487,0.004420138075084682,0.0461004849137931,35.845871299505234,0.13965941631431456
136,0.0023614121192516557,3.740196963094156,30.249502583479124,1.840968541659471,0.011085995782070375,0.16078764816810345,60.31837755441666,0.08095711094257396
137,0.009500041172666169,2.48753097252198,23.25570864610952,1.415655955172481,0.02284635756222997,0.2667867726293104,45.52183622121811,0.01995197050715858
138,-0.011089210664176435,0.7637990436330437,25.58176008713078,1.5604893672114422,0.011725087617503897,0.1664618130387931,17.35344608128071,0.008090608709609315
139,0.013330018058030253,10.974732274682896,19.349485792544797,1.1958685104438136,0.017181942532198295,0.20830246497844826,101.02625900506973,0.10596539701088525
140,-0.002003913428156117,2.14081755166277,26.82448288029991,1.6864543864684147,0.01153801869102232,0.17762493265086204,37.14572751522064,-0.009758063520197036
141,-0.009134767301777813,0.7793773748795019,23.449825772979487,1.4536113662952317,0.01107022382824778,0.1630438442887931,11.17883376777172,-0.008379134799746168
142,-0.0013767659157244037,1.4432695386184125,27.46995802572527,1.706419493805352,0.00893596585504791,0.12625437769396552,25.899463802576065,0.06410743081379766
143,-0.005686678762331134,1.8403536686582167,26.80631466222333,1.6727469895779685,0.012119558272263083,0.19102741109913793,35.1680511534214,0.006310278732312713
144,-0.006229465517125829,0.9080686095069712,24.884444437796603,1.5364925567414973,0.0092861601507797,0.1339490167025862,18.536922305822372,0.055095898671515875
145,0.0076958921666516735,2.459573804959086,16.03933087774906,0.9845364303004442,0.012616763703559188,0.17906452047413793,43.22948718816042,0.08392338802151111
146,0.003884697803253041,3.054236783044736,27.1332081665028,1.6860107276365381,0.020765924964758473,0.2923120959051724,52.111362874507904,0.026393985873014225
147,0.007488290074006885,1.1157240844313268,25.235159010497917,1.5210598640225161,0.0151610750580058,0.1745184536637931,24.93106472492218,0.054707529513227326
148,0.027474580317115152,0.705441080312911,26.4844034202156,1.618829325038201,0.04087041337095735,0.4139614762931034,12.836529910564423,-0.027804272901909677
149,0.010685755414878737,3.083886914753579,21.05246797291931,1.2823254245048357,0.028531490635063605,0.2944925242456896,47.46346393227577,0.06770224191501595
150,-0.007750120438117847,0.7738701660537552,22.629932497917064,1.3331671171542658,0.012426766357434803,0.17881196120689655,15.504655748605728,0.03604939707657173
151,0.011155326740537503,0.8902490713058436,27.08616590494258,1.672244312185473,0.02678338766217448,0.3234526535560345,19.900343239307404,0.15288377497192807
152,0.01219868853693121,7.728209102445396,25.4346096601843,1.4923809705385416,0.023556787319930977,0.3033405172413793,94.35850557684898,0.05249743689233588
153,-0.0029109691325915855,2.634617662563108,20.083009878273828,1.2243229018565436,0.010932919146806195,0.15329505657327586,49.07354211807251,-0.09050573299821041
154,0.00907714621992688,30.887758708547643,17.92980714595941,1.1187526762497044,0.015073539262410686,0.21271383351293105,191.7036681175232,0.05533734932857115
155,-0.005097471849828396,1.567315940855129,15.891071891953068,0.9528187288682884,0.006016451056548876,0.07266130118534482,26.646640852093697,0.07204787663469137
156,-0.005288219667161945,1.292393527800564,19.497983510300905,1.1869166169595577,0.0121887291724902,0.169921875,25.090513721108437,0.020474296066404052
157,0.0014283474997839603,2.5312278110401625,19.48905166485026,1.1959059641175656,0.013146880422498036,0.1846965921336207,33.619722694158554,0.010692626387420079
158,-0.0012343051830836747,0.3647070327857195,15.062423617992643,0.9096005909050526,0.016889238347708856,0.21409449084051724,6.924574226140976,-0.023714361334930878
159,0.022830228688835164,2.72685812163408,16.68959517630042,1.0441019562000795,0.03798218548061037,0.348388671875,29.985730051994324,-0.048164044138353956
160,-0.002133111033636655,0.944474810823594,20.879496789557443,1.27168261568621,0.015029552432804785,0.18467975484913796,12.357129245996475,0.04773838602726821
161,-0.008894581317301035,0.9509889304383404,28.642523375163176,1.787950332496307,0.015113477653107235,0.20273774245689657,7.901256702840328,0.0074020295310054385
162,0.011890986156703906,10.432269205021546,25.613232128081265,1.5290007252012308,0.016759402493209626,0.22141870959051724,64.93654465675354,-0.002741581211397781
163,0.014709340715934958,13.22646525848902,19.68819324084927,1.214428393802995,0.01630119285656637,0.2279431573275862,89.96083027124405,0.054392860398492004
164,0.020512281094048474,23.1158242256215,18.898841503654317,1.1972257629065004,0.029159994577890633,0.33864830280172414,73.68269681930542,-0.0017129473772219406
165,0.04787794867638695,14.589967523984015,23.514053658365498,1.4966674586030422,0.054207107488137216,0.3957856276939655,28.40102070569992,0.03974915350240171
166,-0.005847316436388453,0.950151615699595,20.520252516573485,1.2811835245706003,0.01156964345613358,0.1588850350215517,2.2690616585314274,-0.0009400774847243554
167,0.011088178409500278,20.79940886185303,20.177458320091507,1.1901785974973005,0.04370993246065437,0.36508283943965514,11.037444055080414,-0.0043074779868816915
168,-0.009599274223826969,1.2198452480043438,15.622059462179534,0.9376474733800055,0.013216688249517102,0.1835011449353448,4.221650771796703,0.005275224486227081
169,-0.006684791252546063,1.3936211970350856,26.27150945029029,1.590677217470486,0.012726545767158126,0.18213732489224138,5.884307324886322,0.013785739608159764
170,-0.003147867629808415,2.0486115266192364,16.810757759317216,1.018322772958621,0.007672696657115514,0.09857388200431035,11.384217366576195,-0.03366576005492239
171,-0.01146234164191027,0.6726801039965877,21.70927243500723,1.2890252240221938,0.009791501390783854,0.1376953125,3.4319510459899902,0.061447036356755524
172,0.00013350733069399188,1.3301653693582207,20.58737349443154,1.2597566840614207,0.010273571617917383,0.14260338092672414,10.736531503498554,0.020128739920221794
