recipe,evaluation,world,status,n,expected_n,complete,missing_seeds,unexpected_seeds,notes
base,historical_headline_20000_20099,in_distribution,available,100,100,True,[],[],"Historical headline; already inspected, not a new blind test."
lrann,historical_headline_20000_20099,in_distribution,missing,0,100,False,"[20000, 20001, 20002, 20003, 20004, 20005, 20006, 20007, 20008, 20009, 20010, 20011, 20012, 20013, 20014, 20015, 20016, 20017, 20018, 20019, 20020, 20021, 20022, 20023, 20024, 20025, 20026, 20027, 20028, 20029, 20030, 20031, 20032, 20033, 20034, 20035, 20036, 20037, 20038, 20039, 20040, 20041, 20042, 20043, 20044, 20045, 20046, 20047, 20048, 20049, 20050, 20051, 20052, 20053, 20054, 20055, 20056, 20057, 20058, 20059, 20060, 20061, 20062, 20063, 20064, 20065, 20066, 20067, 20068, 20069, 20070, 20071, 20072, 20073, 20074, 20075, 20076, 20077, 20078, 20079, 20080, 20081, 20082, 20083, 20084, 20085, 20086, 20087, 20088, 20089, 20090, 20091, 20092, 20093, 20094, 20095, 20096, 20097, 20098, 20099]",[],No preserved result in this band; compare recipes in the separate reused21000 band.
narrow,historical_headline_20000_20099,in_distribution,missing,0,100,False,"[20000, 20001, 20002, 20003, 20004, 20005, 20006, 20007, 20008, 20009, 20010, 20011, 20012, 20013, 20014, 20015, 20016, 20017, 20018, 20019, 20020, 20021, 20022, 20023, 20024, 20025, 20026, 20027, 20028, 20029, 20030, 20031, 20032, 20033, 20034, 20035, 20036, 20037, 20038, 20039, 20040, 20041, 20042, 20043, 20044, 20045, 20046, 20047, 20048, 20049, 20050, 20051, 20052, 20053, 20054, 20055, 20056, 20057, 20058, 20059, 20060, 20061, 20062, 20063, 20064, 20065, 20066, 20067, 20068, 20069, 20070, 20071, 20072, 20073, 20074, 20075, 20076, 20077, 20078, 20079, 20080, 20081, 20082, 20083, 20084, 20085, 20086, 20087, 20088, 20089, 20090, 20091, 20092, 20093, 20094, 20095, 20096, 20097, 20098, 20099]",[],No preserved result in this band; compare recipes in the separate reused21000 band.
base,reused_comparison_21000_21099,in_distribution,available,100,100,True,[],[],"Previously used comparison band; fixed policies, not fresh blind evaluation."
lrann,reused_comparison_21000_21099,in_distribution,available,100,100,True,[],[],"Previously used comparison band; fixed policies, not fresh blind evaluation."
narrow,reused_comparison_21000_21099,in_distribution,available,100,100,True,[],[],"Previously used comparison band; fixed policies, not fresh blind evaluation."
base,independent_training_seeds,in_distribution,available,4,,True,[],[],Episode CIs cannot replace independent training-seed replication.
lrann,independent_training_seeds,in_distribution,single_seed_only,1,,False,[],[],Episode CIs cannot replace independent training-seed replication.
narrow,independent_training_seeds,in_distribution,single_seed_only,1,,False,[],[],Episode CIs cannot replace independent training-seed replication.
base,historical_ood_30000_30099,P055,available,100,100,True,[],[],Merged Base evidence stores reward rounded to0.1; other metrics unavailable in this table.
narrow,historical_ood_30000_30099,P055,available,100,100,True,[],[],"Preserved NARROW evaluation, already inspected."
lrann,historical_ood_30000_30099,P055,missing,0,100,False,"[30000, 30001, 30002, 30003, 30004, 30005, 30006, 30007, 30008, 30009, 30010, 30011, 30012, 30013, 30014, 30015, 30016, 30017, 30018, 30019, 30020, 30021, 30022, 30023, 30024, 30025, 30026, 30027, 30028, 30029, 30030, 30031, 30032, 30033, 30034, 30035, 30036, 30037, 30038, 30039, 30040, 30041, 30042, 30043, 30044, 30045, 30046, 30047, 30048, 30049, 30050, 30051, 30052, 30053, 30054, 30055, 30056, 30057, 30058, 30059, 30060, 30061, 30062, 30063, 30064, 30065, 30066, 30067, 30068, 30069, 30070, 30071, 30072, 30073, 30074, 30075, 30076, 30077, 30078, 30079, 30080, 30081, 30082, 30083, 30084, 30085, 30086, 30087, 30088, 30089, 30090, 30091, 30092, 30093, 30094, 30095, 30096, 30097, 30098, 30099]",[],No packaged LRANN OOD result; shared evaluator can generate it.
base,historical_ood_30000_30099,P010,available,100,100,True,[],[],Merged Base evidence stores reward rounded to0.1; other metrics unavailable in this table.
narrow,historical_ood_30000_30099,P010,available,100,100,True,[],[],"Preserved NARROW evaluation, already inspected."
lrann,historical_ood_30000_30099,P010,missing,0,100,False,"[30000, 30001, 30002, 30003, 30004, 30005, 30006, 30007, 30008, 30009, 30010, 30011, 30012, 30013, 30014, 30015, 30016, 30017, 30018, 30019, 30020, 30021, 30022, 30023, 30024, 30025, 30026, 30027, 30028, 30029, 30030, 30031, 30032, 30033, 30034, 30035, 30036, 30037, 30038, 30039, 30040, 30041, 30042, 30043, 30044, 30045, 30046, 30047, 30048, 30049, 30050, 30051, 30052, 30053, 30054, 30055, 30056, 30057, 30058, 30059, 30060, 30061, 30062, 30063, 30064, 30065, 30066, 30067, 30068, 30069, 30070, 30071, 30072, 30073, 30074, 30075, 30076, 30077, 30078, 30079, 30080, 30081, 30082, 30083, 30084, 30085, 30086, 30087, 30088, 30089, 30090, 30091, 30092, 30093, 30094, 30095, 30096, 30097, 30098, 30099]",[],No packaged LRANN OOD result; shared evaluator can generate it.
base,historical_ood_30000_30099,V60max,available,100,100,True,[],[],Merged Base evidence stores reward rounded to0.1; other metrics unavailable in this table.
narrow,historical_ood_30000_30099,V60max,available,100,100,True,[],[],"Preserved NARROW evaluation, already inspected."
lrann,historical_ood_30000_30099,V60max,missing,0,100,False,"[30000, 30001, 30002, 30003, 30004, 30005, 30006, 30007, 30008, 30009, 30010, 30011, 30012, 30013, 30014, 30015, 30016, 30017, 30018, 30019, 30020, 30021, 30022, 30023, 30024, 30025, 30026, 30027, 30028, 30029, 30030, 30031, 30032, 30033, 30034, 30035, 30036, 30037, 30038, 30039, 30040, 30041, 30042, 30043, 30044, 30045, 30046, 30047, 30048, 30049, 30050, 30051, 30052, 30053, 30054, 30055, 30056, 30057, 30058, 30059, 30060, 30061, 30062, 30063, 30064, 30065, 30066, 30067, 30068, 30069, 30070, 30071, 30072, 30073, 30074, 30075, 30076, 30077, 30078, 30079, 30080, 30081, 30082, 30083, 30084, 30085, 30086, 30087, 30088, 30089, 30090, 30091, 30092, 30093, 30094, 30095, 30096, 30097, 30098, 30099]",[],No packaged LRANN OOD result; shared evaluator can generate it.
base,historical_ood_30000_30099,CSI02,available,100,100,True,[],[],Merged Base evidence stores reward rounded to0.1; other metrics unavailable in this table.
narrow,historical_ood_30000_30099,CSI02,available,100,100,True,[],[],"Preserved NARROW evaluation, already inspected."
lrann,historical_ood_30000_30099,CSI02,missing,0,100,False,"[30000, 30001, 30002, 30003, 30004, 30005, 30006, 30007, 30008, 30009, 30010, 30011, 30012, 30013, 30014, 30015, 30016, 30017, 30018, 30019, 30020, 30021, 30022, 30023, 30024, 30025, 30026, 30027, 30028, 30029, 30030, 30031, 30032, 30033, 30034, 30035, 30036, 30037, 30038, 30039, 30040, 30041, 30042, 30043, 30044, 30045, 30046, 30047, 30048, 30049, 30050, 30051, 30052, 30053, 30054, 30055, 30056, 30057, 30058, 30059, 30060, 30061, 30062, 30063, 30064, 30065, 30066, 30067, 30068, 30069, 30070, 30071, 30072, 30073, 30074, 30075, 30076, 30077, 30078, 30079, 30080, 30081, 30082, 30083, 30084, 30085, 30086, 30087, 30088, 30089, 30090, 30091, 30092, 30093, 30094, 30095, 30096, 30097, 30098, 30099]",[],No packaged LRANN OOD result; shared evaluator can generate it.
base,historical_ood_30000_30099,D26,available,100,100,True,[],[],Merged Base evidence stores reward rounded to0.1; other metrics unavailable in this table.
narrow,historical_ood_30000_30099,D26,invalid_protocol,100,100,True,[],[],D26 changes policy deadline normalization to/6; strict /12 rerun required.
lrann,historical_ood_30000_30099,D26,missing,0,100,False,"[30000, 30001, 30002, 30003, 30004, 30005, 30006, 30007, 30008, 30009, 30010, 30011, 30012, 30013, 30014, 30015, 30016, 30017, 30018, 30019, 30020, 30021, 30022, 30023, 30024, 30025, 30026, 30027, 30028, 30029, 30030, 30031, 30032, 30033, 30034, 30035, 30036, 30037, 30038, 30039, 30040, 30041, 30042, 30043, 30044, 30045, 30046, 30047, 30048, 30049, 30050, 30051, 30052, 30053, 30054, 30055, 30056, 30057, 30058, 30059, 30060, 30061, 30062, 30063, 30064, 30065, 30066, 30067, 30068, 30069, 30070, 30071, 30072, 30073, 30074, 30075, 30076, 30077, 30078, 30079, 30080, 30081, 30082, 30083, 30084, 30085, 30086, 30087, 30088, 30089, 30090, 30091, 30092, 30093, 30094, 30095, 30096, 30097, 30098, 30099]",[],No packaged LRANN OOD result; shared evaluator can generate it.
base,historical_ood_30000_30099,STORM2,available,100,100,True,[],[],Merged Base evidence stores reward rounded to0.1; other metrics unavailable in this table.
narrow,historical_ood_30000_30099,STORM2,available,100,100,True,[],[],"Preserved NARROW evaluation, already inspected."
lrann,historical_ood_30000_30099,STORM2,missing,0,100,False,"[30000, 30001, 30002, 30003, 30004, 30005, 30006, 30007, 30008, 30009, 30010, 30011, 30012, 30013, 30014, 30015, 30016, 30017, 30018, 30019, 30020, 30021, 30022, 30023, 30024, 30025, 30026, 30027, 30028, 30029, 30030, 30031, 30032, 30033, 30034, 30035, 30036, 30037, 30038, 30039, 30040, 30041, 30042, 30043, 30044, 30045, 30046, 30047, 30048, 30049, 30050, 30051, 30052, 30053, 30054, 30055, 30056, 30057, 30058, 30059, 30060, 30061, 30062, 30063, 30064, 30065, 30066, 30067, 30068, 30069, 30070, 30071, 30072, 30073, 30074, 30075, 30076, 30077, 30078, 30079, 30080, 30081, 30082, 30083, 30084, 30085, 30086, 30087, 30088, 30089, 30090, 30091, 30092, 30093, 30094, 30095, 30096, 30097, 30098, 30099]",[],No packaged LRANN OOD result; shared evaluator can generate it.
base,historical_ood_30000_30099,K8,available,100,100,True,[],[],Merged Base evidence stores reward rounded to0.1; other metrics unavailable in this table.
narrow,historical_ood_30000_30099,K8,available,100,100,True,[],[],"Preserved NARROW evaluation, already inspected."
lrann,historical_ood_30000_30099,K8,missing,0,100,False,"[30000, 30001, 30002, 30003, 30004, 30005, 30006, 30007, 30008, 30009, 30010, 30011, 30012, 30013, 30014, 30015, 30016, 30017, 30018, 30019, 30020, 30021, 30022, 30023, 30024, 30025, 30026, 30027, 30028, 30029, 30030, 30031, 30032, 30033, 30034, 30035, 30036, 30037, 30038, 30039, 30040, 30041, 30042, 30043, 30044, 30045, 30046, 30047, 30048, 30049, 30050, 30051, 30052, 30053, 30054, 30055, 30056, 30057, 30058, 30059, 30060, 30061, 30062, 30063, 30064, 30065, 30066, 30067, 30068, 30069, 30070, 30071, 30072, 30073, 30074, 30075, 30076, 30077, 30078, 30079, 30080, 30081, 30082, 30083, 30084, 30085, 30086, 30087, 30088, 30089, 30090, 30091, 30092, 30093, 30094, 30095, 30096, 30097, 30098, 30099]",[],No packaged LRANN OOD result; shared evaluator can generate it.
base,historical_ood_30000_30099,K48,available,100,100,True,[],[],Merged Base evidence stores reward rounded to0.1; other metrics unavailable in this table.
narrow,historical_ood_30000_30099,K48,available,100,100,True,[],[],"Preserved NARROW evaluation, already inspected."
lrann,historical_ood_30000_30099,K48,missing,0,100,False,"[30000, 30001, 30002, 30003, 30004, 30005, 30006, 30007, 30008, 30009, 30010, 30011, 30012, 30013, 30014, 30015, 30016, 30017, 30018, 30019, 30020, 30021, 30022, 30023, 30024, 30025, 30026, 30027, 30028, 30029, 30030, 30031, 30032, 30033, 30034, 30035, 30036, 30037, 30038, 30039, 30040, 30041, 30042, 30043, 30044, 30045, 30046, 30047, 30048, 30049, 30050, 30051, 30052, 30053, 30054, 30055, 30056, 30057, 30058, 30059, 30060, 30061, 30062, 30063, 30064, 30065, 30066, 30067, 30068, 30069, 30070, 30071, 30072, 30073, 30074, 30075, 30076, 30077, 30078, 30079, 30080, 30081, 30082, 30083, 30084, 30085, 30086, 30087, 30088, 30089, 30090, 30091, 30092, 30093, 30094, 30095, 30096, 30097, 30098, 30099]",[],No packaged LRANN OOD result; shared evaluator can generate it.
base,historical_ood_30000_30099,K60,available,100,100,True,[],[],Merged Base evidence stores reward rounded to0.1; other metrics unavailable in this table.
narrow,historical_ood_30000_30099,K60,available,100,100,True,[],[],"Preserved NARROW evaluation, already inspected."
lrann,historical_ood_30000_30099,K60,missing,0,100,False,"[30000, 30001, 30002, 30003, 30004, 30005, 30006, 30007, 30008, 30009, 30010, 30011, 30012, 30013, 30014, 30015, 30016, 30017, 30018, 30019, 30020, 30021, 30022, 30023, 30024, 30025, 30026, 30027, 30028, 30029, 30030, 30031, 30032, 30033, 30034, 30035, 30036, 30037, 30038, 30039, 30040, 30041, 30042, 30043, 30044, 30045, 30046, 30047, 30048, 30049, 30050, 30051, 30052, 30053, 30054, 30055, 30056, 30057, 30058, 30059, 30060, 30061, 30062, 30063, 30064, 30065, 30066, 30067, 30068, 30069, 30070, 30071, 30072, 30073, 30074, 30075, 30076, 30077, 30078, 30079, 30080, 30081, 30082, 30083, 30084, 30085, 30086, 30087, 30088, 30089, 30090, 30091, 30092, 30093, 30094, 30095, 30096, 30097, 30098, 30099]",[],No packaged LRANN OOD result; shared evaluator can generate it.
